action_id,monarch_eid,polity_id,target_eid,target_kind,action_type,actor_role,action_label,action_date_text,date_precision,start_year,end_year,evidence_source_eid,evidence_field,evidence_text,certainty,review_status,note
ROYAL_ACTION_GWANGHAE_SEONHYE,E0005335,AKS_POLITY_JOSEON,E0014246,POLICY,PILOTED_PRECURSOR,REIGN_CONTEXT,선혜법이라는 대동법의 시험적 선행 형태를 경기도에서 실시,광해군 즉위 초,APPROXIMATE,1608,,E0014246,summary,광해군 즉위 초에 선혜법(宣惠法)이라는 이름으로 경기도에서 제도의 시험적 형태를 실시했다.,HIGH,CURATED,선혜법과 대동법을 동일시하지 않고 선행 형태로 연결
ROYAL_ACTION_HYOJONG_DAEDONG,E0065706,AKS_POLITY_JOSEON,E0014246,POLICY,REIMPLEMENTED_AND_EXPANDED,REIGN_CONTEXT,대동법 시행 세칙을 보완하여 충청도에서 재실시,1654년(효종 5),EXACT_YEAR,1654,1654,E0014246,summary,1654년(효종 5)에 조익(趙翼) · 김육(金堉) 등이 대동법 시행 세칙을 수정·보완하여 충청도에서 다시 실시하였고 대동법은 그 성공적인 결과를 토대로 각도에 순조롭게 확대되었다.,HIGH,CURATED,실무 주체는 조익과 김육이므로 왕의 직접 시행으로 표현하지 않음
ROYAL_ACTION_SEJO_GYEONGGUK,E0029849,AKS_POLITY_JOSEON,E0002296,LEGAL_CODE,INITIATED_COMPILATION,INITIATOR,육전상정소를 설치하고 경국대전 편찬에 착수,세조 즉위 직후,APPROXIMATE,1455,,E0002296,body,이에 따라 당시까지의 모든 법을 전체적으로 조화시켜 만세성법(萬世成法)을 이룩하기 위해 육전상정소(六典詳定所)를 설치 통일 법전 편찬에 착수하였다.,HIGH,CURATED,세조대 편찬 착수와 성종대 최종 완성을 분리
ROYAL_ACTION_SEONGJONG_GYEONGGUK,E0029554,AKS_POLITY_JOSEON,E0002296,LEGAL_CODE,COMPLETED_AND_PROMULGATED,ROYAL_SPONSOR,경국대전을 완성하고 반포,성종 재위 중,REIGN_ONLY,1485,1485,E0029554,summary,『경국대전』 완성·반포 『대전속록』 완성 등 통치의 전거가 되는 법제를 완비했고 토지의 세습·겸병 및 관리들의 수탈을 방지하기 위하여 관수관급제를 실시하여 민생 안정을 도모했다.,HIGH,CURATED,최종 완성 연도는 경국대전 문서의 을사대전 설명과 함께 사용
ROYAL_ACTION_SEJONG_HANGEUL_CREATE,E0029857,AKS_POLITY_JOSEON,E0061508,WRITING_SYSTEM,CREATED,DIRECT_CREATOR,훈민정음이라는 이름으로 새 문자를 창제,1443년(세종 25) 겨울,EXACT_YEAR,1443,1443,E0065805,body,이어 세종이 1443년(세종 25) 겨울에 훈민정음을 창제하였다는 것,HIGH,CURATED,훈민정음 해례본 문헌이 아니라 문자 개념인 한글 E0061508을 대상으로 연결
ROYAL_ACTION_SEJONG_HANGEUL_PROMULGATE,E0029857,AKS_POLITY_JOSEON,E0061508,WRITING_SYSTEM,PROMULGATED,PROMULGATOR,훈민정음을 반포,1446년(세종 28),EXACT_YEAR,1446,1446,E0061508,definition,조선의 제4대 임금인 세종대왕이 훈민정음이라는 이름으로 창제하여 1446년(세종 28년)에 반포한 우리나라 고유의 문자.,HIGH,CURATED,창제와 반포를 별도 행위로 보존
ROYAL_ACTION_SEJONG_HUNMIN_PREFACE,E0029857,AKS_POLITY_JOSEON,E0065805,DOCUMENT,AUTHORED_ROYAL_PREFACE,PREFACE_AUTHOR,훈민정음 해례본 어제서문에서 창제 목적을 밝힘,1446년(세종 28),EXACT_YEAR,1446,1446,E0065805,body,"세종어제 서문에서는, 표기수단을 가지지 못한 비지식층 백성들에게 표기수단을 가지게 하기 위하여 세종이 친히 훈민정음을 창제하였다고 창제목적이 밝혀져 있다.",HIGH,CURATED,문자 창제와 해례본 전체 집필을 구분하고 세종이 작성한 어제서문으로 연결
ROYAL_ACTION_SEONDEOK_CHEOMSEONGDAE,E0028652,AKS_POLITY_SILLA,E0002925,CULTURAL_HERITAGE,CONSTRUCTION_TRADITION,REIGN_CONTEXT,선덕여왕 때 첨성대가 축조되었다는 기록,선덕여왕 재위 중,REIGN_ONLY,632,647,E0002925,summary,『삼국유사』에 신라 선덕여왕 때 축조되었다는 기록이 있다.,TRADITION_RECORDED,CURATED,확정적 직접 축조가 아니라 문헌 전승으로 표현
ROYAL_ACTION_JANGSU_GWANGGAETO_STELE,E0048605,AKS_POLITY_GOGURYEO,E0005058,CULTURAL_HERITAGE,ERECTED,BUILDER,광개토왕릉비를 건립,414년(장수왕 3),EXACT_YEAR,414,414,E0005058,summary,삼국시대인 고구려의 제20대 장수왕에 의해 건립되었다.,HIGH,CURATED,광개토왕은 비의 건립자가 아니라 기념 대상
