gold_case_order,gold_case_id,term_review_task_id,resolution_case_id,canonical_term,category,entity_type_proposal,problem_count,candidate_count,source_count,code_alternative_count,candidate_count_bucket,retrieval_profile,multi_source_supported,conflict_pair_count,problem_context_samples_json,gold_link_status,requires_problem_review,gold_decision_reason,reviewer,case_review_status
1,gold-case:52ac2a4d5bb6963a155f,term-review-task:c4b6e0dcfe7ddcbb3b7c,resolution-case:8007b2d75e6c74a82791,향토 예비군의 날,제도,Concept,1,5,2,4,C03_05,EXPANDED_ONLY,True,0,"[{""problem_id"": ""cj_v41_1474"", ""full_text"": ""한국사 교양 강좌 기념일에 담긴 일제 강점기 사회ㆍ문화 우리 학회에서는 일제 강점기의 힘든 현실 속에서도 우리 민족이 기리기 시작한 기념일을 중심으로 당시의 사회와 문화를 살펴보는 강연을 마련하였다. 많은 관심과 참여 바랍니다. [제1강] 어린이날 - 어린이에게서 민족의 미래를 보다 [제2강] 메이데이 - 고등 경찰의 경계 속에 첫 노동절 행사가 열리다 [제3강] 과학 데이 - 과학의 대중화를 촉진하다 [제4강] (가) ● 일시: 2026년 ◯ ◯월 ◯ ◯일 10:00~16:00 ● 장소: 학회 소회의실\n(가)에 들어갈 내용으로 가장 적절한 것은?\n제헌절 – 첫 헌법 제정의 의미를 강조하다\n가갸날 – 우리 말과 글의 소중함을 되새기다\n향토 예비군의 날 – 범국민적인 안보의식을 조성하다\n은사의 날 – 스승을 향한 감사와 공경의 마음을 전하다\n이산가족의 날 - 이산가족 문제에 대한 관심을 제고하다""}]",REJECTED,NO,한국사 능력 검정 시험에서 사용할 것 같지 않은 용어,MK,COMPLETE
2,gold-case:15f38e2c61e53a062f5e,term-review-task:cda55c4f003829a5435e,resolution-case:4d6893ef841958a21671,남한 대토벌 작전,사건,Event,2,5,2,3,C03_05,EXACT_AND_EXPANDED,True,2,"[{""problem_id"": ""cj_v41_1414"", ""full_text"": ""특별 전시 (가) , 기록으로 되살아나다 부패한 지배층과 외세의 침략에 맞서 새로운 세상을 꿈꾸며 봉기했던 (가) 관련 기록물이 세계 기록 유산으로 등재된 것을 기념하여 특별전을 개최합니다. 많은 관람 부탁드립니다. •기간: 2025. . . ~ . . •장소: △△ 박물관 특별 전시실 •주요 전시 자료 ▲ 전봉준 공초 ▲ 갑오군정실기 ▲ 사발통문\n(가) 운동에 대한 설명으로 옳은 것은?\n집강소를 중심으로 폐정 개혁안을 실천하였다.\n일본의 황무지 개간권 요구를 저지하였다.\n조선 총독부의 방해와 탄압으로 중단되었다.\n이른바 남한 대토벌 작전으로 큰 피해를 입었다.\n상황 수습을 위해 박규수가 안핵사로 파견되었다.""}, {""problem_id"": ""cj_v41_1472"", ""full_text"": ""국민부는 중국의 반일 단체와 연락을 취하여 대규모 항일 행동을 계획하였지만, 각지의 일본 경관대에게 단원이 검거되고 무기를 압수당하여 세력이 꺾였다. 그러나 당시 이를 피한 양세봉, 양하산 등 주요 인물이 흩어졌던 단원을 모아 국민부 산하의 무장 단체를 재편하여 행동을 재개하였다. 총사령관 양세봉의 지휘 아래 이 부대는 대도회 등과 함께 한중 연합군을 편성하여 소양구에 이어 영릉가를 점령하였다.\n밑줄 그은 ‘이 부대’에 대한 설명으로 옳은 것은?\n일본군의 공세를 피해 자유시로 이동하였다.\n흥경성 전투에서 일본군을 격퇴하였다.\n이른바 남한 대토벌 작전으로 큰 피해를 입었다.\n영국군의 요청으로 인도·미얀마 전선에 파견되었다.\n한국인 유격대를 중심으로 조국 광복회를 조직하였다.""}]",ACCEPTED,NO,후보의 설명과 이름이 일치함,MK,COMPLETE
3,gold-case:f18f430586a90fa5f255,term-review-task:642bd465f60e74fe10c1,resolution-case:36ccf7c06312cbbe1a84,쌍영총,유적,Heritage,2,3,2,1,C03_05,EXACT_AND_EXPANDED,True,1,"[{""problem_id"": ""cj_v41_1197"", ""full_text"": ""이것은 (가) 의 쌍영총 벽화의 개마 무사 부분 모사도이다. 안악 3호분 등 (가) 의 다른 고분 벽화에서도 개마 무사가 그려져 있어 이 국가의 군사, 무기 등의 모습을 알 수 있다.\n(가) 국가에 대한 설명으로 옳은 것은?\n태학과 경당을 두어 인재를 양성하였다.\n골품에 따라 관등 승진에 제한이 있었다.\n국경 지역인 양계에 병마사를 파견하였다.\n정사암에서 국가의 중대한 일을 결정하였다.\n여러 가(加)들이 별도로 사출도를 주관하였다.""}, {""problem_id"": ""cj_v41_1486"", ""full_text"": ""이것은 =의 쌍영총 벽화 속 공양 행렬을 모사한 것이다. 승려를 앞세워 공양에 나서고 있는 귀족 부인의 모습에서 전진의 승려 순도를 통해 불교가 수용된 이후 ~의 귀족 사회에 불교가 확산되었음을 확인할 수 있다. 4 4\n(가) 국가에 대한 설명으로 옳은 것은?\n지방의 22담로에 왕족을 파견하였다.\n태학과 경당을 두어 인재를 양성하였다.\n월에 무천이라는 제천 행시를 개최하였다.\n사회 질서를 유지하기 위해 범금 8조를 만들었다.\n물시계인 누각을 만들고 누각박시를 두어 시간을 측정하였다.""}]",ACCEPTED,NO,후보의 설명과 이름이 일치함,MK,COMPLETE
4,gold-case:b6888b04acd4645f4ce8,term-review-task:fecb5b85c1f368e611fe,resolution-case:597ec0e486a420f4a6a6,신승겸,인물,Person,1,3,2,2,C03_05,EXPANDED_ONLY,True,0,"[{""problem_id"": ""cj_v41_0055"", ""full_text"": ""(가) 태조는 정예 기병 5천을 거느리고 공산(公山) 아래에서 견원을 맞아서 크게 싸웠다. 태조의 장수 김락과 신승겸은 죽고 모든 군사가 패배했으며, 태조는 겨우 죽음-을 면하였다. - 삼국유사 - (나) [태조를] 신검의 군대가 막아서자 일리천(-利川)을 사이에 두고 대지하였다. 태조가 견원과 함께 병사들을 사열한 후 … 신검이 00%, 용검 및 문무 관료들과 함께 항복하여 오니, 태조가 그를 위로하였다. - 「고려사절요 -\n(가), (나) 사이의 시기에 있었던 사실로 옳은 것은?\n최승로가 시무 28조를 건의하였다\n경순왕 김부가 경주의 사심관이 되었다.\n대공이 난을 일으키자 귀족들이 동참하였다.\n궁예가 국호를 마진에서 태봉으로 바꾸었다.\n쌍기의 건의를 받아들여 과거제가 시행되었다.""}]",UNRESOLVED,NO,관련 용어 설명이 안나옴,MK,COMPLETE
5,gold-case:1a415f418cbbd2428d7c,term-review-task:0db3d5a12bcfb0a70df2,resolution-case:9e9e45f885561b2577ac,천견충의군,기관,Institution,1,4,2,1,C03_05,EXACT_AND_EXPANDED,True,2,"[{""problem_id"": ""cj_v41_0866"", ""full_text"": ""1 (가) 왕이 보현원 문에 들어서자 … - 이고 등이 왕을 모시던 문관 및 대소 신료, 환관들을 모두 살해하였다. … 정중부 등이 왕을 모시고 환궁하였다. (나) 이자겸과 척준경이 왕을 위협하여 남궁(南宮)으로 거처를 옮기게 하고 안보린, 최탁 등 17인을 죽였다. 이 외에도 죽인 군사가 헤아릴 수 없을 정도였다. (다) 묘청이 서경을 근거지로 삼고 반란을 일으켰다. … - 국호를 대위, 연호를 천개, 그 군대를 천견충의군이라 불렀다\n(가)~(다)를 일어난 순서대로 옳게 나열한 것은?\n(가)-(나)-(다)\n(가)-(다)-(나)\n(나)-(가)-(다)\n(나)-(다)-(가)\n(다)-(가)-(나)""}]",ACCEPTED,NO,후보의 설명과 이름이 일치함,MK,COMPLETE
6,gold-case:5fcf8549fec5b8b0fd72,term-review-task:5fb0a00092b1066e17c4,resolution-case:98c1b48664a65bb93a0f,불랑기포,유물,Heritage,3,5,2,4,C03_05,EXPANDED_ONLY,True,0,"[{""problem_id"": ""cj_v41_0020"", ""full_text"": ""2 이 무기는 불랑기포라고 하는데, 서양에서 명에 전래되었기 때문에 이렇게 불렀습니다. 불랑기포는 당시 조 - 명 연합군이 일본군으로부터 평양성을 탈환하는 데 기여하였다\n(가) 전쟁 중 있었던 사실로 옳은 것은?\n김상용이 강화도에서 순절하였다.\n정봉수가 용골산성에서 항쟁하였다.\n최영이 홍산 전투에서 큰 승리를 거두었다.\n김시민이 진주성에서 적군을 크게 물리쳤다.\n이종무가 적의 근거지인 쓰시마를 정벌하였다.""}, {""problem_id"": ""cj_v41_0683"", ""full_text"": ""역사 인물 다큐멘터리 기획안 화약 무기 연구의 선구자, ○○○ 1. 기획 의도 중국의 군사 기밀이었던 화약 제조 기술을 습득해 우리나라 최초로 화약의 자체 생산에 성공한 인물의 활동을 통해 국방 과학 기술의 중요성을 되새겨 본다. 2. 주요 장면 (가) 중국인 이원에게 염초 제조법을 배우다. (나) 나세, 심덕부 등과 함께 진포에서 왜구를 크게 격퇴하다.\n(가)에 들어갈 내용으로 가장 적절한 것은?\n신기전과 화차를 개발하다\n화통도감의 설치를 건의하다\n불랑기포를 활용하여 평양성을 탈환하다\n조총 부대를 이끌고 나선 정벌에 참여하다\n발화 장치를 활용한 비격진천뢰를 발명하다""}, {""problem_id"": ""cj_v41_0970"", ""full_text"": ""조·명 연합군, 평양성 탈환 평안도 도체찰사 류성룡, 도원수 김명원이 이끄는 관군이 명 제독 이여송 부대에 합세하여 평양성을 되찾았다 이번 전 투에서 아군의 불랑기포를 비롯한 화포가 위력을 발휘하여 일본 군은 크게 패하고 남쪽으로 내려갔다. 이 전투의 승리는 향후 전 쟁의 판도를 바꿀 것으로 기대된다\n다음 기사에 보도된 전투 이후의 사실로 옳은 것은?\n송상현이 동래성에서 항전하였다.\n권율이 행주산성에서 적군을 격퇴하였다.\n이순신이 한산도 앞바다에서 대승을 거두었다.\n신립이 탄금대 앞에서 배수의 진을 치고 싸웠다.\n최윤덕이 올라산성에서 이만주 부대를 정벌하였다.""}]",ACCEPTED,NO,후보의 설명과 이름이 일치함,MK,COMPLETE
7,gold-case:6d7d6c93345ade424c9c,term-review-task:65f002f4455283779607,resolution-case:e117f406c236b8d147d7,흐경국 중앙 총상회,단체,Organization,1,3,2,2,C03_05,EXPANDED_ONLY,True,0,"[{""problem_id"": ""cj_v41_1509"", ""full_text"": ""오는 7월 1일부터 경성 화폐교환소에서 구 백동화 교환 사무를 시작하니, 혼잡을 예방하고 서로의 편의를 도모하기 위하여 청원 방법을 다음과 같이 정하였다. 교흰을 청구하고자 하는 자는 이 뜻을 준수하도록 한다. 광무 9년 6월 29일 탁지부 대신 제1항 구 백동화 교흰을 청구하고자 하는 자는 미리 제1호 서식의 청원서에 교환하고자 하는 액수와 청원인의 거주지 • 성명 및 청원 연•월•일을 기입하여 탁지부 내 화폐교환소에 제출하도록 한다. 제4항 제1항의 청원은 1일 1인에 대하여 교환 청구액이 1천 원 이상 1만 원 이하여야 한다. 단, 금년 10월 1일 이후에는 1천 원 이하인 자라도 청원할 수 있다.\n다음 자료를 활용한 탐구 활동으로 가장 적절한 것은?\n삼국 간섭이 발생한 원인을 분석한다.\n삼정이정청이 설지된 목적을 살펴본다.\n흐경국 중앙 총상회가 설립된 배경을 파악한다.\n재정 고문 메가타가 주도한 정책을 찾아본다.\n조미 수호 통상 조약이 체결되는 과정을 조사한다.""}]",AMBIGUOUS,NO,상류 입력 표기 오류 추정,MK,COMPLETE
8,gold-case:32e20fbb4c7dc100e567,term-review-task:09cacb3686d655af2481,resolution-case:f2d9e2bb31148330da80,가구영험불정존승다라니기,문헌,Work,1,5,2,3,C03_05,EXPANDED_ONLY,True,0,"[{""problem_id"": ""cj_v41_0338"", ""full_text"": ""오늘 소개해 주실 자료는 무엇인가요? 이것은 일본의 이시야마사에 소장된 가구영험불정존승다라니기이다. 해동성국이라 불린 (가)의 사신 이거정이 가져간 것으로, 당시 양국의 교류와 불교문화를 엿볼 수 있는 중요한 자료로 평가받고 있다.\n(가) 국가에 대한 설명으로 옳은 것은?\n광군을 창설하여 외침에 대비하였다.\n9서당 10정의 군사 조직을 운영하였다.\n광덕, 준풍 등의 독자적인 연호를 사용하였다.\n5경 15부 62주의 지방 행정 제도를 갖추었다.\n지방관을 감찰하기 위해 외사정을 파견하였다.""}]",ACCEPTED,NO,후보의 설명과 이름이 일치함,MK,COMPLETE
9,gold-case:c4f3b8f7fe21d151cc6c,term-review-task:6866f8ef1a3840b7acfa,resolution-case:63a2d23e118ff46ff643,교복 자율화 조치,정책,Concept,1,2,1,1,C01_02,EXPANDED_ONLY,False,1,"[{""problem_id"": ""cj_v41_1285"", ""full_text"": ""이것은 통일 주체 국민 회의에서 대통령을 선출하도록 헌법을 개정한 (가) 정부의 홍보물이다. “우리 모두 불굴의 투지와 굳은 단결로써 조국의 안정과 번영, 그리고 평화 통일을 위해 전진합시다.\""라는 문구 등으로 헌법을 미화하였다. 乶 必& 출훼전쯔!\n(가) 정부 시기에 볼 수 있는 모습으로 가장 적절한 것은?\n거리에서 장발과 미니스커트를 단속하는 경찰\n교복 자율화 조치로 사복을 입고 등교하는 학생\n금융 실명제에 따라 신분증 제시를 요구하는 은행원\n칠레와의 자유 무역 협정(FTA) 비준을 보도하는 기자\n전국 민주 노동조합 총연맹 창립 대회에 참가하는 노동 자""}]",ACCEPTED,NO,후보의 설명과 이름이 일치함,MK,COMPLETE
10,gold-case:174fb296d31b9f2fc1cb,term-review-task:e3491f7fcf3cc7c69c96,resolution-case:2ecad02e2943310c8a6f,허정 과도 정부,국가,Polity,6,5,2,3,C03_05,EXACT_AND_EXPANDED,True,2,"[{""problem_id"": ""cj_v41_0557"", ""full_text"": ""우리는 조국 흥망의 관두(曰에서 이 위기를 극복하기 위해 오직 민족 자결 원칙에 의하여 조국의 남뿌통일과 민주 독립을 촉진해야 겠다. 우리 민족자주연맹 중앙집행위원회는 김구 선생과 김규식 박사의가인에 의하여 실현되는 남북 정치 협상을 전적으로 지지 하며, 아울러 그 성공을 위하여 적극적으로 협력할 것을 결의한다 관두: 가장 중요한 지점\n다음 자료의 상황이 나타나게 된 배경으로 적절한 것은?\n허정 과도 정부에서 헌법이 개정되었다.\n통일 주체 국민 회의에서 대통령이 선출되었다.\n유엔 소총회에서 남한만의 단독 총선거가 결의되었다.\n유상 매수, 유상 분배 원칙의 농지 개혁법이 제정되었다.\n국가 보안법 개정안을 통과시킨 보안법 파동이 일어났다.""}, {""problem_id"": ""cj_v41_0709"", ""full_text"": ""전국의 언른인 여러군! 지금 광주에서는 젊은 대학생들과 시민들이 피를 홀리며 싸우고 있다 대학생들의 평화적 시위를 질서 유지, 진압이라는 명목 아래 저 잔인한 공수 부대를 투입하여 시민과 학생을 무차별 살육 하였고 더군다나 발포 명령까지 내렸던 것이다. ------ 그러나 일부 언론은 순수한광주 시민의 의거를 불순배의 선동이니, 폭도의 소행이니, 난동이니 하여 몰아부치고만 있다. - - 이번 광주 의거를 몇십 년 뒤의 자건 비화나 남기고 싶은 이야기-들로 만들지 않기 위해, 시실 그대로보도하여 주시기를 수많은 사망자의 피맺힌 원혼-과 광주 시민의 이름으로 간절히, 간절히 촉구하는 바이다.\n다음 자료에 나타난 민주화 운동에 대한 설명으로 옳은 것은?\n허정 과도 정부가 출범하는 계기가 되었다.\n굴욕적인 한일 국교 정상화에 반대하였다.\n호헌 철폐, 독재 타도 등의 구호를 외쳤다.\n3·15 부정 선거에 항의하며 시위가 시작되었다.\n관련 기록물이 유네스코 세계 기록 유산으로 등재되었다.""}, {""problem_id"": ""cj_v41_0754"", ""full_text"": ""이 개헌안에 따라 허정 과도 정부가 총선을 실시하면 정국에 이번에 여야 합의로 내각 책임제 개헌안이 통과되었군. 많은 변화가 있을 것 같네.\n'개헌안'이 발표된 이후의 사실로 옳은 것은?\n반민족 행위 처벌법이 제정되었다.\n제2차 미소 공동 위원회가 결렬되었다.\n국회가 민의원과 참의원의 양원제로 운영되었다.\n평화 통일론을 주장한 진보당의 조봉암이 구속되었다.\n유상 매수, 유상 분배 원칙의 농지 개혁법이 제정되었다.""}]",ACCEPTED,NO,후보의 설명과 이름이 일치함,MK,COMPLETE
11,gold-case:17b2a48e340099cd7339,term-review-task:f584c3ac2f2a1ad7234f,resolution-case:8d6bad50ee0203c3b76f,견내량,지명,Place,1,6,1,5,C06_09,EXPANDED_ONLY,False,5,"[{""problem_id"": ""cj_v41_0116"", ""full_text"": ""주제: 임진왜란 때 수군의 활약 욕포에서 26칙의 적선은 걱파하는 전과루 올렉어 견내량에 머로민 왜군을 한산도 앞바다로 유인하여 학익진 전술을 펼쳐 물리워어 10여 척의 배로 명량에서 대승은 거두없어 (가) (나) (다)\n(가)~(다) 학생이 발표한 내용을 일어난 순서대로 옳게 나열한 것은?\n(가) - (나) - (다)\n(가) - (다) - (나)\n(나) - (가) - (다)\n(나) - (다) - (가)\n(다) - (가) - (나)""}]",REJECTED,NO,관련 용어 설명이 안나옴,MK,COMPLETE
12,gold-case:6c4be7f5a77abceaed26,term-review-task:4d972bf6554815263f5a,resolution-case:83f3f5d0533d5b20bd6e,홍영구 충렬비,문화재,Heritage,1,4,2,3,C03_05,EXPANDED_ONLY,True,0,"[{""problem_id"": ""cj_v41_0491"", ""full_text"": ""이 비각에는 홍영구 충렬비와 유림 대접비가 나란히 세워져 있다. 홍영구와 유림은 이 전쟁 당시 남한신성에 피란해 있던 국욈을 구하기 위해 근영 병을 이끌고 김회에서 적을 크게 물리쳤습니다.\n'이 전쟁' 중에 있었던 사실로 옳은 것은?\n훈련도감이 설치되었다.\n외규장각 도서가 약탈되었다.\n곽재우가 의령에서 의병을 일으켰다.\n강홍립이 이끄는 부대가 참전하였다.\n김준룡이 광교산 전투에서 승리하였다.""}]",UNRESOLVED,NO,관련 용어 설명이 안나옴,MK,COMPLETE
13,gold-case:5bff298111dd99e91bbe,term-review-task:6d5f6ee2a0cbcd4f2926,resolution-case:d060b08bfb192841beac,부여씨,왕조,Polity,10,23,2,14,C11_PLUS,EXACT_AND_EXPANDED,True,159,"[{""problem_id"": ""cj_v41_0103"", ""full_text"": ""이것은 (가)의 중대성에서 일본의 태정관에 보낸 외교 문서의 사본이다. 문서에는 정당성의 좌윤 하복연 등 주요 사신단의 명단과 두 나라의 우호를 돈독히 하고자 사신을 파견한다는 내용 등이 담겨 있다. 오늘 소개해 주실 자료는 무엇인가요?\n(가) 국가에 대한 설명으로 옳은 것은?\n광군을 창설하여 외침에 대비하였다.\n주자감을 설치하여 인재를 양성하였다.\n골품제라는 엄격한 신분제를 마련하였다.\n9주 5소경의 지방 행정 제도를 갖추었다.\n왕족인 부여씨와 8성의 귀족이 지배층을 이루었다.""}, {""problem_id"": ""cj_v41_0201"", ""full_text"": ""목종 5년에 6위의 직원을 마련하여 두엇는데 뒤에 8양군뉘다 ) 과 용호군짓{로)의 2군을 설치하고, 6위의 위에 엇게 하여다. 뒤에 또 중방을 설치하고 , 2군 ' 6위의 상장군과 대장군이 모두 회합하게 하였다\n다음 군사 제도를 운영한 국가에 대한 설명으로 옳은 것은?\n중정대를 두어 관리를 감찰하였다.\n9주 5소경의 지방 제도를 운영하였다.\n고관들의 합좌 기구인 도병마사를 설치하였다.\n인재를 등용하기 위하여 독서삼품과를 시행하였다.\n왕족인 부여씨와 8성의 귀족이 지배층을 이루었다.""}, {""problem_id"": ""cj_v41_0481"", ""full_text"": ""[기관라의] 관제에는 선조성이 있는데, 좌상국평장소 시중국좌상시 -간의가 소속되어 있다. 중대성에는 우상 우평장소:내사-조고사인이 소속되어 있다. 정당성에는 대내상 1명을좍 우당의 위에 두었고, 좌 우사정 각 1명을 좌-우평장소의 아래에 배치하였다 - 신당서\n다음 제도를 운영한 국가에 대한 설명으로 옳은 것은?\n교육 기관으로 주자감을 두었다.\n신라에 침입한 왜구를 격퇴하였다.\n9서당 10정의 군사 조직을 갖추었다.\n개국, 태창이라는 연호를 사용하였다.\n왕족인 부여씨와 8성의 귀족이 지배층을 이루었다.""}]",ACCEPTED,NO,후보의 설명과 이름이 일치함,MK,COMPLETE
14,gold-case:5abe2b30263d91d51a40,term-review-task:996c8a5901b9d70fd28a,resolution-case:3437a5c344a962382e98,포츠머스 조약,조약,Work,2,4,2,3,C03_05,EXACT_AND_EXPANDED,True,1,"[{""problem_id"": ""cj_v41_0838"", ""full_text"": ""당신은 무슨 이유로 이토 히로부미를 살해했는가? 일본은 전쟁 당시 우리나라의 독립을 보장해주겠다고 약속했다. 그러나 포츠머스 조약으로 전쟁이 종결되자, 이토는 우리 군신을 위협해 주권을 빼앗으려 하였다.\n'전쟁' 중에 있었던 사실로 옳지 않은 것은?\n일본이 독도를 불법적으로 편입하였다.\n일본과 미국이 가쓰라·태프트 밀약을 맺었다.\n일본인 메가타가 대한 제국의 재정 고문으로 초빙되었다.\n대한 제국이 기유각서를 통해 일제에 사법권을 박탈당하였다.\n군사 전략상 필요한 지역을 일본에 제공하는 한일 의정서가 강요되었다.""}, {""problem_id"": ""cj_v41_1366"", ""full_text"": ""미국 잡지 ‘포퓰러 매거진’의 1912년 마지막 호에는 한반도를 둘러싼 대한 제국과 일본, 러시아 간의 암투를 다룬 첩보 소설(The cat and the king)이 실렸습니다. 베델, 민영환 등 당대 인물들이 등장하는 이 소설은 일제가 포츠머스 조약을 체결하여 전쟁을 끝내고 대한 제국의 외교권을 박탈하려 하는 등 긴박하게 전개되었던 당시 상황을 배경으로 하고 있다.\n밑줄 그은 ‘전쟁’ 기간에 있었던 사실로 옳은 것은?\n고종이 아관 파천을 단행하였다.\n일본이 독도를 불법 편입하였다.\n러시아가 절영도 조차를 요구하였다.\n조청 상민 수륙 무역 장정을 체결하였다.\n평양 관민이 대동강에 침입한 제너럴 셔먼호를 불태웠다.""}]",ACCEPTED,NO,후보의 설명과 이름이 일치함,MK,COMPLETE
15,gold-case:1c20ff8911297a9c700f,term-review-task:76e93c17fa71ad9f5efd,resolution-case:48ea7a32a70f2fbe87b6,돈오점수,사상,Concept,7,5,2,3,C03_05,EXACT_AND_EXPANDED,True,2,"[{""problem_id"": ""cj_v41_0206"", ""full_text"": ""이 목판의 근은 '불일보조국사' 라는 시호를 반은 그가 지은 것 이다. 그는 화누록 바탕으로 수행하는 참신법을 강조하고 돈오점수률 주장하였다. 원든성물론 간화결의론 합각 목판\n‘그’에 대한 설명으로 옳은 것은?\n화왕계를 지어 국왕에게 바쳤다.\n천태종을 개창하여 불교 통합에 힘썼다.\n정혜결사를 통해 불교 개혁에 앞장섰다.\n심성의 도야를 강조한 유불 일치설을 제창하였다.\n불교 관련 설화를 중심으로 삼국유사를 저술하였다.""}, {""problem_id"": ""cj_v41_0301"", ""full_text"": ""이것은 개경 흥왕사 터에서 출토된 대각국사의 묘지명 탁본이다. 여기에는 문종의 넷째 아들인 그가 송에 유학하고 돌아온 후 국청사를 중심으로 천태종을 개창한 내용이 기록되어 있다.\n‘그’에 대한 설명으로 옳은 것은?\n정혜쌍수와 돈오점수를 주장하였다.\n무애가를 지어 불교 대중화에 힘썼다.\n황룡사 구층 목탑의 건립을 건의하였다.\n백련사 결사를 통해 불교 정화 운동을 전개하였다.\n교장도감을 설치하여 불교 경전 주석서를 편찬하였다.""}, {""problem_id"": ""cj_v41_0345"", ""full_text"": ""이곳은 (가)이/가 불교계 개혁 운동을 전개한 순천 송광사이다. 그는 수행 방법으로 돈오점수를 주장하였다. 지도에는 보조국사 감로탑과 국사전이 표시되어 있다.\n(가) 인물에 대한 설명으로 옳은 것은?\n승려들의 전기를 담은 해동고승전을 집필하였다.\n화엄일승법계도를 지어 화엄 사상을 정리하였다.\n권수정혜결사문을 작성하여 정혜쌍수를 강조하였다.\n불교 경전에 대한 주석서를 모아 교장을 편찬하였다.\n보현십원가를 지어 불교 교리를 대중에게 전파하였다.""}]",ACCEPTED,NO,후보의 설명과 이름이 일치함,MK,COMPLETE
16,gold-case:6fd58983e027b15efc5e,term-review-task:feb85bf6af4e88623631,resolution-case:8b55bcf52a378607a4de,왕옹,인물,Person,1,5,3,5,C03_05,EXACT_AND_EXPANDED,False,3,"[{""problem_id"": ""cj_v41_1109"", ""full_text"": ""(가) 최 우가 녹전거(祿轉車) 100여 대를 빼앗아 집안의 재물을 강화도로 옮기니, 수도가 흉흉하였다. …… 또 사자(使者)를 여러 도에 나누어 보내어, 백성을 산성과 섬으로 옮겼다. (나) 김 방경과 흔도(忻都), 홍차구, 왕희, 왕옹 등이 3군을 거느리고 진도를 토벌하여 크게 격파하고, 승화후 왕온을 죽였다. 김통정이 남은 무리를 이끌고 탐라로 도망하여 들어갔다.\n(가), (나) 사이의 시기에 있었던 사실로 옳은 것은?\n양규가 곽주성을 급습하여 탈환하였다.\n최무선이 진포에서 왜구를 격퇴하였다.\n강조가 정변을 일으켜 국왕을 폐위하였다.\n김윤후가 처인성에서 살리타를 사살하였다.\n이자겸과 척준경이 반란을 일으켜 궁궐을 불태웠다.""}]",REJECTED,NO,문제의 인물은 왕온인데 왕옹에 대한 설명만 뽑힘,MK,COMPLETE
17,gold-case:99fc4b19c5f9dce3f977,term-review-task:cd644baa4ddb35c97961,resolution-case:538fe3565f6920ace08f,파고다공원,유적,Heritage,1,2,2,2,C01_02,EXACT_AND_EXPANDED,False,0,"[{""problem_id"": ""cj_v41_0083"", ""full_text"": ""그날 오후 2시 10분 파고다 공원에 모든면 수백 명의 학생들이 10여 년간 약둘리 온 감정을 터뜨러 '만세. 독립 만세 틀 외치자 뇌생 벽력 같은 소리에 공원 근처에 살년 시민들도 크게 놀랍다. 공원 문을 쏟아저 나오 학생들은 종로 거리블 달리다 몹에 숨경년 선언서들을 길가에 뿌리터 거리블 누벗다. 월손 대통령이 주장한 약소민족의 사걸권이 실현되논 신세계가 시작된 젓이다 시위 학생들은 넉수궁 문앞에 당도하자 붐어하신 고종에계 조이를 표하고 잠시 멋없다 스고필드 기고문\n다음 자료에 나타난 민족 운동에 대한 설명으로 옳은 것은?\n조선 형평사의 주도로 전개되었다.\n신간회에서 진상 조사단을 파견하였다.\n조선 혁명 선언을 활동 지침으로 삼았다.\n전개 과정에서 일제가 제암리 학살 등을 자행하였다.\n성진회와 각 학교 독서회에 의해 전국적으로 확산되었다.""}]",ACCEPTED,NO,후보의 설명과 이름이 일치함,MK,COMPLETE
18,gold-case:d90009d74209a0069c8e,term-review-task:7d90a3b1011f43a37501,resolution-case:c258191ff9ef77758e0a,카자흐스탄,국가,Polity,1,4,2,4,C03_05,EXACT_AND_EXPANDED,False,1,"[{""problem_id"": ""cj_v41_1178"", ""full_text"": ""이 문서는 일제에 협력하는 것을 방지한다는 명분으로 (가) 의 한인들을 중앙아시아로 강제 이주 시키라는 명령서이다. 1937년에 소련 공산당 서기장 스탈린이 승인한 이 명령의 시행으로 블라디보스토크를 포함한 (가) 의 한인 10만 명 이상이 우즈베키스탄, 카자흐스탄 등지로 강제 이주당하였다.\n(가) 지역에서 일어난 민족 운동에 대한 설명으로 옳은 것은?\n권업회를 조직하고 신문을 발행하였다.\n한인 자치 기구인 경학사를 설립하였다.\n유학생을 중심으로 2·8 독립 선언서를 발표하였다.\n독립군 양성을 위해 대조선 국민 군단을 결성하였다.\n서전서숙과 명동 학교를 설립하여 민족 교육을 실시하였다.""}]",ACCEPTED,NO,후보의 설명과 이름이 일치함,MK,COMPLETE
19,gold-case:7f37013597b6ed133d6f,term-review-task:514e98b43e7e87ada88b,resolution-case:01c89db492b6f7584179,강우규,인물,Person,4,10,2,9,C10,EXACT_AND_EXPANDED,True,0,"[{""problem_id"": ""cj_v41_0183"", ""full_text"": ""○○시 근현대 역사 투어 출발지: ○○ 버스 터미널 답사 장소 - 친일파 연구의 선구자 임종국 선생 흉상 - 유관순 열사 사적지 - 일본군 '위안부' 묘역, 망향의 동산 - 독립 기념관\n다음 지역에서 있었던 사실로 옳은 것은?\n4ㆍ3 사건으로 많은 주민이 희생되었다.\n오페르트가 남연군 묘 도굴을 시도하였다.\n아우내 장터에서 독립 만세 운동이 일어났다.\n강우규가 사이토 총독에게 폭탄을 투척하였다.\n지주 문재철의 횡포에 맞서 소작 쟁의가 발생하였다.""}, {""problem_id"": ""cj_v41_0234"", ""full_text"": ""이 사진은 璽5년 9월 2일 일왕을 대신하여 일본의 외무 대신이 연합군 앞에서 항복 문서에 서영하는 장면이다. 서영하는 인물은 시게미쓰 마모루인데. 그는 윤봉길의 상하이 홍커우 공원 뽼 당시 폭탄에 맞아 다리를 다쳤습니다. '활치 구월며望들우특\n‘의거’를 일으킨 단체에 대한 설명으로 옳은 것은?\n신채호의 조선 혁명 선언을 활동 지침으로 삼았다.\n김구를 단장으로 하여 활발한 의열 활동을 펼쳤다.\n조선 총독을 저격한 강우규가 단원으로 활동하였다.\n이상재 등의 주도로 민립 대학 설립 운동을 전개하였다.\n진상 조사단을 파견하여 광주 학생 항일 운동을 지원하였다.""}, {""problem_id"": ""cj_v41_0269"", ""full_text"": ""답사 자료집 우리 고장 탐방 [동고산성] 견훤이 세운 후백제와의 관련성을 짐작하게 해 주는 수막새 등이 출토되었다. [경기전] 태조 이성계의 어진을 모셨던 곳이며, 그 옆에는 실록을 보관하던 사고가 있었다.\n다음 답사 지역에 대한 탐구 활동으로 가장 적절한 것은?\n김헌창이 반란을 일으킨 근거지를 검색한다.\n성왕이 새롭게 도읍지로 삼은 지역을 파악한다.\n동학 농민군이 정부와 화약을 체결한 장소를 알아본다.\n강우규가 총독 사이토에게 폭탄을 투척한 곳을 찾아본다.\n신립이 배수의 진을 치고 왜군과 맞선 격전지를 조사한다.""}]",ACCEPTED,NO,후보의 설명과 이름이 일치함,MK,COMPLETE
20,gold-case:eaf76058483d688d410a,term-review-task:72c5b8f6045ef5a881a1,resolution-case:251a04988b501311afe8,몸뻬,유물,Heritage,4,2,2,1,C01_02,EXACT_ONLY,False,0,"[{""problem_id"": ""cj_v41_1184"", ""full_text"": ""○○ 고 한국사 교실 홈 게시판 수업 과제 사용자 성적 캘린더 ▣ 조별 과제 안내 수업 보관처리된 수업 일제 강점기 사회 및 문화의 변화를 일상생활의 변동과 설정 연관하여 보고서를 작성한 후 제목과 함께 게시판에 올려 주세요. 번호 제 목 1 1조 - 소비 문화의 정점, 백화점의 탄생 2 2조 - 수학여행을 통해 본 식민지 근대 관광 3 3조 - 문화 주택과 토막집 4 4조 - (가)\n(가)에 들어갈 내용으로 가장 적절한 것은?\n서양식 의료의 수용, 광혜원\n근대적 우편 제도의 시작, 우정총국\n전시 통제 체제 속에서 강요된 여성복, 몸뻬\n근면, 자조, 협동을 기치로 내세운 새마을 운동\n상품 광고의 새로운 장을 연 컬러텔레비전 방송""}, {""problem_id"": ""cj_v41_1233"", ""full_text"": ""이것은 한 제과업체의 캐러멜 광고로 탱크와 전투기 그림을 활용하여 “캐러멜도 싸우고 있다!”라는 문구를 담고 있다. 중일 전쟁 이후 일제가 국가 총동원법을 시행한 시기에 제작된 이 광고는 당시 군국주의 문화가 일상에까지 스며들어 있었음을 잘 보여 줍니다.\n밑줄 그은 ‘시기’에 볼 수 있는 사회 모습으로 가장 적절한 것은?\n몸뻬 착용을 권장하는 애국반 반장\n경성 제국 대학 설립을 추진하는 관리\n헌병 경찰에게 끌려가 태형을 당하는 농민\n원산 총파업에 연대 지원금을 보내는 외국 노동자\n안창남의 고국 방문 비행을 환영하기 위해 상경하는 청년""}, {""problem_id"": ""cj_v41_1326"", ""full_text"": ""한국사 웹 드라마 기획안 식민지 조선인의 삶 1화 단성사, 영화 아리랑을 상영하다 2화 몸뻬, 새로운 일상복으로 강요되다 3화 목포의 눈물, 나라 잃 은 설움을 노래하다 가 차례로 제시되어 있다. 이어 주의 사항으로 이라는 내용이 나와 있다. 경성 단성사에서 나운규 (1902~ 가 제작한 (무성 영화) 아리랑이 개봉한 것은 1926 년 10월의 일이다(1926.10.1). 영화 아리랑은 폭발적인 인기를 끌면서 이후 2년 6개월 동안 전국을 돌며 상영되었다. 몸뻬( 일 본어: もんぺ )는 원래 일본 도호쿠 지방에서 전통적으로 사용된 바지로, 일제 강점기 말에 일제에 의해 일본과 조선의 부녀자들 에게 강제로 보급된 헐렁한 바지이다( ). 당 시 일제는 국민복 착용과 함께 몸뻬 착용을 강요하였다. 목포의 눈물(문일석 작사, 손목인 작곡, 이난영 노래)은 1935년 9월 발 매된 대중가요이다(1935년 조선일보 향토 노래 현상 모집 당선 가사). 지금까지 큰 인기를 얻어 목포시 죽교동(유달산 정상 아 래)에 현재\n(가)에 들어갈 내용으로 적절하지 않은 것은?\n잡지 신여성, 여권 신장을 주장하다\n조선 형평사, 사회적 차별 철폐를 외치다\n소설 상록수, 브나로드 운동을 널리 알리다\n경성 방직 주식회사, 광목 태극성을 광고하다\n새마을 운동, 근면·자조·협동을 기치로 내세우다""}]",REJECTED,NO,한국사 능력 검정 시험에서 사용할 것 같지 않은 용어,MK,COMPLETE
21,gold-case:0d64ebbff107b51c815d,term-review-task:3e9ea0d64dcd984f7853,resolution-case:854a3cf765d5ed7069d4,대기성 차관,제도,Concept,1,4,2,3,C03_05,EXPANDED_ONLY,True,0,"[{""problem_id"": ""cj_v41_0285"", ""full_text"": ""미셸 캉드쉬 총재 귀하 1. 첨부된 경제 계획 각서에는 향후 3년 이상 한국이 실행할 정책이 요약되어 있다. 이 정책은 현재의 재정적 어려움을 초래한 근본 원인을 해결하여 시장의 신뢰를 회복하며, 한국 경제를 강력하고 지속 가능한 성장의 길로 이끌 수 있을 것이다. 이 경제 계획을 지원하기 위해 한국 정부는 향후 3년간 특별 인출권(SDR) 155억 달러 규모의 국제 통화 기금(IMF) 대기성 차관을 요청합니다.\n다음 문서가 작성된 이후의 사실로 옳은 것은?\n전국 민주 노동조합 총연맹이 창립되었다.\n저유가, 저금리, 저달러의 3저 호황이 있었다.\n제2차 석유 파동으로 경제 불황이 심화되었다.\n대통령 긴급 명령으로 금융 실명제가 실시되었다.\n대통령 직속 자문 기구인 노사정 위원회가 구성되었다.""}]",REJECTED,NO,애매함,MK,COMPLETE
22,gold-case:aeb24bc70af226486ee6,term-review-task:fa21f3aac6ad39a0b7db,resolution-case:c70ba28fa5e4983c35de,박종철 고문 치사 사건 은폐 조작,사건,Event,1,4,2,3,C03_05,EXPANDED_ONLY,True,0,"[{""problem_id"": ""cj_v41_0562"", ""full_text"": ""(가)의 현장을 찾아서 일시: 매주 토요일, 10:00 참가 대상: 시민 누구나 답사 경로: 향린 교회 - 명동 성당 - 성공회 성당 - 향린 교회: 민주 헌법 쟁취 국민운동 본부 발기인 대회 개최지 - 명동 성당: 박종철 고문 은폐 조작 발표 장소 - 성공회 성당: 6·10 국민 대회가 시작된 곳\n(가) 민주화 운동에 대한 설명으로 옳은 것은?\n신군부의 비상계엄 확대가 원인이 되어 일어났다.\n관련 기록물이 유네스코 세계 기록 유산으로 등재되었다.\n3·15 부정 선거에 항의하며 시위대가 경무대로 행진하였다.\n3·1 민주 구국 선언을 통해 긴급 조치 철폐 등을 요구하였다.\n호헌 철폐와 독재 타도 등의 구호를 내세운 시위가 확산되었다.""}]",ACCEPTED,NO,후보의 설명과 이름이 일치함,MK,COMPLETED
23,gold-case:0d6c6da16d6b6028d76d,term-review-task:a8d9749205d3c202150e,resolution-case:731ca65f8304d213aa13,두모진해관,유적,Heritage,1,4,2,3,C03_05,EXPANDED_ONLY,True,0,"[{""problem_id"": ""cj_v41_1028"", ""full_text"": ""조선 정부는 이곳에 해관을 설치하고 동래부 거류지의 일본 상인과 거 래하는 조선 상인으로부터 세금을 징수하였다 그러자 일본 상인이 조약 위반이라고 반발하였고, 결국 3개월 만에 수세가 중단되었다 우리나라 최초의 세관터, -두모진해관 -\n해설사가 설명하는 사건이 발생한 시기를 연표에서 옳게고 른 것은?\n(가)\n(나)\n(다)\n(라)\n(마)""}]",REJECTED,NO,해당 용어의 설명을 찾지 못함,MK,COMPLETED
24,gold-case:ae055066fb07946ed0d4,term-review-task:98a5f316b4861719094f,resolution-case:d5dfc97981b7af3f31b2,부여경,인물,Person,1,3,2,2,C03_05,EXACT_AND_EXPANDED,True,2,"[{""problem_id"": ""cj_v41_0289"", ""full_text"": ""(가) 온달이 왕에게 아뢰기를, “신라가 한강 이북 땅을 빼앗아 군현으로 삼았습니다. - 저에게 군사를 주신다면 단번에 우리 땅을 반드시 되찾겠습니다.”라고 하였다. (나) 10월에 백제 왕이 병력 3만 명을 거느리고 평양성을 공격해 왔다. 왕이 군대를 내어 막다가 날아온 화살에 맞아 이달 23일에 서거하였다. (다)9월에 왕이 병력 3만 명을 거느리고 백제를 침략하여 도읍 한성을 함락하였다. 백제 왕 부여경을 죽이고 남녀 8천 명을 포로로 잡아 돌아왔다.\n(가)~(다)를 일어난 순서대로 옳게 나열한 것은?\n(가)-(나)-(다)\n(가)-(다)-(나)\n(나)-(가)-(다)\n(나)-(다)-(가)\n(다)-(나)-(가)""}]",ACCEPTED,NO,후보의 설명과 이름이 일치함,MK,COMPLETED
25,gold-case:5632efdd8543b7a3ebd6,term-review-task:2c0c4b931a1b570f6121,resolution-case:282153422d3092c026e3,호남 창의 대장소,기관,Institution,1,5,2,3,C03_05,EXPANDED_ONLY,True,0,"[{""problem_id"": ""cj_v41_1225"", ""full_text"": ""답사 계획서 •주제: 동학 농민군의 발자취를 따라서 •기간: 2024년 월 일 ~ 일 •답사 장소 지역 장소 설명 호남 창의 대장소(大將所)를 설치 부안 하고 4대 강령을 발표하였다. 백산 장성 (가) 황룡 전적 농민군이 관군과 일본군을 상대로 공주 격전을 벌이다 패배하였다. 우금치 전적\n(가)에 들어갈 내용으로 옳은 것은?\n농민군이 정부와 화약을 맺었다.\n최제우가 혹세무민의 죄로 처형되었다.\n홍계훈의 관군을 상대로 농민군이 승리하였다.\n피신해 있던 농민군의 지도자 전봉준이 체포되었다.\n농민들이 조병갑의 탐학에 맞서 만석보를 파괴하였다.""}]",UNRESOLVED,NO,,MK,COMPLETED
26,gold-case:b2c6e069fb95637f639a,term-review-task:48b937737d80dd31ceb1,resolution-case:9ea88eb4f56bc1899f33,천마총 금관,유물,Heritage,1,5,2,4,C03_05,EXACT_AND_EXPANDED,True,3,"[{""problem_id"": ""cj_v41_img_66_03"", ""full_text"": ""천마총 발굴 50주년 특별전이 개최됩니다. 천마총은 (가)의 대표적인 돌무지덧널무덤 중 하나로 발굴 당시 많은 유물이 출토되어 주목을 받았습니다. 그중에서도 가장 유명한 천마도의 실물이 9년 만에 세상에 공개됩니다.\n(가) 국가의 문화유산으로 옳은 것은?\n청동 은입사 물가풍경무늬 정병\n금동연가7년명여래입상\n천마총 금관\n이불병좌상\n백제 금동대향로""}]",ACCEPTED,NO,후보의 설명과 이름이 일치함,MK,COMPLETED
27,gold-case:7bb0fd2d3af9782937b7,term-review-task:cb9dc3a68fc1faae6817,resolution-case:28be9e3599e7955ffdb8,민립대학기성준비회,단체,Organization,1,5,2,4,C03_05,EXPANDED_ONLY,True,0,"[{""problem_id"": ""cj_v41_1182"", ""full_text"": ""대학을 세운다는 일은 극히 거창하여 여간 몇 사람의 힘으로는 도저히 성취할 바가 아니므로 금일까지 실지의 운동이 일어나지 못하였던 것이라. 그러나 일이 거창하고 어렵다고 시작을 아니하면 언제까지든지 조선 사람의 대학이라는 것은 생겨볼 수가 없다. 그러므로 이번에 조선 전도의 다수한 유지를 망라하여 민중적 운동으로 될 수 있는 대로 많은 사람의 힘을 합하여 민립 대학 한 곳을 세워 보고자 이상재, 이승훈 등의 주창으로 수일 전에 민립 대학 기성 준비회를 조직하고 집행위원을 선정하였는데, 장차 각 부·군에서 다수한 발기인의 참가를 구하여 경성에서 발기회를 열고 실행 방법을 결정할 터이다. 1895 1911 1919 1924 1938 1942 (가) (나) (다) (라) (마) 한성 사범 학교 제1차 3·1 경성 제국 대학 제3차 조선어 학회 설립 조선 교육령 운동 개교 조선 교육령 사건\n다음 자료가 발표된 시기를 연표에서 옳게 고른 것은?\n(가)\n(나)\n(다)\n(라)\n(마)""}]",ACCEPTED,NO,후보의 설명과 이름이 일치함,MK,COMPLETED
28,gold-case:be44f046cbdca44d9930,term-review-task:35c89da78d0a0d2c5eb4,resolution-case:d6bae9ab76c84c8da2ff,향약집성방,문헌,Work,5,5,2,4,C03_05,EXACT_AND_EXPANDED,True,3,"[{""problem_id"": ""cj_v41_0062"", ""full_text"": ""감염병 확산 등에 대처하기 위해 구제도감을\n(가)에 들어갈 내용으로 옳지 않은 것은?\n물가 조절을 위해 상평창을 설치하였다.\n병자에게 의약품을 제공하는 혜민국이 있었다.\n환자 치료와 빈민 구제를 위해 동∙서 대비원을 두었어.\n국산 약재와 치료 방법을 정리한 향약집성방이 간행되었다.\n기금을 모아 그 이자로 빈민을 구제하는 제위보를 운영하였다.""}, {""problem_id"": ""cj_v41_0302"", ""full_text"": ""(역사 다큐엔터리 제작 기획안〉 15세기 조선, 과학을 꽃 피우다 1.기획 의도 조선 초, 부국강병과 민생 안정을 위해 과학 기술 분야에서 노력한 모습을 살펴본다. 2.구성 1부 태양의 그림자로 시간을 보는 앙부일구 (가) 3부 외적의 침입에 대비한 신무기, 신기전과 화차\n(가)에 들어갈 내용으로 옳지 않은 것은?\n기기도설을 참고하여 설계한 거중기\n국산 약재와 치료법을 소개한 향약집성방\n한양을 기준으로 한 역법서인 칠정산 내편\n활판 인쇄술의 발달을 가져온 계미자와 갑인자\n우리나라 실정에 맞는 농법을 소개한 농사직설""}, {""problem_id"": ""cj_v41_0531"", ""full_text"": ""왕이 명하였다. \""도성 안의 백성들이 역질에 걸렸으니 구제도감을 설치하여 치료하고, 시신과 유골은 거두어 매장하라.\"" 중서성에서 아뢰었다. \""지난해 관내 서도의 주현에 흉년이 들어 백성이 굶주리고 있다. 사창과 공해의 곡식을 내어 경작을 원조하고, 가난하여 살아갈 수 없는 자는 의창을 열어 진휼하십시오.\""\n다음 상황이 나타난 시기의 사회 시책으로 옳은 것은?\n유랑민을 구휼하는 활인서를 두었다.\n백성들에게 곡식을 빌려주는 진대법을 실시하였다.\n국산 약재와 치료법을 소개한 향약집성방을 편찬하였다.\n기근에 대비하기 위해 구황촬요를 간행하여 보급하였다.\n기금을 모아 그 이자로 빈민을 구제하는 제위보를 운영하였다.""}]",ACCEPTED,NO,후보의 설명과 이름이 일치함,MK,COMPLETED
29,gold-case:b788ff7a42d305807e4e,term-review-task:bbca2dec6404fea28f0c,resolution-case:be4c488e98dd414344b0,황국 신민 체조,정책,Concept,1,5,2,4,C03_05,EXPANDED_ONLY,True,0,"[{""problem_id"": ""cj_v41_0607"", ""full_text"": ""이 자료는 중일 전쟁 이후 일제가 침략 전쟁을 확대하던 시기에 만든 황국 신민 치조 실시 요령 이다. 일제는 이 체조를 보급하기 위해 황국 신민 체조의 날을 정하고 전국 곳곳에서 강습회를 개최하였다.\n'시기'에 시행된 일제의 정책으로 옳은 것은?\n회사령을 제정하였다.\n미쓰야 협정을 체결하였다.\n경성 제국 대학을 설립하였다.\n토지 조사 사업을 실시하였다.\n조선 사상범 예방 구금령을 공포하였다.""}]",UNRESOLVED,NO,후보와 같은 주제를 설명하지만 카테고리가 다름,MK,COMPLETED
30,gold-case:58923abf306a0764920a,term-review-task:5a39925900059da115df,resolution-case:193b593629b0aed5828d,조선인민공화국,국가,Polity,3,5,2,3,C03_05,EXACT_AND_EXPANDED,True,3,"[{""problem_id"": ""cj_v41_0139"", ""full_text"": ""화부위 38도 이남의 조선에는 오직 한 정부가 있을 뿐이다. 자천자임(白薦白任)한 관리라든가 경찰이라든가 국민 전체를 쇄표하였노라는 대소 회합이라든가 조선 인민 공화국이라든지 조선 인민 공화국 내각은 권위와 세력과 실재가 전혀 없는 것이다. - 미군정 장관우군소장 아놀드 -\n다음 성명이 발표된 이후에 있었던 사실로 옳지 않은 것은?\n조선 건국 동맹이 결성되었다.\n좌우 합작 7원칙이 발표되었다.\n유엔 한국 임시 위원단이 설치되었다.\n반민족 행위 특별 조사 위원회가 출범하였다.\n귀속 재산 처리를 위해 신한 공사가 설립되었다.""}, {""problem_id"": ""cj_v41_0845"", ""full_text"": ""신문을 보니 며칠 전 정읍에서 이승만이 단독 정부 수립을 시사하는 발언을 했다네. 한국 독립당에서는 단독 정부 수립은 안 된다고 했다더군. 우리 미국은 신탁 통치에 반대하는 단체를 배제하자는 소련의 주장은 제1차 미소 공동 위원회 때와 같습니다.\n(가) 시기에 있었던 사실로 옳은 것은?\n여수·순천 10·19 사건이 발생하였다.\n유엔 한국 임시 위원단이 서울에 도착하였다.\n송진우, 김성수 등이 한국 민주당을 창당하였다.\n여운형 등의 주도로 좌우 합작 위원회가 발족되었다.\n조선 건국 준비 위원회에서 조선 인민 공화국을 선포하였다.""}, {""problem_id"": ""cj_v41_1427"", ""full_text"": ""휘문중학 운동장에서 (가) 의 수반인 여운형 씨가 5천여 군중 앞에서 해방의 제일성을 힘있게 외쳤다. “조선 민족 해방의 날은 왔다. …… 어제 15일 아침 8시에 엔도 조선 총독부 정무총감의 초청을 받아 …… 나는 다섯 가지 요구를 제안하여 무조건 승낙을 받았다. 1. 전 조선 각지에 구속되어 있는 정치, 경제범을 즉시 해방하라 …… 4. 민족 해방의 모든 원동력이 되는 학생 훈련과 청년 조직에 대하여 간섭하지 말라 …… 이것으로 우리 민족 해방의 첫걸음을 내딛게 되었으니 우리가 지난날에 아프고 쓰렸던 것은 이 자리에서 모두 잊어버리자. ……”\n(가)에 대한 설명으로 옳은 것은?\n신한공사를 설립하였다.\n좌우 합작 7원칙을 제시하였다.\n조선 인민 공화국 수립이 선포된 후 해산하였다.\n한인 국방 경위대를 창설하였다.\n남북 협상 공동 성명서를 발표하였다.""}]",ACCEPTED,NO,용어와 설명이 일치함,MK,COMPLETED
31,gold-case:9f5568134ce368f13545,term-review-task:cbc604c69834416b9416,resolution-case:8d761ad54592daa0c0a3,양광도,지명,Place,1,5,2,4,C03_05,EXACT_AND_EXPANDED,True,4,"[{""problem_id"": ""cj_v41_0846"", ""full_text"": ""(가) 완산주를 다시 설치하고 용원을 총관으로 삼았다. 거열주를 빼서 청주(菁 州)를 두니 처음으로 9주가 되었다. 대아찬 복서를 총관으로 심았다. (나)현종견에 절도사를 폐지하고, 5도호와 75도 안무사를 두었으나, 얼마 후 안무시를 폐지하고, 4도호와 8목을 두었다. 그 이후로 5도-양계를 정하니, 양광 경상-전라-교주 서해 동계 북계가그것이다. (다각 도 각 고을의 이름을 고쳤다. --- 드디어 완산을 다시 '전주라고 칭하고, 계림을 다시 경주라고 칭하고, 서북면을 평안도토 하고, 동북면을 영길도'로 하였으니, 평양- 안주 영흥 길주가 계수관이기 때문이다. (라) 전국을 23부의 행정 구역으로 나누어 아래에 열거하는 각 부를 목사, 부사, 군수, 서윤, 판관, 현령, 현감의 관명을 다 없에고 읍의 명칭을 군이라고 하며 읍 장관의 관명을 군수라고 한다. 〈보기〉 그. (가) - 신문왕 재위 시기에 정비되었다. (나)- 지방 장관으로욕살 처려근지 등이 있었다. 다 (다) - 도에는 관찰사가 임명되어 수령을 감독하였다. ㄹ. (라) - 광무 개혁의 일환으로 실시되었다.\n(가)~(라) 지방 통치 체제에 대한 설명으로 옳은 것을 ＜보기＞에서 고른 것은?\nㄱ, ㄴ\nㄱ, ㄷ\nㄴ, ㄷ\nㄴ, ㄹ\nㄷ, ㄹ""}]",ACCEPTED,NO,용어와 설명이 일치함,MK,COMPLETED
32,gold-case:f60acfffd4a19ca773f8,term-review-task:062d358b6fd192718b60,resolution-case:f7f04a463e6becaacc05,각저총 씨름도,문화재,Heritage,1,3,2,2,C03_05,EXPANDED_ONLY,True,0,"[{""problem_id"": ""cj_v41_img_54_05"", ""full_text"": ""이 국가의 고분 벽화는 도읍이었던 지안과 평양 일대에 주로 남아 있는데 일상생활과 풍속, 신앙과 의례를 묘사한 것으로 유명합니다. 이제 벽화 사진을 바탕으로 제작한 영상을 생생하게 만나 보세요.\n밑줄 그은 ‘이 국가’의 벽화로 옳지 않은 것은?\n수산리 벽화\n무용총 접객도\n강서대묘 사신도 현무도\n각저총 씨름도\n조선초기 밀양 박익의 무덤벽화""}]",ACCEPTED,NO,용어와 설명이 일치함,MK,COMPLETED
33,gold-case:6b16eacb3615530ba67b,term-review-task:d03246a547ef57065235,resolution-case:481a50c21403f8c06922,엄씨,왕조,Polity,1,9,2,8,C06_09,EXPANDED_ONLY,False,24,"[{""problem_id"": ""cj_v41_0351"", ""full_text"": ""(가) 항과 봉은 정씨의 소생이다. 왕은 어머니 윤씨가 폐위되고 죽은 것이 엄씨, 정씨의 참소 때문이라 여기고, 밤에 엄씨, 정씨를 대궐 뜰에 결박하여 놓고 손수 마구 치고 짓밟다가 항과 봉을 불러 엄씨, 정씨를 가리키며 “이 죄인을 치라. '라고 하였다. 왕은 대비에게 “어찌하여 내 어머니를 죽였습니까?\""라고 하며 불손한 말을 많이 하였다. (나) 이덕응이 진술하였다. “윤임과는 항상 대윤, 소윤이라는 말 때문에 화가 미칠까 우려하여 서로 경계하였을 뿐이었고, 모략에 대해서는 모르겠습니다. … 윤임이 신에게 '주상이 전혀 소생할 기미가 없으니 만약 대군이 왕위를 계승하여 윤원로가 뜻을 얻게 되면 우리 집안은 멸족당할 것이다.'라고 하였다. ”\n(가), (나) 사이의 시기에 있었던 사실로 옳은 것은?\n허적과 윤휴 등 남인이 대거 축출되었다.\n정여립 모반 사건으로 기축옥사가 일어났다.\n신진 인사를 등용하기 위해 현량과가 시행되었다.\n조의제문이 발단이 되어 김일손 등이 처형되었다.\n붕당의 폐해를 경계하기 위해 탕평비가 건립되었다.""}]",REJECTED,,,,NOT_STARTED
34,gold-case:6258a6c0f6dc9713f460,term-review-task:fb1bf4f0b4d78cc0dfc4,resolution-case:3d2e128e54b3d3454bce,조일 통상 장정,조약,Work,3,4,2,2,C03_05,EXACT_AND_EXPANDED,True,1,"[{""problem_id"": ""cj_v41_0504"", ""full_text"": ""이달 20일, 함경도 관찰사로부터 보고를 받았는데, 그 내용은 다음과 같았습니 다. “큰 수해를 당하여 조만간 여러 곡식의 피해가 클 듯한데, 콩 등은 더욱 심하여 모두 흉작이 될 것이라고 고하고 있으니, 궁핍하여 식량난을 겪을 것이 장자 불을 보듯 훤합니다. 도내(道內)의 쌀과 공 등의 곡물에 대해서는 내년 가을걷이할 때까지를 기한으로 삼아 잠정적으로 유출을 금지하여 백성들의 식량 사정을 넉넉하게 하는 것이 마땅할까 합니다. 바라건대 통촉하시어 유출 금지 시행 1개월 전까지 일본 공사에게 알리시어, 일본의 상민들이 일체 준수하게 해주십시오.\""\n다음 자료를 활용한 탐구 활동으로 가장 적절한 것은?\n화폐 정리 사업의 결과를 분석한다.\n산미 증식 계획의 실상을 조사한다.\n조일 통상 장정 체결의 영향을 살펴본다.\n토지 조사 사업의 추진 과정을 파악한다.\n양지아문과 지계아문을 설치한 목적을 알아본다.""}, {""problem_id"": ""cj_v41_0929"", ""full_text"": ""각국 공관에 보내는 호소문 천택에澤), 들판, 황무지에 대한 권리를 청구하였다. 우리 나라 사람들은 이를 이용해 2~3년 걸러 윤작을 해야만 먹고살 수 있다. 그런데 만일 이를 외국인에게 주어버린다면 전국의 강토를 모두 빼앗기게 되며 수많은 사람이 참혹한 빈곤에 빠져 구제할 수 없게 될 것이다. 일본인들의 침략을 막고 우리 강토를 보전하도록 힘써 주십시오. 1904년 00월 00일\n다음 자료를 활용한 탐구 활동으로 가장 적절한 것은?\n보안회의 활동 내용을 파악한다.\n독립문의 건립 과정을 알아본다.\n조일 통상 장정의 조항을 검토한다.\n화폐 정리 사업이 끼친 영향을 살펴본다.\n황국 중앙 총상회가 조직된 목적을 분석한다.""}, {""problem_id"": ""cj_v41_1265"", ""full_text"": ""아, 고금 천하에 김옥균, 홍영식 등의 역적들처럼 극악하고 무도한 자들이 있었겠습니까? … 처음에는 연회를 베풀어 사람들을 찔러 죽이고 끝에는 변고가 일어났다고 선언하고는 전하를 강박하여 처소를 옮기게 하였다. 일본 사람들을 끼고 병기를 휘둘러 재상 들을 모두 죽여 궁궐에 피를 뿌리고 장상(將相)의 중직을 잠깐 동안에 차지하여 종묘사직을 위태롭게 하였다.\n다음 자료에 나타난 사건에 대한 설명으로 옳은 것은?\n청군의 개입으로 3일 만에 실패하였다.\n전개 과정에서 홍범 14조가 반포되었다.\n통리기무아문이 설치되는 계기가 되었다.\n조일 통상 장정이 체결되는 결과를 초래하였다.\n구식 군인에 대한 차별 대우가 발단이 되어 일어났다.""}]",ACCEPTED,NO,용어와 설명이 일치함,MK,COMPLETED
35,gold-case:481b2aa22a2200324ee5,term-review-task:9d0195b471fddde1dc7e,resolution-case:68e63b9d9f537b4ecf89,관음 신앙,사상,Concept,2,4,2,3,C03_05,EXACT_AND_EXPANDED,True,3,"[{""problem_id"": ""cj_v41_0680"", ""full_text"": ""(가)는 화엄 사상의 요지를 정리한 화엄일승법계도를 저술하였다. 또한 부석사를 비롯한 여러 사원을 건립하였고 관음 신앙을 강조하였다. (나)는 왕명에 따라 민중을 교화하고 불법을 널리 펴기 위해 노력하였다. 또한 향가인 보현십원가 11수를 지어 화엄 사상을 대중에게 전파하였다. (다)는 문종의 아들로 태어나 출가하였다. 송으로 건너가 고승들과 불법을 토론하고 불교 서적을 수집하여 귀국하였으며, 국청사를 중심으로 천태종을 창시하였다. (라)는 법화 신앙을 바탕으로 강진 만덕사에서 백련 결사를 결성하였다.\n(가)~(라) 승려에 대한 설명으로 옳은 것은?\n(가) - 심성의 도야를 강조한 유불 일치설을 주장하였다.\n(나) - 정혜쌍수와 돈오점수를 수행 방법으로 제시하였다.\n(다) - 불교 경전에 대한 주석서를 모아 교장을 편찬하였다.\n(라) - 9산 선문 중 하나인 가지산문을 개창하였다.\n(가)~(라) - 승과에 합격하고 왕사에 임명되었다.""}, {""problem_id"": ""cj_v41_0952"", ""full_text"": ""보내는 엽서가 나와 있다. 라는 내 용이 나와 있다. 이어 이라는 내용이 나와 있다. 이를 통해 주어진 자료 속 밑줄 그은 는 해동 화엄의 시조로 불리 는 신라의 원교국사 의상(625- 을 가리킴을 알 수 있다. 의상이 경 북 영주에서 부석사*를 세운 것은 문무왕 16년인 676년의 일이다. *부석사 창건 설화: 당에 유학했던 대사가 공부를 마치고 귀국길에 오르자 그 를 사모했던 선묘라는 여인이 용으로 변하여 귀국길을 도왔다. 신라에 돌아온 대사는 불법을 전파하는 중 자신이 원하는 절을 찾았다. 그런데 그곳은 이미 다 른 종파의 무리들이 있었다. 이때 선묘룡이 나타나 공중에서 커다란 바위로 변 신하여 절의 지붕 위에서 떨어질 듯 말 듯 하자 많은 무리들이 혼비백산하여 달아났다. 이러한 연유로 이 절을\n밑줄 그은 '이 승려'에 대한 설명으로 옳은 것은?\n황룡사 구층 목탑의 건립을 건의하였다.\n무애가를 지어 불교 대중화에 노력하였다.\n유식의 교의를 담은 해심밀경소를 저술하였다.\n승려들의 전기를 정리한 해동고승전을 편찬하였다.\n현세의 고난에서 구제받고자 하는 관음 신앙을 강조하였다.""}]",ACCEPTED,NO,용어와 설명이 일치함,MK,COMPLETED
36,gold-case:aeb1393b840ed646be23,term-review-task:b3c630a99ef938ca6b5f,resolution-case:dfc130c5e3f7462c4b97,사택적덕,인물,Person,2,3,2,3,C03_05,EXACT_AND_EXPANDED,False,2,"[{""problem_id"": ""cj_v41_img_62_05"", ""full_text"": ""금제 사리봉영기가 남긴 고대사의 수수께끼 2009년 이 탑의 해체 수리 중에 사리장엄구와 금제 사리봉영기가 발견되었다. 사리봉영기에는 '우리 백제 왕후께서는 좌평 사택적덕의 따님으로 …… 가람을 세우시고 기해년 정월 29일에 사리를 받들어 맞이하셨다.'라는 명문이 있어 큰 주목을 받았다. 이 탑을 세운 주체가 삼국유사에 나오는 선화 공주가 아니라 백제 귀족의 딸로 밝혀져 서동 왕자와 선화 공주 설화의 진위 여부에 대한 논란이 일어나기도 하였다.\n이 탑으로 옳은 것은?\n분황사 모전석탑\n경천사지 십층석탑\n미륵사지석탑\n영광탑\n감은사지 삼층석탑""}, {""problem_id"": ""cj_v41_0904"", ""full_text"": ""이 사진은 익산 미륵사지 서탑 출토 사리 장엄구의 발견 당시 모습이다. 삼국유사에는 (가)이/가 왕후인 신라 선화 공주의 발원으로 미륵사를 창건했다고 되어 있지만, 급제 사리봉영기에는 왕후가 백제 귀족 사택적덕의 딸로 기록되어 있다. 이로 인해 미륵사 창건 배경과 의자왕의 친모가 누구인지에 대한 논란이 벌어지기도 하였다.\n(가) 왕의 재위 시기 삼국의 상황으로 옳은 것은?\n고구려 – 을지문덕이 살수에서 수의 대군을 격파하였다.\n백제 – 고흥이 서기를 편찬하였다.\n백제 – 계백이 황산벌에서 군대를 이끌고 결사 항전하였다.\n신라 – 이사부가 우산국을 정복하였다.\n신라 – 사찬 시득이 기벌포에서 당군에 승리하였다.""}]",ACCEPTED,NO,용어와 설명이 일치함,MK,COMPLETED
37,gold-case:d854dfb994c48c80dcc8,term-review-task:91318deac57be38751a4,resolution-case:c639fd97ad052bdc8272,에네켄 농장,유적,Heritage,2,2,2,2,C01_02,EXACT_AND_EXPANDED,False,0,"[{""problem_id"": ""cj_v41_0321"", ""full_text"": ""이 사진은 1905년 (가) 의 유카탄반도로 계약 노동 이민자들을 수송했던 일포드호이다. 주택 무료 임대, 높은 임금 등을 내건 모집 광고를 믿고 이 화물선을 탄 천여 명의 한국인들은 한 달 넘게 걸려 에네켄 농장에 도착했다. 이들은 광고와 달리 사실상 노예와 다를 없는 생활을 하였다\n(가) 지역에서 있었던 민족 운동으로 옳은 것은?\n권업회의 기관지로 권업신문이 발간되었다.\n독립군 양성을 위한 숭무 학교가 설립되었다.\n북로 군정서가 조직되어 무장 투쟁을 실시하였다.\n주권 재민을 천명한 대동 단결 선언서가 작성되었다.\n유학생들이 중심이 되어 2⋅8독립 선언서를 발표하였다.""}, {""problem_id"": ""cj_v41_1375"", ""full_text"": ""사진은 (가) (으)로 이주한 한인 노동자들의 모습이다. 이민자들은 1905년 (가) 의 유카탄 반도에 도착한 뒤 에네켄 농장 20여 곳에 분산 배치되어 고된 노동에 시달렸습니다. 이들은 어려운 환경 속에서도 독립운동 자금을 모금하는 등 국권 회복을 위한 노력에 동참하였다. 재외 동포 이민사 생생방방송송 중중\n(가) 지역에서 있었던 민족 운동으로 옳은 것은?\n한인 자치 기구인 경학사를 조직하였다.\n권업회를 조직하고 권업신문을 발간하였다.\n중광단을 결성하여 항일 투쟁을 전개하였다.\n숭무 학교를 설립하여 독립군을 양성하였다.\n유학생들이 중심이 되어 2·8 독립 선언서를 발표하였다.""}]",ACCEPTED,NO,용어와 설명이 일치함,MK,COMPLETED
38,gold-case:de91303c42ef7b79608e,term-review-task:38e642887b60b064ac68,resolution-case:c727717ae4190d1f1406,우즈베키스탄,국가,Polity,1,3,2,2,C03_05,EXACT_AND_EXPANDED,False,1,"[{""problem_id"": ""cj_v41_1178"", ""full_text"": ""이 문서는 일제에 협력하는 것을 방지한다는 명분으로 (가) 의 한인들을 중앙아시아로 강제 이주 시키라는 명령서이다. 1937년에 소련 공산당 서기장 스탈린이 승인한 이 명령의 시행으로 블라디보스토크를 포함한 (가) 의 한인 10만 명 이상이 우즈베키스탄, 카자흐스탄 등지로 강제 이주당하였다.\n(가) 지역에서 일어난 민족 운동에 대한 설명으로 옳은 것은?\n권업회를 조직하고 신문을 발행하였다.\n한인 자치 기구인 경학사를 설립하였다.\n유학생을 중심으로 2·8 독립 선언서를 발표하였다.\n독립군 양성을 위해 대조선 국민 군단을 결성하였다.\n서전서숙과 명동 학교를 설립하여 민족 교육을 실시하였다.""}]",ACCEPTED,NO,용어와 설명이 일치함,MK,COMPLETED
39,gold-case:113eca22dd33390cbbef,term-review-task:32d38fa46a8d7eb435a0,resolution-case:0e959c8ebbe5091525f2,용원,인물,Person,2,10,2,8,C10,EXACT_AND_EXPANDED,True,0,"[{""problem_id"": ""cj_v41_0480"", ""full_text"": ""0 완산주를 다시 설치하고 용원을 총관으로 삼았다. 거열주를 나누어 청주(菁州)를 두니 처음으로 9주가 되었다. 대아찬 복서를 총관으로 삼았다. 0 서원소경을 설치하고 아산 원대를 사신(仕臣)으로 삼았다. 남원소경을 설치하고 여러 주와 군의 주민들을 옮겨 그곳에 나누어 살게 하였다.\n다음 정책을 실시한 왕의 재위 시기에 있었던 사실로 옳은 것은?\n금관가야가 멸망하였다.\n이사부가 우산국을 복속하였다.\n조세를 관장하는 품주가 설치되었다.\n관료전이 지급되고 녹읍이 폐지되었다.\n인재 등용을 위한 독서삼품과가 실시되었다.""}, {""problem_id"": ""cj_v41_0846"", ""full_text"": ""(가) 완산주를 다시 설치하고 용원을 총관으로 삼았다. 거열주를 빼서 청주(菁 州)를 두니 처음으로 9주가 되었다. 대아찬 복서를 총관으로 심았다. (나)현종견에 절도사를 폐지하고, 5도호와 75도 안무사를 두었으나, 얼마 후 안무시를 폐지하고, 4도호와 8목을 두었다. 그 이후로 5도-양계를 정하니, 양광 경상-전라-교주 서해 동계 북계가그것이다. (다각 도 각 고을의 이름을 고쳤다. --- 드디어 완산을 다시 '전주라고 칭하고, 계림을 다시 경주라고 칭하고, 서북면을 평안도토 하고, 동북면을 영길도'로 하였으니, 평양- 안주 영흥 길주가 계수관이기 때문이다. (라) 전국을 23부의 행정 구역으로 나누어 아래에 열거하는 각 부를 목사, 부사, 군수, 서윤, 판관, 현령, 현감의 관명을 다 없에고 읍의 명칭을 군이라고 하며 읍 장관의 관명을 군수라고 한다. 〈보기〉 그. (가) - 신문왕 재위 시기에 정비되었다. (나)- 지방 장관으로욕살 처려근지 등이 있었다. 다 (다) - 도에는 관찰사가 임명되어 수령을 감독하였다. ㄹ. (라) - 광무 개혁의 일환으로 실시되었다.\n(가)~(라) 지방 통치 체제에 대한 설명으로 옳은 것을 ＜보기＞에서 고른 것은?\nㄱ, ㄴ\nㄱ, ㄷ\nㄴ, ㄷ\nㄴ, ㄹ\nㄷ, ㄹ""}]",ACCEPTED,NO,용어와 설명이 일치함,MK,COMPLETED
40,gold-case:1c9fd13308d34ad9bfc7,term-review-task:7ecaaabb664731215cc5,resolution-case:1761ae30c6b9a1a7b7ed,반어피,유물,Heritage,10,2,2,1,C01_02,EXACT_ONLY,False,0,"[{""problem_id"": ""cj_v41_0098"", ""full_text"": ""신지, 읍차 등의 지배자가 있었던 나라에 대해 발표해 볼까요? 벼농사가 발달하였고, 씨뿌리기가 끝난 5월과 추수를 마친 10월에 제천 행사를 열었습니다. (가)\n(가)에 들어갈 내용으로 옳은 것은?\n혼인 풍습으로 민며느리제가 있었다.\n대가들이 사자, 조의, 선인을 거느렸습니다.\n제사장인 천군과 신성 지역인 소도가 있었다.\n남의 물건을 훔쳤을 때는 12배로 갚게 하였다.\n단궁, 과하마, 반어피 등이 특산물로 유명하였다.""}, {""problem_id"": ""cj_v41_0146"", ""full_text"": ""(가)의 사회와 경제 풍습: 산천을 중시하여 산과 내, 바다, 읍락의 경계가 있어 함부로 들어가지 않는다. 다른 읍락을 침범하면 소나 말 등으로 변상하게 하는 책화가 있다. 특산물: 낙랑의 단궁이 그 땅에서 나고, 바다에서는 반어피가 산출된다. 무늬 있는 표범과 과하마 등이 유명하다.\n(가) 나라에 대한 설명으로 옳은 것은?\n신성 지역인 소도가 존재하였다.\n정사암에 모여 재상을 선출하였다.\n읍군이나 삼로라는 지배자가 있었다.\n12월에 영고라는 제천 행사를 열었다.\n도둑질한 자에게 12배로 배상하게 하였다.""}, {""problem_id"": ""cj_v41_0379"", ""full_text"": ""(가) 여자의 나이가 열 살이 되기 전에 혼인을 약속하고, 신랑 집에서 맞이하여 장성할 때까지 기른다. 여자가 장성하면 여자 집으로 돌아가게 한다. 여자 집에서는 돈을 요구하는데, 신랑 집에서 돈을 지불한 후 다시 데리고 와서 아내로 삼는다. (나) 읍마다 우두머리가 있어 세력이 강대한데 신지라 하고, …… 그 다음은 읍차라 하였다. 나라에는 철이 생산되는데 예(濊), 왜(倭) 등이 와서 사간다. 무역에서 철을 화폐로 사용한다.\n(가), (나) 나라에 대한 설명으로 옳은 것은?\n(가) - 신성 지역인 소도가 존재하였다.\n(가) - 삼로라 불린 우두머리가 읍락을 다스렸다.\n(나) - 여러 가(加)들이 별도로 사출도를 주관하였다.\n(나) - 단궁, 과하마, 반어피 등의 특산물이 유명하였다.\n(가), (나) - 한 무제가 파견한 군대의 공격으로 멸망하였다.""}]",ACCEPTED,NO,용어와 설명이 일치함,MK,COMPLETED
41,gold-case:108506a00c4a4545ba91,term-review-task:75510239521703b483ac,resolution-case:cba44aac5ee159418aa6,친일반민족행위진상규명위원회,기관,Institution,1,4,2,4,C03_05,EXACT_AND_EXPANDED,False,0,"[{""problem_id"": ""cj_v41_0615"", ""full_text"": ""오늘 헌법 재판소는 헌정 사상 초유의 대통령 탄핵 소추 심판 청구에 대해 기각을 결정하였다. 국회가 제기한 탄핵 사유는 대통령을 파면시킬 만큼 중대한 직무상 위배라고 보기 어렵다는 판단이다.\n다음 뉴스가 보도된 정부 시기에 있었던 사실로 옳은 것은?\n서울 올림픽 대회가 개최되었다.\n국가 인권 위원회가 설립되었다.\n전국 민주 노동조합 총연맹이 창립되었다.\n중국과 자유 무역 협정(FTA)이 체결되었다.\n친일 반민족 행위 진상 규명 위원회가 출범하였다.""}]",ACCEPTED,NO,용어와 설명이 일치함,MK,COMPLETED
42,gold-case:1a7261c1ab933a43d819,term-review-task:8f1907b1d13c80de1a57,resolution-case:5f4f8ec276a9cb10266c,미국,국가,Polity,13,10,2,9,C10,EXACT_AND_EXPANDED,True,0,"[{""problem_id"": ""cj_v41_0028"", ""full_text"": ""현재 조선에 가장 시급한 외교 사안이 무엇이라고 생각하십니까? 러시아를 막는 것이다. 이를 위해서는 중국을 가까이하고, 일본과 관계를 공고히 하며, 미국과 연계하여 자강을 도모해야 합니다. - 황준헌, 조선책략 -\n다음 가상 대화 이후 전개된 사실로 옳은 것을 ＜보기＞에서 고른 것은?\nㄱ, ㄴ\nㄱ, ㄷ\nㄴ, ㄷ\nㄴ, ㄹ\nㄷ, ㄹ""}, {""problem_id"": ""cj_v41_0220"", ""full_text"": ""한국사 동영상 제작 계획안 (가), 서양의 근대 문물을 직접 목격하다 기획 의도: 미국 공사의 부임에 대한 답례로 파견된 (가)의 발자취를 통해 근대 문물을 시찰한 과정을 살펴본다. 장면별 구성 #1. 대륙 횡단 열차를 타고 워싱턴에 도착하다. #2. 뉴욕에서 미국 대통령 아서를 접견하다. #3. 보스턴 만국 박람회를 참관하다. #4. 병원, 전신 회사, 우체국 등을 시찰하다.\n(가) 사절단에 대한 설명으로 옳은 것은?\n수신사라는 이름으로 보내졌다.\n조선책략을 들여와 국내에 소개하였다.\n기기국에서 무기 제조 기술을 배우고 돌아왔다.\n개화 반대 여론을 의식하여 비밀리에 파견되었다.\n전권대신 민영익과 부대신 홍영식 등으로 구성되었다.""}, {""problem_id"": ""cj_v41_0270"", ""full_text"": ""청일 전쟁 이후 열강이 침탈한 이권 국가: 독일, 일본, 미국, 러시아, 프랑스 사례: (가), (나), (다), (라), (마)\n(가)~(마)에 들어갈 내용으로 옳지 않은 것은?\n(가) - 당현 금광 채굴권\n(나) - 경부선 철도 부설권\n(다) - 운산 금광 채굴권\n(라) - 울릉도 삼림 채벌권\n(마) - 경인선 철도 부설권""}]",ACCEPTED,NO,용어와 설명이 일치함,MK,COMPLETED
43,gold-case:313c4fb3a8a2c4a99a14,term-review-task:050dc818f96f2e508bed,resolution-case:2c9179c54c2f9b83572f,주심포 양식,제도,Concept,1,7,2,6,C06_09,EXPANDED_ONLY,True,0,"[{""problem_id"": ""cj_v41_img_57_15"", ""full_text"": ""우리나라에 현존하는 가장 오래된 목조 건축물에 대해 이야기해 보자.\n공민왕 때 지붕을 크게 수리했다는 상량문의 기록을 통해 건축 연대를 추정할 수 있지.\n공포가 기둥위에만 있는 주심포 양식의 건물로, 지붕의 형태는 맞배지붕이야.\n다음 대화에 해당하는 문화유산으로 옳은 것은?\n안동 봉정사 극락전\n보은 법주사 팔상전\n구례 화엄사 각황전\n예산 수덕사 대웅전\n영주 부석사 무량수전""}]",ACCEPTED,NO,용어와 설명이 일치함,MK,COMPLETED
44,gold-case:f1480c39cc5ceed5dfdc,term-review-task:ed0714fd012e333170b9,resolution-case:a46c2cc87914c9658992,하복연,인물,Person,1,5,2,3,C03_05,EXPANDED_ONLY,False,6,"[{""problem_id"": ""cj_v41_0103"", ""full_text"": ""이것은 (가)의 중대성에서 일본의 태정관에 보낸 외교 문서의 사본이다. 문서에는 정당성의 좌윤 하복연 등 주요 사신단의 명단과 두 나라의 우호를 돈독히 하고자 사신을 파견한다는 내용 등이 담겨 있다. 오늘 소개해 주실 자료는 무엇인가요?\n(가) 국가에 대한 설명으로 옳은 것은?\n광군을 창설하여 외침에 대비하였다.\n주자감을 설치하여 인재를 양성하였다.\n골품제라는 엄격한 신분제를 마련하였다.\n9주 5소경의 지방 행정 제도를 갖추었다.\n왕족인 부여씨와 8성의 귀족이 지배층을 이루었다.""}]",REJECTED,NO,일치하는 항목 없음,MK,COMPLETED
45,gold-case:ca3ff51753cac533f849,term-review-task:2022d596ca5bae835606,resolution-case:f662dc43cfc13b51dbb0,돌널무덤,유적,Heritage,2,10,2,8,C10,EXACT_AND_EXPANDED,False,6,"[{""problem_id"": ""cj_v41_0427"", ""full_text"": ""이것은 제주 고산리 유적에서 발굴된 이른 민무늬 토기이다. 이 토기의 출토로 우리나라의 (가) 시대가 기원전 8000년경부터 시작되었음을 알게 되었다. 고산리 유적에서는 화살촉, 갈돌, 갈판 등의 석기도 나왔습니다. 이른 민무늬 토기\n(가) 시대의 생활 모습으로 옳은 것은?\n고인돌, 돌널무덤 등을 만들었다.\n거푸집을 이용하여 청동검을 제작하였다.\n농경과 목축을 시작하여 식량을 생산하였다.\n주로 동굴에 살면서 사냥과 채집 생활을 하였다.\n쟁기, 쇠스랑 등의 철제 농기구를 써서 농사를 지었다.""}, {""problem_id"": ""cj_v41_0666"", ""full_text"": ""강원도 양양군 오산리에서 시대 마을 유적이 발굴되었다. 약 8천 년 전에 형성된 집터에서는\n(가) 시대의 생활 모습으로 옳은 것은?\n주로 동굴이나 막집에서 거주하였다.\n고인돌, 돌널무덤 등을 축조하였다.\n명도전을 이용하여 중국과 교역하였다.\n농경과 목축을 통하여 식량을 생산하였다.\n비파형 동검과 거친무늬 거울 등을 제작하였다.""}]",ACCEPTED,NO,용어와 설명이 일치함,MK,COMPLETED
46,gold-case:320096b11f7fcc557cab,term-review-task:474a82bd1268d947097c,resolution-case:c3ec9934758925132cd8,괭이,유물,Heritage,1,7,2,7,C06_09,EXACT_AND_EXPANDED,False,0,"[{""problem_id"": ""cj_v41_1144"", ""full_text"": ""[체험 프로그램 기획안] (가) 시대로 떠나는 시간 여행 ▣ 기획 의도 뗀석기를 처음 사용한 (가) 시대 사람들의 생활을 다양한 활동을 통해 체험할 수 있는 기회를 마련하고자 함. ▣ 체험 프로그램 예시 [주먹도끼로 고기 자르기] [마찰식 점화법으로 불 피우기] ▣ 장소: 연천 전곡리 유적 체험 마당\n(가) 시대의 생활 모습으로 옳은 것은?\n주로 동굴이나 바위 그늘에서 살았다.\n청동 방울 등을 의례 도구로 사용하였다.\n따비와 괭이로 땅을 갈아 농사를 지었다.\n거푸집을 이용하여 세형동검을 제작하였다.\n빗살무늬 토기를 만들어 식량을 저장하였다.""}]",ACCEPTED,NO,용어와 설명이 시대상 부합함,MK,COMPLETED
47,gold-case:b2791c7a4770977f7355,term-review-task:3e0998c43a616cfb74b3,resolution-case:8d68f4190eb61de1f7b1,대한자강회,단체,Organization,3,4,2,3,C03_05,EXACT_AND_EXPANDED,True,1,"[{""problem_id"": ""cj_v41_0794"", ""full_text"": ""이것은 (가)을/를 주도한 단체의 제7회 전국대회 포스터이다. '모혀라 자유평등의 기치하에로'라는 문구가 있으며, '경성 천도교 기념관'에서 개최된다고 알리고 있다. 진주에서 시작된 (가)은/는 '공평은 사회의 근본이요, 애정은 인류의 본량(本良)'이라는 구호 아래 전개되었다.\n(가) 운동에 대한 설명으로 옳은 것은?\n통감부의 탄압으로 중단되었다.\n중국의 5·4 운동에 영향을 주었다.\n대한 자강회가 결성되는 배경이 되었다.\n백정에 대한 사회적 차별 철폐를 주장하였다.\n여성 교육의 중요성을 강조한 여권통문을 발표하였다.""}, {""problem_id"": ""cj_v41_1368"", ""full_text"": ""이준 연보 1859년 함경도 북청에서 출생 1895년 법관 양성소 졸업 1898년 ㉠ 독립 협회 가입 1904년 ㉡ 보안회 조직 일제의 압력으로 황해도 철도(鐵島)로 유배 1905년 ㉢ 헌정 연구회 조직 1906년 ㉣ 대한 자강회 조직 1907년 ㉤ 신민회 가입 네덜란드 헤이그 만국 평화 회의에 특사로 파견, 사망 1962년 건국훈장 대한민국장 추서\n㉠~㉤에 대한 설명으로 옳은 것은?\n고종 강제 퇴위 반대 운동을 전개하였다.\n일제의 황무지 개간권 요구를 저지시켰다.\n일제가 조작한 105인 사건으로 와해되었다.\n대성 학교를 설립하여 민족 교육을 실시하였다.\n조소앙의 삼균주의를 기초로 건국 강령을 발표하였다.""}, {""problem_id"": ""cj_v41_1517"", ""full_text"": ""백정 계급의 주위를 포위하고 이를 압박하는 계급은 결코 양반 계급의 그것뿐이 아니요. [백정 계급은] 중인 계급에게도 능욕과 천대를 받는 것이며, 오늘날 사회 제도의 결함으로부터 발생된 모든 계급(민족적 우월 계급, 경제적 우월 계급)에게 압박과 착취를 당하는 자이다. 한과 원망이 가슴에 자고 설움과 눈물이 거듭하여 어리석은 고식적 보수에 잠자오던 백정 계급은 원래의 무지와 전통을 버리고 모름지기 저 화염 속으로 그들의 이상을 관철하여야 할 것이며, 이러한 역사적 사명을 갖고 있는 것이 아닌가. - 척후대\n다음 자료를 활용한 탐구 활동으로 가장 적절한 것은?\n보안회의 활동 내용을 분석한다.\n조선 형평사의 창립 목적을 파악한다.\n군국기무처가 설치된 계기를 찾아본다.\n전주 화약이 체결되는 과정을 알아본다.\n대한 자강회가 해산된 배경을 조사한다.""}]",ACCEPTED,NO,용어와 설명이 일치함,MK,COMPLETED
48,gold-case:2b3e4d7af2eb726c84de,term-review-task:bc0ebe54d1596f9e313c,resolution-case:e2a2cb2bd7f03dd2fb4b,청동 낙타상,유물,Heritage,2,10,2,10,C10,EXPANDED_ONLY,False,15,"[{""problem_id"": ""cj_v41_0717"", ""full_text"": ""기획 전시 (가), 다양한 문화를 융합하다 우리 박물관에서는 (가)의 문화에 대해 깊이 이해할 수 있는 전시회를 개최합니다. 많은 관람 바랍니다. - 기간: 2022. ○○. ○○. ~ ○○. ○○. - 장소: △△ 박물관 기획 전시실 - 전시관 안내 [1관] 고구려 문화의 계승: 연꽃무늬 수막새와 치미 [2관] 당 문화의 수용: 상경성 평면도 [3관] 말갈 문화의 요소: 말갈계 토기 [4관] 서역과의 교류: 청동 낙타상\n(가) 국가에 대한 설명으로 옳은 것은?\n후당과 오월에 사신을 파견하였다.\n주자감을 설치하여 인재를 양성하였다.\n9서당과 10정의 군사 조직을 운영하였다.\n화백 회의에서 국가의 중대사를 논의하였다.\n내신좌평, 위사좌평 등 6좌평의 관제를 마련하였다.""}, {""problem_id"": ""cj_v41_1293"", ""full_text"": ""이 지도는 (가)이/가 주변 국가들과 교역하는 데 이용한 교통로를 나타낸 것이다 이 국가는 교통로를 통 해 담비·호랑이·표범·곰 등의 가죽과 인삼·우황 등의 약재를 주요 품 목으로 주변 국가들과 교역하였다. 또한 소그드 은화, 청동 낙 타상 등 출토 유물을 통해 서역과의 교류 사실도 확인할 수 있습니 다 가 화살표로 표시되어 있다. 주요 교통로가 나와 있는 것을 통해 주어진 자료 속\n(가) 국가에 대한 설명으로 옳은 것은?\n왜에 칠지도를 만들어 보냈다.\n9서당 10정의 군사 조직을 운영하였다.\n광평성을 비롯한 각종 정치 기구를 마련하였다.\n제사장인 천군과 신성 지역인 소도가 존재하였다.\n서적 관리, 주요 문서 작성을 위해 문적원을 두었다.""}]",REJECTED,NO,설명에 해당 항목이 언급되기는 했지만 중요도가 낮아서,MK,COMPLETED
49,gold-case:3efb8aa09b35621f7198,term-review-task:d57990b0396dafb7fe84,resolution-case:6e8f27ec02bc20aaa58b,불교 개혁 운동,사건,Event,1,8,2,8,C06_09,EXPANDED_ONLY,False,0,"[{""problem_id"": ""cj_v41_0464"", ""full_text"": ""이곳 심우장은 (가)이/가 조선 총독부를 마주하지 않겠다며 북향으로 지었다고 합니다. 님의 침묵 등을 지은 (가)은/는 일제의 탄압에도 굴하지 않다가 광복 직전 이곳에서 돌아가셨습니다.\n(가) 인물에 대한 설명으로 옳은 것은?\n우리말 큰사전 편찬 사업을 추진하였다.\n유교 개혁을 주장하는 유교 구신론을 제창하였다.\n월간지 유심을 발간하여 불교 개혁 운동에 힘썼다.\n진단 학회를 설립하여 실증주의 사학을 발전시켰다.\n독사신론을 저술하여 민족주의 사학의 기반을 마련하였다.""}]",ACCEPTED,NO,불교정화운동,MK,COMPLETED
50,gold-case:3fb4c0e1ee2fefc7d020,term-review-task:9855b0614f8fd8ac198d,resolution-case:003a5d4a1b6e7ec6d2f3,안북부,지명,Place,1,3,2,2,C03_05,EXACT_AND_EXPANDED,False,1,"[{""problem_id"": ""cj_v41_0390"", ""full_text"": ""(가) 왕이 서경에서 안북부까지 나아가 머물렀는데, 거란의 소손녕이 봉산군을 공격하여 파괴하였다는 소식을 듣자 더 가지 못하고 돌아왔다. 서희를 보내 화의를 요청하니 침공을 중지하였다. (나) 강감찬이 수도에 성곽이 없다 하여 나성을 쌓을 것을 요청하니 왕이 그 건의를 따라 왕가도에게 명령하여 축조하게 하였다.\n(가), (나) 사이의 시기에 있었던 사실로 옳은 것은?\n사신 저고여가 귀국길에 피살되었다.\n화통도감이 설치되어 화포를 제작하였다.\n강조가 정변을 일으켜 목종을 폐위시켰다.\n나세, 심덕부 등이 진포에서 왜구를 물리쳤다.\n공주 명학소에서 망이·망소이가 난을 일으켰다.""}]",ACCEPTED,NO,용어와 설명이 일치함,MK,COMPLETED
51,gold-case:fa374e65b5d3afcc153b,term-review-task:9154ea1b534ce3229875,resolution-case:cc5ac481e7b7a1f1e4ba,단군 신앙,사상,Concept,1,4,2,3,C03_05,EXACT_AND_EXPANDED,True,0,"[{""problem_id"": ""cj_v41_1130"", ""full_text"": ""지난 개천절을 기회로 하여 (가) 은/는 나철이 만주에서 독립운동을 계획했다는 이유로 단군 신앙을 기반으로 창시한 (가) 간부 7명이 동대문 종 교 인 데 , 민 족 의 식 을 고 취 할 경찰서에 체포되었다는 기사가 뿐만 아 니 라 독 립 운 동 도 전 개 실렸구나. 하고 있네요.\n(가) 종교에 대한 설명으로 옳은 것은?\n개벽, 신여성 등의 잡지를 발간하였다.\n한용운 등이 사찰령 폐지를 주장하였다.\n박중빈을 중심으로 새생활 운동을 펼쳤다.\n김창숙의 주도로 파리 장서 운동을 전개하였다.\n무장 투쟁을 전개하기 위해 중광단을 조직하였다.""}]",ACCEPTED,NO,용어와 설명이 일치함,MK,COMPLETED
52,gold-case:a62e861a8a10855f1661,term-review-task:499fb95fd3426f553c39,resolution-case:ff3582197bb4de96e889,예성강,지명,Place,6,9,2,6,C06_09,EXACT_AND_EXPANDED,True,12,"[{""problem_id"": ""cj_v41_0159"", ""full_text"": ""0 토지의 비옥함과 척박함을 구분하여 문무백관에서 부병(府兵), 한인(閑人)에 이르기까지 모두 과(주斗)에 해당하는 토지를 주고, 또 괴에 따라 땔나무를 구할 땅을 주었다. 0 도평의사시에서 방을 붙여 알리기를, “지금부터 은병 미를 쌀로 환산하여 개경에서는 15~16석, 지방에서는 18~19석의 비율로 하되, 경시서에서 그 해의 풍흉을 살펴 그 값을 정할 것이다.” 라고 하였다. (0\n다음 정책을 실시한 국가의 경제 상황으로 옳은 것은?\n모내기법이 전국적으로 확산되었다.\n덕대가 광산을 전문적으로 경영하였다.\n면화, 담배 등이 상품 작물로 재배되었다.\n예성강 하구의 벽란도가 국제 무역항으로 번성하였다.\n토지의 비옥도에 따라 6등급으로 나누어 전세를 거두었다.""}, {""problem_id"": ""cj_v41_0436"", ""full_text"": ""지도와 같이 전국 13곳의 조창에 조세를 모았다가 개경의 경창 등으로 조운하였던 시기의 경제 상황을 말해 볼까요? 주요 조창: 안흥창, 영풍창, 진성창, 해릉창, 장흥창, 덕흥창, 석두창, 통양창 등\n교사의 질문에 대한 학생의 답변으로 옳은 것은?\n관료전을 지급하고 녹읍을 폐지하였다.\n덕대가 광산을 전문적으로 경영하였다.\n고구마, 감자 등의 구황 작물을 재배하였다.\n일본과의 무역을 허용하고 계해약조를 체결하였다.\n예성강 하구의 벽란도가 국제 무역항으로 번성하였다.""}, {""problem_id"": ""cj_v41_0681"", ""full_text"": ""이 작품은 이규보가 예성강 하구의 정경을 묘사한 시이다. 이곳에 있던 벽란도는 (가)의 국제 무역항으로 송과 아라비아 상인들이 왕래할 정도로 번성했다. 조수가 들고나니 오고 가는 배의 꼬리가 이어졌구나 아침에 이 누각 밑을 떠나면 한낮이 되지 않아 돛대는 남만(南蠻)에 이르도다 사람들은 배를 보고 물 위의 역마라고 하지만 바람처럼 달리는 준마도 이보다 빠르지는 못하리\n(가) 국가에 경제 상황으로 옳은 것은?\n송상이 전국 각지에 송방을 두었다.\n활구라고 불리는 은병을 주조하였다.\n동시전을 설치하여 시장을 감독하였다.\n담배, 면화, 생강 등 상품 작물을 널리 재배하였다.\n일본과 교역을 위해 부산포, 염포, 제포를 개항하였다.""}]",ACCEPTED,NO,용어와 설명이 일치함,MK,COMPLETED
53,gold-case:9f195bcec537fabf7155,term-review-task:19e5d1083d313701b9e4,resolution-case:60d1fe4d4b13883a3a14,경상우병사,제도,Concept,3,8,2,7,C06_09,EXPANDED_ONLY,True,3,"[{""problem_id"": ""cj_v41_0217"", ""full_text"": ""경상도 안핵사 박규수 아뢰옵니다. -4 금번 진주의 백성들이 변란을 일으킨 것은 오로지 전 경상 우병사 백낙신이 탐욕을 부려 수탈하였기 때문이다. 변란을 격발시킨 최를 물어 그를 엄중히 처결하도록 하소서.\n‘변란’에 대한 설명으로 옳은 것은?\n홍경래가 주도하여 봉기하였다.\n청군이 파병되는 결과를 가져왔다.\n흥선 대원군 집권 시기에 일어났다.\n삼정이정청이 설치되는 계기가 되었다.\n보국안민, 제폭구민을 기치로 내걸었다.""}, {""problem_id"": ""cj_v41_0358"", ""full_text"": ""진주의 난민들이 경상 우병사 백낙신을 협박하고 사람을 참혹하게 죽이는 사건이 일어났다고 합니다. 난민들이 이렇게 극도에 이른 경우는 없었는데, 평소에 잘 위무했다면 어찌 이런 일이 있었겠는가? 박규수를 경상도 안핵사로 내려 보내 사태를 수습토록 하라.\n‘사건’에 대한 설명으로 옳은 것은?\n청의 군대에 의해 진압되었다.\n삼정이정청이 설치되는 계기가 되었다.\n서북인에 대한 차별에 반발하여 일어났다.\n남접과 북접이 연합하여 조직적으로 전개되었다.\n함경도와 황해도에 방곡령이 선포되는 결과를 가져왔다.""}, {""problem_id"": ""cj_v41_1073"", ""full_text"": ""자네 소식 들었나? 지난달 진주에서 백성들이 난을 일으켜 관아를 습격하고 아전의 집을 불태웠다더군 나도 들었네. 경상 우병사 백낙 신의 탐학과 향리들의 횡포에 맞서 유계춘이 주도하였다고 하더군 경상 우병사 백낙신\n다음 가상 대화가 이루어진 시기의 사회 모습으로 가장 적 절한 것은?\n빈민 구제를 위해 흑창이 설치되었다.\n원종과 애노가 사벌주에서 봉기하였다.\n홍건적의 침입으로 개경이 함락되었다.\n지배층을 중심으로 변발과 호복이 유행하였다.\n안동 김씨 등의 세도 정치로 매관매직이 성행하였다.""}]",UNRESOLVED,NO,해당 용어와 정확하게 매칭되는 설명이 없음,MK,COMPLETED
54,gold-case:a0b1307b07c262896bb5,term-review-task:9372738e594ff4c176fa,resolution-case:4d114b276166741f262d,대학 졸업 정원제,정책,Concept,1,2,2,2,C01_02,EXACT_AND_EXPANDED,False,0,"[{""problem_id"": ""cj_v41_0189"", ""full_text"": ""대통령은 신년사에서 월드컵과 부산 아시안 게임 개최로 국운 융성의 한 해를 만들자고 강조하며, 공명한 대통령 선거와 지방 자치 선거에 최선을 다하겠다고 밝혔습니다. 이와 더불어 정부도 경제적 정의 실현과 사회 안전망 강화를 통해 중산층과 서민 생활 안정에 노력하겠다고 발표했다.\n‘정부’ 시기의 사실로 옳은 것은?\n호주제가 폐지되었다.\n대학 졸업 정원제가 시행되었다.\n노인 장기 요양 보험법이 제정되었다.\n국민 기초 생활 보장법이 실시되었다.\n중학교 무시험 진학 제도가 시작되었다.""}]",ACCEPTED,NO,용어와 설명이 일치함,MK,COMPLETED
55,gold-case:014010e1f99d8d9d8ada,term-review-task:cf36dc1c3f28374a621c,resolution-case:a48bac39ed3d857ffc18,민족주의,사상,Concept,2,10,2,7,C10,EXACT_AND_EXPANDED,True,0,"[{""problem_id"": ""cj_v41_0133"", ""full_text"": ""4 이것은 순종의 인산일에 일어난 당시 장례 행렬에 모인 사람들에게 뿌려진 격문의 일부이다. - 대한 독립운동가여 단결하라! - 일체 납세를 거부하자! - 일본 물자를 배척하자! - 언론 - 출판 - 집회의 자유를! - 보통 교육은 의무 교육으로! - 교육 용어는 조선어로!\n(가) 민족 운동에 대한 설명으로 옳은 것은?\n대구에서 시작되어 전국으로 확산되었다.\n대한민국 임시 정부 수립에 영향을 주었다.\n민족주의 진영과 사회주의 진영이 함께 준비하였다.\n일제가 이른바 문화 통치를 실시하는 배경이 되었다.\n신간회 중앙 본부가 진상 조사단을 파견하여 지원하였다.""}, {""problem_id"": ""cj_v41_0277"", ""full_text"": ""행동 강령 1. 여성에 대한사회적 - 법률적 일체 차별 철폐 2. 일체 봉건적 인습과 미신 다파 3. 조혼 폐지 및 결혼의 자유 4. 인신매매 및 공창폐지 5. 농민 부인의 경제적 이익 옹호 6. 부인 노동의 임금 차별 철폐 및 산전 산후 임금 지불 7. 부인 및 소년공의 위험 노동 및 야입 폐지\n다음 강령을 발표한 단체에 대한 설명으로 옳은 것은?\n3·1 운동에 주도적으로 참여하였다.\n상하이에서 대동 단결 선언을 발표하였다.\n여성 교육을 위해 이화 학당을 설립하였다.\n최초의 여성 권리 선언문인 여권통문을 공표하였다.\n민족주의 계열과 사회주의 계열의 여성들이 연합하였다.""}]",ACCEPTED,NO,용어와 설명이 일치함,MK,COMPLETE
56,gold-case:ad195e088fc9dc29da1e,term-review-task:d6c48cccd2b50ade8170,resolution-case:cbb94badf19c7c9442a6,칠정산 외편,문헌,Work,1,3,2,2,C03_05,EXACT_AND_EXPANDED,True,0,"[{""problem_id"": ""cj_v41_0065"", ""full_text"": ""이 우표 속 인물은 15세기 조선의 과학 기술 발전에 기여하였다. 이 인물의 활동에 대해 말해 볼까요? 〈한국 과학 기술인 기념우표에 선정된 인물 탐구〉 - 생몰: ?~1465년 - 주요 활동 - 세종 때 문과 급제 - 갑인자 제작에 참여 - 천문의 상을 교정·제작 - 저서: 제가역상집, 교식추보법 등\n교사의 질문에 대한 학생의 답변으로 옳은 것은?\n종두법을 소개하였다.\n거중기를 설계하였다.\n동의보감을 완성하였다.\n칠정산 외편을 편찬하였다.\n대동여지도를 제작하였다.""}]",ACCEPTED,NO,용어와 설명이 일치함,MK,COMPLETE
57,gold-case:f336764cc20815b2afbf,term-review-task:9c1b42a2ac733d88b717,resolution-case:7e012c6b33655eefcb0a,불이선란도,문화재,Heritage,1,2,2,2,C01_02,EXPANDED_ONLY,False,0,"[{""problem_id"": ""cj_v41_img_78_26"", ""full_text"": ""불이선란도\n이 작품은 (가) 이/가 자신만의 서예 필법으로 글씨 쓰듯이 그린 것이다. 그림 속 글과 도장을 통해 그의 예술 세계와 소장자 변동 등을 확인 할 수 있다. (가) 은/는 혹독한 제주도 유배 시절을 견뎌내며 추사체 라는 독창적 서체를 남겼다.\n(가) 인물의 작품으로 옳은 것은?\n월하정인\n매화초옥도\n불이선란도\n야묘도추\n세한도""}]",ACCEPTED,NO,용어와 설명이 일치함,MK,COMPLETE
58,gold-case:7036283c890ecceb3235,term-review-task:2373426378f0655de0c6,resolution-case:dcc8b309c63d85d2963e,인골,유물,Heritage,1,10,2,10,C10,EXPANDED_ONLY,False,0,"[{""problem_id"": ""cj_v41_1482"", ""full_text"": ""오늘 소개할 곳은 여수 안도 조개더미 유적이다. 이 유적에서는 농경과 목축이 시작된 (가) 시대의 인골과 조개팔찌 등이 출토되어 당시의 매장 풍습을 확인할 수 있다. 또한 이 유적에서 출토된 덧무늬 토기, 눌러찍은 무늬 토기 등을 통해 (가) 시대에는 빗살무늬 토기 이외에도 다양한 토기가 사용되었음을 알 수 있다.\n(가) 시대의 생활 모습으로 가장 적절한 것은?\n청동 방울 등을 의례 도구로 이용하였다.\n주먹도끼 등 뗀석기를 만들기 시작하였다.\n거푸집을 사용하여 세형 동검을 제작하였다.\n쟁기, 쇠스랑 등의 철제 농기구를 사용하였다.\n가락바귀와 뼈바늘을 이용하여 옷을 만들었다.""}]",UNRESOLVED,NO,해당 용어가 단독적으로 등장할 확률 낮음,MK,COMPLETE
59,gold-case:3a59d43f3114cee3655c,term-review-task:0c7fb90cbf2cc51b7046,resolution-case:9a51874ca9b4ade162f0,창경궁,유적,Heritage,2,10,2,8,C10,EXACT_AND_EXPANDED,True,0,"[{""problem_id"": ""cj_v41_0445"", ""full_text"": ""이곳은 창경궁의 정문인 홍화문이다. 창경궁은 (가)이/가 정희 왕후 등 세 분의 대비를 모시기 위해 수강궁을 수리하여 조성한 궁궐이다. (가)은/는 경국대전 완성 등 많은 업적을 남겼습니다.\n(가) 왕의 재위 기간에 있었던 사실로 옳은 것은?\n탕평비가 건립되었다.\n상평통보가 주조되었다.\n악학궤범이 간행되었다.\n훈련도감이 설치되었다.\n초계문신제가 시행되었다.""}, {""problem_id"": ""cj_v41_0887"", ""full_text"": ""답사 계획서 回 주제: 근대 역사의 현장을 찾아서 기간. 2023년 00월 00일1 10:00~16:00 경로. 기기창- 제중원 터 -박문국 터 -중명전 -수 원각사 터 (가) 기기창 경복궁 사직단 (마) 원각사 터 경회궁 덕수궁 (라》 중명전 숭례문 창경궁 (나) 저조 터 창덕궁 운현궁 종묘 청계천 (다) 박문국 터\n(가)~(마)에 대한 설명으로 옳은 것은?\n(가) - 우리나라 최초의 근대 신문이 간행되었다.\n(나) - 고종의 황제 즉위식이 거행된 장소이다.\n(다) - 백동화가 주조되었다.\n(라) - 을사늑약이 체결되었다.\n(마) - 나운규의 아리랑이 처음 상영된 곳이다.""}]",ACCEPTED,NO,용어와 설명이 일치함,MK,COMPLETE
60,gold-case:484ac6107c0b21789953,term-review-task:8dc175a4c6dc39406acd,resolution-case:74c4da9d600d49b87627,북방정책,정책,Concept,1,6,2,6,C06_09,EXACT_AND_EXPANDED,False,1,"[{""problem_id"": ""cj_v41_1432"", ""full_text"": ""하계 올림픽을 성공적으로 마친 대통령은 오늘 한국 국가 원수로서 처음으로 헝가리를 방문하였다. 헝가리는 우리 정부의 북방정책에 대한 지지와 협력 의사를 함께 표명하였다. 이것은 정부가 발표한 7·7 선언의 성과로 평가되고 있다.\n다음 뉴스가 보도된 정부 시기의 통일 노력으로 옳은 것은?\n남북 조절위원회가 구성되었다.\n남북한이 유엔에 동시 가입하였다.\n금강산 해로 관광 사업이 시작되었다.\n개성에 남북 경제 협력 협의 사무소가 설치되었다.\n최초로 남북 이산가족 고향 방문단 교환이 이루어졌다.""}]",ACCEPTED,NO,용어와 설명이 일치한다,MK,COMPLETE
61,gold-case:038e827b13a2f22f9a2e,term-review-task:d1aa3d7116dfbdae6e53,resolution-case:afe80f84714bf3a0cc27,조청 상민 수륙 무역 장정,조약,Work,9,8,2,8,C06_09,EXPANDED_ONLY,False,11,"[{""problem_id"": ""cj_v41_0128"", ""full_text"": ""며칠 전 러시아, 프랑스, 독일의 압력으로 일본이 청에 랴오둥반도를 반환했다는 소식 들었는가? 들었네. 우리도 이 기회에 러시아를 이용하여 일본의 간섭에서 벗어날 방도를 찾아야 할 것이네.\n다음 대화에 나타난 상황 이후의 사실로 옳은 것은?\n조청 상민 수륙 무역 장정을 체결하였다.\n건양이라는 독자적인 연호를 사용하였다.\n행정 기구를 6조에서 8아문으로 개편하였다.\n군국기무처를 설치하여 근대적 개혁을 추진하였다.\n영국이 러시아를 견제하기 위해 거문도를 점령하였다.""}, {""problem_id"": ""cj_v41_0265"", ""full_text"": ""(가) 대왕대비께서 전교하기를, “이번에 이렇게 만동묘를 철폐하고 다른 곳으로 옮기 모시는 것에 대해서 선현의 혼령이 알게 되더라도 올바른 예법이라고 여기고 유감이 없을 것이다.”라고 하였다. (나) 최익현이 상소를 올려 대원군의 잘못을 탄핵하기를, “만약 그 지위가 아닌데도 국정에 괸여하는 지는 단지 그 지위와 녹을 중요하게 여기기 때문이다.”라고 하였다. 왕은 너그러운 비답을 내려 특별히 그를 호조 참판에 발탁하고 총애하였다.\n(가), (나) 사이의 시기에 있었던 사실로 옳은 것은?\n신식 군대인 별기군이 창설되었다.\n서재필 등이 독립신문을 발행하였다.\n종로와 전국 각지에 척화비가 세워졌다.\n김옥균 등 개화 세력이 정변을 일으켰다.\n조청 상민 수륙 무역 장정을 체결하였다.""}, {""problem_id"": ""cj_v41_0314"", ""full_text"": ""3 사료로 보는 한국사 제1조 0 근 보정성성(保定省城)으로 이송하여 이6 0 0 청하도의 옛 관서에 거주시기도록 한다. 이言쁨에게 오가는 서신 일체는 밀봉할 수 없으며 간수 위원의 검열을 거쳐야 보낼 수 있다. 밀봉 되었거나 한글로 된 서신은 위원이 반송한다. [해설] 정으로 끌려간 흥선 대원군(이하응)을 감시하기 위해 만들어신 규정의 일부이다. 개화 정책에 대한 불만과 구식 군인에 대한 자별 대우로 일어난 이 사건을 진압한 정은 그 책임을 물어 흥선 대원군을 납지해 갔다\n‘이 사건’의 영향으로 옳은 것은?\n삼정이정청이 설치되었다.\n어재연 부대가 광성보에서 항전하였다.\n종로와 전국 각지에 척화비가 세워졌다.\n조청 상민 수륙 무역 장정이 체결되었다.\n일본 군함 운요호가 영종도를 공격하였다.""}]",ACCEPTED,NO,용어와 설명이 일치한다,MK,COMPLETE
62,gold-case:8c61402beaca9c337af8,term-review-task:2f2f7be3ab5c5423ef44,resolution-case:ccf746e4d1b36b2f5735,금동제 가면,유물,Heritage,1,3,2,3,C03_05,EXPANDED_ONLY,False,0,"[{""problem_id"": ""cj_v41_0193"", ""full_text"": ""이 유물은 중국 지런성 상화강 유역의 등된산 유적에서 출토된 (가) 의 금동제 가면이다. '삼국지 동이전에 따르면 에는 여러 가까들이 별도로 관찰하는 사출도가 있엿으며 사람을 죽여 순장하는 풍습이 행해 젓다고 한다.\n(가) 나라에 대한 설명으로 옳은 것은?\n12월에 영고라는 제천 행사를 열었다.\n신지, 읍차라고 불린 지배자가 있었다.\n제사장인 천군과 신성 지역인 소도가 존재하였다.\n대가들이 사자, 조의, 선인 등의 관리를 거느렸다.\n다른 부족의 영역을 침범하면 소나 말로 변상하였다.""}]",REJECTED,NO,용어에 대한 설명이 없음,MK,COMPLETE
63,gold-case:4cea835efc69cca12b55,term-review-task:864ab78d61e2df14b079,resolution-case:0f97dc342adf129ca5cf,오용진,인물,Person,1,10,2,9,C10,EXPANDED_ONLY,False,20,"[{""problem_id"": ""cj_v41_0264"", ""full_text"": ""적도의 우두머리는 성은 홍이고 이름은 알 수 없으예 우군식 -오용진 등이 그의 부하라고 하옵니다. 또한 선천 부사 김익순은 그들에게 항복 했다고 하옵니다. 적도들을 즉시 토벌하라.\n다음 대화에 나타난 사건에 대한 설명으로 옳은 것은?\n박규수가 안핵사로 파견되었다.\n조병갑의 탐학이 계기가 되었다.\n선혜청과 일본 공사관을 공격하였다.\n서북인에 대한 차별에 반발하여 일어났다.\n남접과 북접이 연합하여 조직적으로 전개되었다.""}]",REJECTED,NO,용어에 대한 설명이 없음,MK,COMPLETE
64,gold-case:722acab2c33c9effb676,term-review-task:e30bd1de77719113d8be,resolution-case:46042ee048f46a8fd429,양반전,문헌,Work,7,3,2,1,C03_05,EXACT_ONLY,True,1,"[{""problem_id"": ""cj_v41_0545"", ""full_text"": ""주제: 대학자 (개 의 흔적을 찾아서 날짜: 2022년 ○○월 00일 지역 : 경기도 남양주시 일대 소개: 흠흠신서, 마과회통 등을 저술한 (개 은/는 정치 경제 등 여러 분야에 걸쳐 방대한 학문적 업적을 남겼다. 경로 여유당 문도사 뮤本\n(가) 인물의 활동으로 옳은 것은?\n성호사설에서 한전론을 주장하였다.\n양반전에서 양반의 허례와 무능을 지적하였다.\n의산문답에서 중국 중심의 세계관을 비판하였다.\n북학의에서 절약보다 적절한 소비를 권장하였다.\n경세유표에서 국가 제도의 개혁 방향을 제시하였다.""}, {""problem_id"": ""cj_v41_0639"", ""full_text"": ""한국사 강의 검색 결과 - 마진으로 죽을 뻔한 아이, 마과회통을 편찬하다. - 조선 시대 홍역과 천연두 치료법 - 강진 유배지에서 편지를 보내다. - 목민심서를 저술하여 목민관의 자세를 논하다.\n다음 검색창에 들어갈 인물의 활동으로 옳은 것은?\n지봉유설에서 천주실의를 조선에 소개하였다.\n의산문답에서 중국 중심의 세계관을 비판하였다.\n양반전을 지어 양반의 허례와 무능을 풍자하였다.\n경세유표를 집필하여 국가 제도의 개혁 방향을 제시하였다.\n금석과안록에서 북한산비가 진흥왕 순수비임을 고증하였다.""}, {""problem_id"": ""cj_v41_0779"", ""full_text"": ""해주향약을 시행하여 향촌 교화에 힘썼던 이 인욷에 대해 말해 보자. 동호문답에서 수취 제도 개편 등 격몽요결을 저술하여 다양한 개혁 방안을 체계적인 성리학 제시하였다. 교육에 힘썼어.\n'이 인물'에 대한 설명으로 옳은 것은?\n명에 대한 의리를 내세운 기축봉사를 올렸다.\n청으로부터 시헌력을 도입하고자 건의하였다.\n양반의 허례와 무능을 풍자한 양반전을 저술하였다.\n예학을 조선의 현실에 맞게 정리한 가례집람을 지었다.\n군주가 수행해야 할 덕목과 지식을 담을 성학집요를 집필하였다.""}]",ACCEPTED,NO,용어에 대한 설명이 일치함,MK,COMPLETE
65,gold-case:ad17a0454e4ab2cd3768,term-review-task:9b5cb1f5cbd2900a356f,resolution-case:4f3a53fe683bc3485462,금주,정책,Concept,1,10,2,6,C10,EXACT_AND_EXPANDED,True,17,"[{""problem_id"": ""cj_v41_0885"", ""full_text"": ""주제: 일본의 경제 침탈에 대한 저항 상권을 수호하기 위해 황국 중앙 총상회가 침'립되었다요 (가) 일본의 황무지 대구에서 서상돈을 개간권 요구를 저지하기 , 중심으로 금주. 금언 등을 위해 보안회가 조직되었다요 (나) 통한 국채 보상 운동이 시작되었다요 (다)\n(가)~(다)를 일어난 순서대로 옳게 나열한 것은?\n(가)-(나)-(다)\n(가)-(다)-(나)\n(나)-(가)-(다)\n(나)-(다)-(가)\n(다)-(가)-(나)""}]",REJECTED,NO,용어에 대한 설명이 없음,MK,COMPLETE
66,gold-case:a992d201bcd8cb0a9d4a,term-review-task:f7b4c37acf09074ab293,resolution-case:cba9cd8ec7ffb9d329a8,독재 타도,사상,Concept,1,6,1,6,C06_09,EXPANDED_ONLY,False,8,"[{""problem_id"": ""cj_v41_0658"", ""full_text"": ""(가), 역사의 현장을 찾아서 일시: 2022년 ○○월 ○○일 09:00~17:00 답사 장소: 옛 경무대 앞(효자동 삼거리) → 옛 수송초등학교(종로구청) → 옛 국회의사당(서울시의회) → 옛 서울대 문리대(마로니에 공원) 지도에는 경무대 앞 경찰의 발포, 수송초 학생 시위, 고려대 학생 시위, 교수단 시위 장소가 표시되어 있다.\n(가) 민주화 운동에 대한 설명으로 옳은 것은?\n장면 내각이 출범하는 배경이 되었다.\n유신 체제가 붕괴되는 결과를 가져왔다.\n한일 국교 정상화에 반대하여 일어났다.\n신군부의 비상 계엄 확대가 원인이 되었다.\n호헌 철폐와 독재 타도 등의 구호를 내세웠다.""}]",REJECTED,NO,용어에 대한 설명이 없음,MK,COMPLETE
67,gold-case:c57bb483bc68278834f1,term-review-task:6622c450d5d560b10db4,resolution-case:e8790ee2d82502914d42,덧무늬 토기,유물,Heritage,2,7,2,6,C06_09,EXACT_AND_EXPANDED,True,0,"[{""problem_id"": ""cj_v41_0192"", ""full_text"": ""△△ 박물관 특별전 (가) 쓰대로 떠나는 시간 여행 모시는 글 우리 박물관에서는 농경과 정착 생활이 시작된 (가) 시대 특별전을 마련하였다 덧무늬 토기, 흙으로 빚은 사람 얼굴상 갈돌과 갈판 등 다양한 유물들을 전시하고 있으니 많은 관람 바랍니다. 0기간: 2021 ○○○○~○○○○ 장소: △△ 박물관 특별 전시실\n(가) 시대의 생활 모습으로 옳은 것은?\n가락바퀴를 이용하여 실을 뽑았다.\n주로 동굴이나 강가의 막집에서 살았다.\n지배층의 무덤으로 고인돌을 축조하였다.\n거푸집을 이용하여 세형 동검을 제작하였다.\n쟁기, 쇠스랑 등의 철제 농기구를 사용하였다.""}, {""problem_id"": ""cj_v41_1482"", ""full_text"": ""오늘 소개할 곳은 여수 안도 조개더미 유적이다. 이 유적에서는 농경과 목축이 시작된 (가) 시대의 인골과 조개팔찌 등이 출토되어 당시의 매장 풍습을 확인할 수 있다. 또한 이 유적에서 출토된 덧무늬 토기, 눌러찍은 무늬 토기 등을 통해 (가) 시대에는 빗살무늬 토기 이외에도 다양한 토기가 사용되었음을 알 수 있다.\n(가) 시대의 생활 모습으로 가장 적절한 것은?\n청동 방울 등을 의례 도구로 이용하였다.\n주먹도끼 등 뗀석기를 만들기 시작하였다.\n거푸집을 사용하여 세형 동검을 제작하였다.\n쟁기, 쇠스랑 등의 철제 농기구를 사용하였다.\n가락바귀와 뼈바늘을 이용하여 옷을 만들었다.""}]",ACCEPTED,NO,용어에 대한 설명이 일치함,MK,COMPLETE
68,gold-case:d02de0d445a93c291b4e,term-review-task:ac0d95c1dda807fb9c14,resolution-case:0b7b9a64acdaebb97835,대조선국민군단,기관,Institution,3,3,2,2,C03_05,EXACT_AND_EXPANDED,True,0,"[{""problem_id"": ""cj_v41_0705"", ""full_text"": ""조선 민족 혁명당 창립 제8주년 기념 선언 우리는 중국의 난징에서 5개 당을 통합하여 전체 민족을 대표하는 유일한 정당인 조선 민족 혁명당을 창립하였다. … - 아울러 중국과 한국의 연합 항일 진영을 건립하여야 했다. … - 이 때문에 우리는 1938년 조직하고 조선의 혁명 청년들을 단결시켜 장제스 위원장의 영도 아래 직접 중국의 항전에 참가하였고, 각 전쟁터에서 찬란한 전투 성과를 만들어냈다. … - 지난해 가을 한국 광복군의 통합 편성을 기반으로 전 민족의 통일을 성공적으로 구현하였다\n(가) 지역에서 있었던 민족 운동으로 옳은 것은?\n권업회가 설립되어 권업신물을 발간하였다.\n이봉창이 일왕의 행렬에 폭탄을 투척하였다.\n박용만의 주도로 대조선 국민군단이 창설되었다.\n북로 군정서가 조직되어 독립 전쟁을 전개하였다.\n유학생들이 중심이 되어 2·8 독립 선언서를 발표하였다.""}, {""problem_id"": ""cj_v41_0748"", ""full_text"": ""박용만은 1905년 국외로 떠난 이후 네브라스카주에서 대학을 다니며 독립군 양성 기관인 한인 소년병 학교를 창설하고 국민개병설을 집필했다. 그 후 이곳으로 건너와 대조선 국민군단을 조직하여 독립 전쟁을 준비했다. (가) 서간도 (나) 연해주 (다) 상하이 (라) 하와이 (마) 멕시코\n'이곳'에 해당하는 지역을 지도에서 옳게 고른 것은?\n(가)\n(나)\n(다)\n(라)\n(마)""}, {""problem_id"": ""cj_v41_1319"", ""full_text"": ""첫 공식 이민. 백여 명의 이민자들이 대한 제국이 발행한 여행권을 가슴에 품고 낯선 땅에 1903년 도착했다. 두려움과 희 망이 함께했다 그들을 기다 린 건 사탕수수 농장의 고된 노동이었다. 열악한 환경에서도 1905년까지 노동 이민으로 약 7,000명이 이곳에 이주해 묵묵히 뿌리를 내렸다 1910 년, 일제의 국권 침탈로 그들은 돌아갈 곳도 보호받을 나라도 잃 었다. 고된 환경 속에서도 그들은 한인 사회를 중심으로 스스로 의 길을 만들어 갔다\n밑줄 그은 '이곳'에서 있었던 민족 운동으로 옳은 것은?\n한인 자치 기구인 경학사를 설립하였다.\n권업신문을 발간하여 민족 의식을 고취하였다.\n유학생을 중심으로 2·8 독립 선언을 발표하였다.\n신한 청년당이 파리 강화 회의에 대표를 파견하였다.\n대조선 국민군단을 결성하고 군사 훈련을 실시하였다.""}]",ACCEPTED,NO,용어에 대한 설명이 일치함,MK,COMPLETE
69,gold-case:08cf3009bf588cec9d40,term-review-task:5d7eb8fed39b7eb151a4,resolution-case:47bda565f3cd4432ccc4,금속류 회수령,정책,Concept,2,1,1,1,C01_02,EXPANDED_ONLY,False,0,"[{""problem_id"": ""cj_v41_0173"", ""full_text"": ""백동화를 제일 은행권으로 바꾸려고 교환소에 갔더니. 터무니없이 낮게 평가해 바꿔 주더군. 백동화는 곧 사용할 수 없을 테니 손해를 보더라도 교환할 수밖에 없지 않겠나.\n다음 상황이 전개된 배경으로 옳은 것은?\n금속류 회수령이 공포되었다.\n국채 보상 운동이 전개되었다.\n산미 증식 계획이 실시되었다.\n조선 물산 장려회가 조직되었다.\n재정 고문으로 메가타가 임명되었다.""}, {""problem_id"": ""cj_v41_1380"", ""full_text"": ""이것은 일제가 각종 놋그릇과 맞아. 중일 전쟁을 일으키고 침략 생활용품들을 공출한 후 찍은 전쟁을 확대했던 이 시기 일제는 사진이야. 당시 금속류 회수령이 군수 물자 생산을 위해 사찰의 실시되었지. 종까지 걷어가기도 했어.\n밑줄 그은 ‘이 시기’에 시행된 일제의 정책으로 옳은 것은?\n언론을 통제하기 위하여 신문지법을 제정하였다.\n애국반을 조직하여 한국인의 생활을 통제하였다.\n경복궁에서 최초로 조선 물산 공진회를 개최하였다.\n재정 고문 메가타의 주도 아래 화폐 정리 사업을 실시하였다.\n보통학교의 수업 연한을 4년으로 규정한 제1차 조선 교육령을 시행하였다.""}]",ACCEPTED,NO,용어에 대한 설명이 일치함,MK,COMPLETE
70,gold-case:3064365564d0925cdb60,term-review-task:ab62d5dd0462f964778b,resolution-case:e179a01baea5df381163,조혼,제도,Concept,1,3,3,2,C03_05,EXACT_ONLY,True,1,"[{""problem_id"": ""cj_v41_0834"", ""full_text"": ""파리의 외무부 장관 아노토 각하께 3 전임 일본 공시는 구경에게서 사실상 거의 모든 권력을 빼앗고, 개혁 위원회[군국기무처]가 내린 결정을 확인하는 권한만 남겨 놓았습니다. … - 이후 개혁 위원회[군국기무처]는 매우 혁신적인 개혁안을 발표했다. 그런데 일부 위원들이 몇몇 조치에 대해 시의적절하지 않다고 판단하더니 이에 대해 동의하기를 거부했다. … - 게다가 조선인들은 이 기구가 왕권을 빼앗고 일본에 매수되었다고 비난하면서, … 어떤 지방에서는 왕권 수호를 위해 봉기했다고 합니다. 주 조선 공사 르페브르 올림 〈보기〉 ㄱ. 건양이라는 연호를 제정하였다. ㄴ. 탁지아문으로 재정을 일원화하였다. ㄷ. 양전 사업을 실시하여 지계를 발급하였다. ㄹ. 조혼을 금지하고 과부의 재기를 허용하였다. 기\n'개혁안'의 내용으로 옳은 것은 ＜보기＞에서 고른 것은?\nㄱ, ㄴ\nㄱ, ㄷ\nㄴ, ㄷ\nㄴ, ㄹ\nㄷ, ㄹ""}]",ACCEPTED,NO,용어에 대한 설명이 일치함,MK,COMPLETE
71,gold-case:d46e991ba84c3ac9ac83,term-review-task:87f49bffb1a9e30887e9,resolution-case:5110fcb51855f7d03b08,조병창,기관,Institution,1,2,2,1,C01_02,EXACT_ONLY,False,0,"[{""problem_id"": ""cj_v41_0750"", ""full_text"": ""부평 공원 내에 있는 이 동상은 일제의 무기 공장인 조병창 등에 강제 동원된 노동자의 모습을 형상화한 작품이다. 중일 전쟁 이후 침략 전쟁을 확대하던 시기에 일제는 한국인을 탄광과 군수 공장 등으로 끌고 가 열악한 환경에서 혹사시켰습니다.\n'시기'의 일제 정책으로 옳은 것은?\n치안 유지법을 공포하였다.\n토지 조사령을 제정하였다.\n헌병 경찰 제도를 실시하였다.\n식량 배급 및 미곡 공출제를 시행하였다.\n보통학교의 수업 연한을 4년으로 정하였다.""}]",REJECTED,NO,용어에 대한 설명이 없음,MK,COMPLETE
72,gold-case:9f759abf1bae88541f0d,term-review-task:e8fbd32e00099917b778,resolution-case:025a744a957ca0b40124,양헌수,인물,Person,8,5,3,2,C03_05,EXACT_AND_EXPANDED,True,6,"[{""problem_id"": ""cj_v41_0169"", ""full_text"": ""(가) 저들이 비록 왜인이라고는 하나 실은 양적(洋賊)이다. 화친이 한번 이루어지면 사학(邪學)의 서책과 천주의 초상이 교역하는 속에 섞여 들어오게 되고, 조금 지나면 전도사와 신도가 전수하여 사학이 온 나라에 두루 가득 차게 될 것이다. - 지부복궐척화의소 - (나) 지금 조정에서는 어찌 백해무익한 일을 하여 러시아가 없는 마음을 먹게 하고, 미국이 의도하지 않았던 일을 만들어 오랑캐를 끌어들이려 하십니까? 저 황준헌이라는 자는 스스로 중국에서 태어났다고 하면서도, 일본을 위해 말하고 예수를 좋은 신이라 하며, 난적의 앞잡이가 되어 스스로 짐승과 같은 무리가 되었다. 고금천하에 어찌 이런 이치가 있겠습니까? - 영남 만인소 -\n(가), (나) 문서가 작성된 사이의 시기에 있었던 사실로 옳은 것은?\n김기수가 수신사로 일본에 파견되었다.\n영국이 거문도를 불법으로 점령하였다.\n평양 관민이 제너럴 셔먼호를 불태웠다.\n거중 조정 조항을 포함한 조약이 체결되었다.\n양헌수 부대가 정족산성에서 프랑스군을 격퇴하였다.""}, {""problem_id"": ""cj_v41_0218"", ""full_text"": ""답사 계획서 주제: 섬에서 만나는 제국주의 열강의 침입과 저항 일시: 2021년 00월 00일 09:00~18:00 경로: 외규장각 - 연무당 옛터 - 광성보 - 정족산성 - 초지진 (가) 외규장각, (나) 연무당 옛터, (다) 광성보, (라) 정족산성, (마) 초지진\n(가)~(마)에서 일어난 사실로 옳지 않은 것은?\n(가) - 프랑스군이 의궤를 약탈하였다.\n(나) - 조일 수호 조규가 체결되었다.\n(다) - 어재연 부대가 결사 항전하였다.\n(라) - 양헌수 부대가 적군을 물리쳤다.\n(마) - 영국군이 불법으로 점령하였다.""}, {""problem_id"": ""cj_v41_0406"", ""full_text"": ""해군 제독 로즈 귀하 당신이 지휘하는 해군 병력에 주저없이 호소합니다. ㉠프랑스인 주교 2명과 선교사 9명을 희생시킨 사건이 조선에서 벌어졌습니다. 이에 대한 확실한 특수가 필요합니다. 당신의 지휘로 가능한 모든 수단을 사용하여 조선에 대한 공격을 최대한 빨리 개시하도록 간곡히 요청합니다. 7월 13일 베이징에서 벨로네\n㉠이 원인이 되어 발생한 사건에 대한 설명으로 옳은 것은?\n운요호가 강화도와 영종도를 공격하였다.\n양헌수 부대가 정족산성에서 승리하였다.\n정부가 청군의 출병을 요청하는 계기가 되었다.\n사태 수습을 위해 박규수가 안핵사로 파견되었다.\n흥선 대원군이 톈진으로 압송되는 결과를 가져왔다.""}]",ACCEPTED,NO,용어에 대한 설명이 일치함,MK,COMPLETE
73,gold-case:3f6a331e92193bbb145b,term-review-task:74e35060983198350e21,resolution-case:e353a2b84b46bd9879f4,단연보국채,문헌,Work,2,4,1,4,C03_05,EXPANDED_ONLY,False,0,"[{""problem_id"": ""cj_v41_0745"", ""full_text"": ""나는 23세 때 육영 공원의 교사로 조선에 와서 학생들을 가르쳤최 고종의 특사가 되어 만국 평화 회의가 열린 헤이그를 방문하였고. 대한 제국 일망사를 출간하기도 했최 나는 한국인의 권리와 자유를 위해 짜워왔으며 한국인에 대한 사랑은 내 인생의 가장 소중한 가치라오 나는 웨스트민스터 사원보다 한국 땅에 묻히기를 염원하으\n다음 인물의 활동으로 옳은 것은?\n화폐 정리 사업을 주도하였다.\n한글로 된 교재인 사민필지를 집필하였다.\n여성 교육 기관인 이화 학당을 설립하였다.\n친일 인사 스티븐스를 샌프란시스코에서 사살하였다.\n논설 단연보국채를 써서 국채 보상 운동에 적극 참여하였다.""}, {""problem_id"": ""cj_v41_0792"", ""full_text"": ""11:07 나는 지금 군산근대역사박물관 광장에 와 있어. 이곳에 동상이 있네. 6 1 그에 대해 설명해 줄래? 최익현과 함께 의병을 일으켰다가 일본에 의해 쓰시마성으로 끌려가 고초를 겪었어. 이후에는 조선 총독 에게 국권 반환 요구서를 발송하려 다가 체포되어 순국하였지\n(가) 인물의 활동으로 옳은 것은?\n명동 성당 앞에서 이완용을 습격하였다.\n고종의 밀지를 받아 독립 의군부를 조직하였다.\n국권 침탈 과정을 정리한 한국통사를 저술하였다.\n13도 창의군의 총대장으로 서울 진공 작전을 지휘하였다.\n논설 단연보국채를 써서 국채 보상 운동에 적극 참여하였다.""}]",REJECTED,NO,용어에 대한 설명 없음,MK,COMPLETE
74,gold-case:e0ae4d6acb24da64b3f7,term-review-task:1ad0cffc25a5ff45e8c5,resolution-case:0a65b772c17469bf062c,흥남 철수 작전,사건,Event,4,3,2,2,C03_05,EXPANDED_ONLY,True,0,"[{""problem_id"": ""cj_v41_0236"", ""full_text"": ""(가) 북한군의 공격에 밀려 낙동강 방어선으로 후퇴한 제1사단은 다부동 일대에서 북한군 제2군단의 공세에 맞서 8월 3일부터 9월 2일까지 지열한 전투를 벌였다. 이 전투에서 제1사단 12연대는 특공대를 편성, 적 전차 4대를 파괴하는 등 중요한 역할을 수행하며 전투를 승리로 이끌었다. (나) 개성에서 열린 첫 정전 회담에서 UN군 대표단은 어떠한 정치적 또는 경제적 문제의 논의를 단호히 거부하는 동시에 침략 재발의 방지를 보장하는 화평만이 전쟁을 종식시킬 수 있다고 공산군 대표단에게 경고하였다\n(가), (나) 사이의 시기에 있었던 사실로 옳은 것은?\n애치슨 선언이 발표되었다.\n흥남 철수 작전이 전개되었다.\n여수·순천 10·19 사건이 일어났다.\n한미 상호 방위 조약이 체결되었다.\n부산에서 발췌 개헌안이 통과되었다.""}, {""problem_id"": ""cj_v41_0423"", ""full_text"": ""이것은 국군과 유엔군이 인천 상륙 작전 이후 10여 일 만에 서울을 수복한 사실을 알리는 전단지이다. 뒷면에는 맥아더 장군이 서울을 탈환하여 적의 보급선을 끊었으며, 앞으로 힘을 합쳐 공산군을 끝까지 몰아내자는 내용이 있다. 이 서울 수복 이후에 있었던 사실을 말해 볼까요? 〈보기〉 ㄱ. 애치슨 선언이 발표됐어요. ㄴ. 흥남 철수 작전이 전개됐어요. ㄷ. 소련의 제안으로 정전 회담이 개최됐어요. ㄹ. 국군이 다부동 전투에서 북한군의 공세를 막아 냈대요.\n교사의 질문에 대한 학생의 답변으로 옳은 것을 보기에서 고른 것은?\nㄱ, ㄴ\nㄱ, ㄷ\nㄴ, ㄷ\nㄴ, ㄹ\nㄷ, ㄹ""}, {""problem_id"": ""cj_v41_0707"", ""full_text"": ""대성동 마을은 경기도 파주시에 있으며, 군사 분계선 남쪽 비무장 지대에 위치한 민간인 마을이다. (가)의 정전 협정 체결 직후 비무장 지대에 남북이 민간인 마을을 하나씩만 남긴다는 후속 합의에 따라 마을로 조성되었다. '자유의 마을'로 불리는 대성동 마을은 유엔군 사령부의 관할 지역으로, 외부인은 허락 없이 들어가지 못합니다.\n(가) 전쟁 중에 있었던 사실로 옳지 않은 것은?\n부산이 임시 수도로 정해졌다.\n흥남 철수 작전이 전개되었다.\n인천 상륙 작전 이후 서울을 수복하였다.\n애치슨 선언이 발표되었다.\n국회에서 국민 방위군 사건이 폭로되었다.""}]",ACCEPTED,NO,용어에 대한 설명이 일치함,MK,COMPLETE
75,gold-case:d884ce85b6a4e99a3590,term-review-task:5074d03da818eb0b0c59,resolution-case:4e57816d45f7ad0bb7c1,오키나와,지명,Place,1,8,2,6,C06_09,EXPANDED_ONLY,False,11,"[{""problem_id"": ""cj_v41_0558"", ""full_text"": ""(가) 군사적 안전 보장의 입장에서 볼 때 태평양 지역의 정세 및 이 지역에 대한 미국의 정책은 어떤 것인가. 태평양 지역 방위선은 알류산 열도에서 일본을 거쳐 오키나와, 필리핀 군도로 이어진다. (나) 상호적 합의에 의하여 미합중국의 육군, 해군과 공군을 대한민국의 영토 내와 그 부근에 배치하는 권리를 대한민국은 허락해 주고 미합중국은 수락한다.\n(가), (나) 사이의 시기에 있었던 사실로 옳은 것은?\n좌우 합작 위원회가 출범하였다.\n여수 순천 10·19 사건이 일어났다.\n미국 의회에서 트루먼 독트린이 발표되었다.\n베트남 파병에 관한 브라운 각서가 체결되었다.\n거제도 포로 수용소에 있던 반공 포로가 석방되었다.""}]",UNRESOLVED,NO,연관용어 설명만 존재,MK,COMPLETE
76,gold-case:5e9f56172e1052cc70c8,term-review-task:7448a87745fd8c8d29ef,resolution-case:98ad9098f5673e5b2474,북원경,지명,Place,1,3,2,2,C03_05,EXACT_ONLY,False,1,"[{""problem_id"": ""cj_v41_0434"", ""full_text"": ""한주 스튜 일주 좀원경 시원경 님원경 탐라 〈보 기〉 용주. 상주 돈) 전주 감주 양주 두주 - 5소경 북원경 (경주) 금관경 ㄴ. 욕살, 처려근지 등을 지방관으로 파견하몄다. 다 상수리 제도를 실시하며 지방 세력을 견제하몄 다. 였다.\n지도와 같이 행정 구역을 정비한 국가에 대한 설명으로 옳은 것을 ＜보기＞에서 고른 것은?\nㄱ, ㄴ\nㄱ, ㄷ\nㄴ, ㄷ\nㄴ, ㄹ\nㄷ, ㄹ""}]",ACCEPTED,NO,용어와 설명 일치,MK,COMPLETE
77,gold-case:0d086bde897199b62ca2,term-review-task:ec40b7edb15dae0764cb,resolution-case:e74fb08040b9befa91e2,추축국,국가,Polity,1,5,2,3,C03_05,EXPANDED_ONLY,True,5,"[{""problem_id"": ""cj_v41_0328"", ""full_text"": ""다음 성명서를 발표한 이후 대한민국 임시 정부의 활동으로 으으 거 으2 1- 人 1- 우리는 삼천만의 한국인 및 정부를 대표하여 중국, 영국, 미국, - 기타 국가들이 일본에 대해 전쟁을 선포한 것을 삼가 축하한다. 이것은 일본을 격패(擊敗)시기고 동아시아를 재건하는 가장 유효한 수단이다. 이에 특별히 다음과 같이 성명한다. 1. 한국 전체 인민은 현재 이미 반침략 전선에 참여한 상태이며 하나의 전투 단위로서 추축국에 전쟁을 선포한다. 2. 1910년의 합병 조약 및 일체 불평등 조약이 무효임을 재자 선포 한다. 아울러 반침략 국가가 한국에 지닌 합리적 기득 권익을 존중한다. 3. 왜구를 한국, 중국 및 서태평양에서 완전히 축출하기 위하여 혈전으로 최후의 승리를 거둔다\n다음 성명서를 발표한 이후 대한민국 임시 정부의 활동으로 옳은 것은?\n충칭에서 한국 광복군을 창설하였다.\n국내 비밀 행정 조직으로 연통제를 두었다.\n파리 강화 회의에 독립 청원서를 제출하였다.\n의거 활동을 위해 한인 애국단을 조직하였다.\n미군과 연계하여 국내 진공 작전을 추진하였다.""}]",REJECTED,NO,용어와 설명이 맞지 않음,MK,COMPLETE
78,gold-case:0c5504462abedee80517,term-review-task:4327eca80071d3de0117,resolution-case:f69afb0358320cf0fbc5,경복궁 영건일기,문헌,Work,1,10,2,5,C10,EXPANDED_ONLY,False,0,"[{""problem_id"": ""cj_v41_0405"", ""full_text"": ""경복궁 영건일기는 한성부 주부 원세철이 경복궁 중건의 시작부터 끝날 때까지의 상황을 매일 기록한 것이다. 이 일기에 광화문 현판이 검은색 바탕에 금색 글자였음을 알려 주는 '묵질금자'가 적혀 있어 광화문 현판의 옛 모습을 고증하는 근거가 되었다.\n'중건' 시기에 있었던 사실로 옳은 것을 보기에서 고른 것은?\nㄱ, ㄴ\nㄱ, ㄷ\nㄴ, ㄷ\nㄴ, ㄹ\nㄷ, ㄹ""}]",REJECTED,NO,용어에 대한 정확한 설명이 없고 경복궁 건축물 설명만 나옴,MK,COMPLETE
79,gold-case:5bb4a4a7f6c7cb8be607,term-review-task:a2f4292b5200f9f0aed0,resolution-case:3f2719ec81c85ce963ef,비무장지대,지명,Place,1,6,2,5,C06_09,EXACT_AND_EXPANDED,True,0,"[{""problem_id"": ""cj_v41_0707"", ""full_text"": ""대성동 마을은 경기도 파주시에 있으며, 군사 분계선 남쪽 비무장 지대에 위치한 민간인 마을이다. (가)의 정전 협정 체결 직후 비무장 지대에 남북이 민간인 마을을 하나씩만 남긴다는 후속 합의에 따라 마을로 조성되었다. '자유의 마을'로 불리는 대성동 마을은 유엔군 사령부의 관할 지역으로, 외부인은 허락 없이 들어가지 못합니다.\n(가) 전쟁 중에 있었던 사실로 옳지 않은 것은?\n부산이 임시 수도로 정해졌다.\n흥남 철수 작전이 전개되었다.\n인천 상륙 작전 이후 서울을 수복하였다.\n애치슨 선언이 발표되었다.\n국회에서 국민 방위군 사건이 폭로되었다.""}]",ACCEPTED,NO,용어와 설명 일치함,MK,COMPLETE
80,gold-case:826b861182285d609eaa,term-review-task:76d9e2faeaeda46d6729,resolution-case:a1e468d99467d0cdd089,청자 모자원숭이모양 연적,문화재,Heritage,1,2,2,2,C01_02,EXACT_AND_EXPANDED,False,1,"[{""problem_id"": ""cj_v41_1299"", ""full_text"": ""(가) 시대 문화유산 기념품 디자인 제작 발표회 청자 모자원숭이모양 연적으로 석고 방향제 만들기 청자 상감운학문 매병으로 조명등 만들기 우리 모둠은 영주 부석사 소조여래 좌상을 소재로 하여 열쇠고리를 제작하고자 합니다 부석사 소조여래좌상\n(가) 국가의 문화유산으로 적절하지 않은 것은?\n경주 분황사 모전 석탑\n청자 모자원숭이모양 연적\n청자 상감운학문 매병\n영주 부석사 소조여래 좌상\n논산 관촉사 석조 미륵보살 입상""}]",ACCEPTED,NO,용어와 설명 일치함,MK,COMPLETE
81,gold-case:eeeded4069adbd29ea49,term-review-task:eac19b8aad50b71a07f8,resolution-case:5dc41fd02e9f0a2559e3,흥보가,문화재,Heritage,2,7,2,6,C06_09,EXACT_AND_EXPANDED,True,6,"[{""problem_id"": ""cj_v41_0496"", ""full_text"": ""이 그림은 김득신이 대장간의 모습을 묘사한 풍속화이다. 한 명이 화덕에서 달구대진 쇳덩어리를 방을집기1로 집어 모루 위에 올려놓자 두 명이 쇠망치로 두드리는 모습, 도리에 매어 놓은 그네에 상체를 기대고 어깨너머로 구경하는 아이의 모습 등이 생동감 있게 표현되어 있다.\n다음 그림이 그려진 시기의 문화에 대한 설명으로 옳지 않은 것은?\n중인들이 시사(詩社)를 조직하였다.\n양반의 위선을 풍자한 탈춤이 공연되었다.\n춘향가, 흥보가 등의 판소리가 유행되었다.\n금속 활자본인 직지심체요절이 간행되었다.\n홍길동전, 박씨전 등의 한글 소설이 널리 읽혔다.""}, {""problem_id"": ""cj_v41_0828"", ""full_text"": ""이 그림은 조영식과 김홍도의 풍속화이다. 인부들이 말발굽에 징을 박는 모습과 기와를 이예나기는 모습을 묘사하고 있다. 이를 통해 이 그림이 그려진 시기 서민들의 일상생활을 생생하게 살펴볼 수 있다.\n'시기'의 문화에 대한 설명으로 옳지 않은 것은?\n금강전도 등 진경 산수화가 그려졌다.\n새로운 역법으로 수시력이 도입되었다.\n양반 사회를 풍자한 탈춤이 성행하였다.\n춘향가, 흥보가 등의 판소리가 유행하였다.\n홍길동전, 박씨전 등의 한글 소설이 널리 읽혔다.""}]",ACCEPTED,NO,용어와 설명 일치함,MK,COMPLETE
82,gold-case:22656e15a877db62cbcb,term-review-task:84ce016933a4ac71c1db,resolution-case:4f8d246a463927eb43cb,김흠돌의 난,사건,Event,7,7,2,5,C06_09,EXPANDED_ONLY,False,6,"[{""problem_id"": ""cj_v41_0386"", ""full_text"": ""김주원의 묘야. 그의 이듬 김현창은 아버지가 왕위에 오르지 못한 것에 불인을 품고 빈란을 일으켰어. 김주원과 김현창의 삶을 통해 혜공왕 피살 이후 왕위 쟁달선이 거듭된 이 시기의 상황을 잘 알 수 있어. ,.2국굳 ; .尋로누 견-구들 -\n'이 시기'에 있었던 사실로 옳은 것은?\n왕의 장인인 김흠돌이 난을 일으켰다.\n거칠부가 왕명에 의해 국사를 편찬하였다.\n김춘추가 진골 출신 최초로 왕위에 올랐다.\n자장의 건의로 황룡사 9층 목탑이 건립되었다.\n체징이 9산 선문 중 하나인 가지산문을 개창하였다.""}, {""problem_id"": ""cj_v41_0624"", ""full_text"": ""이 왕은 김춈돌의 난을 진압하고 왕권을 강회했어. 아버지인 문무왕을 위하여 간은사를 완공했지. 기 ,누 완신주와 청주를 실치하여 9주를 갖추었어.\n'이 왕'의 업적으로 옳은 것은?\n거칠부에게 국사를 편찬하게 하였다.\n이사부를 보내 우산국을 복속하였다.\n건원이라는 독자적 연호를 사용하였다.\n관료전을 지급하고 녹읍을 폐지하였다.\n관리 선발을 위해 독서삼품과를 실시하였다.""}, {""problem_id"": ""cj_v41_0718"", ""full_text"": ""한국사 웹툰 기획안 1화 자 진골 귀족 김흥돌의 반란을 진압하다. 국학을 설치이여 인재를 양성하다. 9주를 久쉬히여 지방 통치 체제를 갖추다. (가) 사료에 기반하여 제작한다 사항\n(가)에 들어갈 내용으로 옳은 것은?\n관료전을 지급하고 녹읍을 폐지하다.\n마립간이라는 칭호를 처음 사용하다.\n이사부를 보내 우산국을 복속시키다.\n화랑도를 국가적 조직으로 개편하다.\n이차돈의 순교를 계기로 불교를 공인하다.""}]",ACCEPTED,NO,용어와 설명 일치함,MK,COMPLETE
83,gold-case:cce3732d3690f196363d,term-review-task:45839fe2c7c320076ced,resolution-case:45a96646de78a05a3ad7,절영도 조차 요구,사건,Event,5,5,2,3,C03_05,EXPANDED_ONLY,True,4,"[{""problem_id"": ""cj_v41_0077"", ""full_text"": ""이것은 일제로부터 도입한 차관을 갚기 위해 일어난 이 운동을 기념하여 대구에 세운 조형물이다. 개화 지식인, 상인, 여성이 엽전을 떠받치고 있는 모습으로 형상화되었다.\n‘이 운동’에 대한 설명으로 옳은 것은?\n황국 중앙 총상회의 주도로 전개 되었다.\n러시아의 절영도 조차 요구에 반대하였다.\n조선 총독부의 방해와 탄압으로 실패하였다.\n대한매일신보 등 당시 언론이 적극적으로 참여하였다.\n일본, 프랑스 등의 노동 단체로부터 격러 전문을 받았다.""}, {""problem_id"": ""cj_v41_0744"", ""full_text"": ""이것은 대한매일신보에 태극 서관이 게재한 서적 할인 광고이다. 태극 서관은 신지식 보급과 민족의식 고취를 위해 이 단체가 운영한 기관이다. 인재 양성을 위해 대성 학교도 설립한 이 단체에 대해 말해 볼까요? 광고에는 안창호, 양기탁 등의 이름이 보이다.\n교사의 질문에 대한 학생의 답변으로 옳은 것은?\n민립 대학 설립 운동을 전개하였다.\n러시아의 절영도 조차 요구를 저지하였다.\n파리 강화 회의에 독립 청원서를 제출하였다.\n안창호, 양기탁 등이 비밀 결사로 조직하였다.\n국문 연구소를 세워 한글의 문자 체계를 정리하였다.""}, {""problem_id"": ""cj_v41_0835"", ""full_text"": ""(가) 은/는독립관에서 경축 모임을 열었다. 회장은 모임을 여는 큰 뜻을 설명하였다. “오늘은 황제 폐하께서 대황제라는 존귀한 칭호를 갖게 되신 계천(繼天) 경축일이니, 대한의 신민은 이를 크게 경축드립니다. 우리는 관민 공동회에서 황실을 공고히 하고 인민을 문명 개화시기며 영토를 보존하고자 여섯 개 조항의 의견안을 바쳤습니다. '과고 말하였다. 이어 회원들은 조칙 5조와 헌의 6조 10만 장을 인쇄하여 온 나라에 널리 배포하고 학생들에게 그것을 배우고 익히도록 하였다. 경축연을 마친 회원들은 울긋불긋한 종이꽃을 머리에 꽂은 채 국기와 (가) 의 깃발을 세우고 경축기를 부르며 인화문 앞으로 가서 만세를 외치고 종로의 만민 공동회로 갔다\n(가) 단체에 대한 설명으로 옳은 것은?\n일제의 황무지 개간권 요구를 저지시켰다.\n러시아의 절영도 조차 요구에 반대하였다.\n태극 서관을 설립하여 계몽 서적을 보급하였다.\n민립 대학 설립을 위한 모금 운동을 전개하였다.\n조소앙의 삼균주의를 기초로 건국 강령을 발표하였다.""}]",ACCEPTED,NO,용어와 설명 일치함 + 연관 용어 ,MK,COMPLETE
84,gold-case:63f1377d47114631273c,term-review-task:fec1858601ee2ea894a6,resolution-case:5c7ef2102ca18ab7ccdb,독립신문,문헌,Work,8,10,2,6,C10,EXACT_AND_EXPANDED,True,0,"[{""problem_id"": ""cj_v41_0265"", ""full_text"": ""(가) 대왕대비께서 전교하기를, “이번에 이렇게 만동묘를 철폐하고 다른 곳으로 옮기 모시는 것에 대해서 선현의 혼령이 알게 되더라도 올바른 예법이라고 여기고 유감이 없을 것이다.”라고 하였다. (나) 최익현이 상소를 올려 대원군의 잘못을 탄핵하기를, “만약 그 지위가 아닌데도 국정에 괸여하는 지는 단지 그 지위와 녹을 중요하게 여기기 때문이다.”라고 하였다. 왕은 너그러운 비답을 내려 특별히 그를 호조 참판에 발탁하고 총애하였다.\n(가), (나) 사이의 시기에 있었던 사실로 옳은 것은?\n신식 군대인 별기군이 창설되었다.\n서재필 등이 독립신문을 발행하였다.\n종로와 전국 각지에 척화비가 세워졌다.\n김옥균 등 개화 세력이 정변을 일으켰다.\n조청 상민 수륙 무역 장정을 체결하였다.""}, {""problem_id"": ""cj_v41_0280"", ""full_text"": ""(가) 북간도에 주둔한 이군 7백 명은 북로 사령부 소재지인 봉오동을 향해 행군하다가 적군 3백 명을 발견하였다. 아군을 지휘하는 홍범도, 최진동 두 장군은 즉시 적을 공격하여 120여 명을 살상하고 도주하는 적을 추격하였다. - 독립신문 - (나) 조선 혁명군 총사령 양세봉, 참모장 김학규 등은 병력을 이끌고 중국 의용군과 합세하였다. - 아군은 승세를 몰아 적들을 30여 리 정도 추격한 끝에 영릉가성을 점령하였다. - 과보 0 그\n(가), (나) 사이의 시기에 있었던 사실로 옳지 않은 것은?\n자유시 참변 이후 3부가 조직되었다.\n일본군의 보복으로 간도 참변이 발생하였다.\n독립군 연합 부대가 청산리에서 큰 승리를 거두었다.\n일제가 독립군을 탄압하고자 미쓰야 협정을 체결하였다.\n스탈린에 의해 많은 한인이 중앙아시아로 강제 이주되었다.""}, {""problem_id"": ""cj_v41_0362"", ""full_text"": ""오늘 화약을 체결했으니 전주성에서 물러가시오. 알겠소. 폐정 개혁과 농민군의 신변 보장을 해 주시오. (가) 어제 군국기무처에서 과거제를 폐지했다고 하네. 앞으로 인재 등용에 큰 변화가 있겠군.\n(가) 시기에 있었던 사실로 옳은 것은?\n교정청이 설치되었다.\n독립신문이 창간되었다.\n한성 전기 회사가 설립되었다.\n시모노세키 조약이 체결되었다.\n건양이라는 연호가 제정되었다.""}]",ACCEPTED,NO,용어와 설명 일치함,MK,COMPLETE
85,gold-case:17d224d63f4503f2bd63,term-review-task:a171de20e79bcad48231,resolution-case:de4b116078ceda1a5a40,동모산,지명,Place,4,4,2,3,C03_05,EXACT_AND_EXPANDED,True,2,"[{""problem_id"": ""cj_v41_0151"", ""full_text"": ""창사 특집 다큐엔터리 (가) ,남북국 시대를 열다 동모산에 도읍하고 나라를 세우다 당의 등주를 공격하고 요서에서 격돌하다 일본에 국서를 보내어 고려 국왕이라 칭하다 꼬20년 10월 06일~○○일 방 10시\n(가) 국가에 대한 설명으로 옳은 것은?\n9서당 10정의 군사 조직을 갖추었다.\n정당성의 대내상이 국정을 총괄하였다.\n지방관을 감찰하기 위해 외사정을 파견하였다.\n위화부 등 13부를 두어 행정 업무를 분담하였다.\n마진이라는 국호와 무태라는 연호를 사용하였다.""}, {""problem_id"": ""cj_v41_0431"", ""full_text"": ""(가) 왕은 당과 신라 군사들이 이미 백강과 탄현을 지났다는 소식을 듣고 장군 계백에게 결사대 5천 명을 거느리고 황산으로 가서 신라 군사와 싸우게 하였다. 계백은 4번 싸워서 모두 이겼으나 군사가 적고 힘이 모자라서 마침내 패하였다. (나) 사찬 시득이 수군을 거느리고 소부리주 기벌포에서 설인귀와 싸웠는데 연이어 패배하였다. 그러나 이후 크고 작은 22번의 싸움에서 승리하여 4천여 명을 죽였다\n(가), (나) 사이의 시기에 있었던 사실로 옳은 것은?\n김흠돌이 반란을 꾀하다 처형되었다.\n의자왕이 신라를 공격하여 대야성을 함락시켰다.\n을지문덕이 살수에서 수의 군대를 크게 물리쳤다.\n대조영이 고구려 유민을 이끌고 동모산에서 건국하였다.\n검모잠이 안승을 왕으로 추대하고 부흥 운동을 전개하였다.""}, {""problem_id"": ""cj_v41_0675"", ""full_text"": ""36.. 궁궐 안 왕이 분노에 찬 표정으로 대문예에게 일하고 있다. 왕:혹수 말갈이 몰래 당에 조공하였으니, 이는 당과 공모하여 앞뒤로 우리를 치려는 것이다. 군대를 이끌고 기서 호수 말갈을 정벌하라. 대문에: 팅에 조공하였다 하여 그들~을 바로 공격한다면 이는 당에 맞서는 것이다. 하루아침에 당과 원수를 지면 빰을 자초할 수 있다.\n다음 시나리오에 등장하는 왕의 업적으로 옳은 것은?\n장문휴를 보내 등주를 공격하였다.\n9서당 10정의 군사 조직을 갖추었다.\n사비로 천도하고 국호를 남부여로 고쳤다.\n지방관을 감찰하고자 외사정을 파견하였다.\n고구려 유민을 모아 동모산에서 나라를 세웠다.""}]",ACCEPTED,NO,용어와 설명 일치함,MK,COMPLETE
86,gold-case:583a9a1d5d870712e592,term-review-task:22fe9ce20d94dbe96516,resolution-case:81041c1d6543ef70998a,미국 전략정보국,기관,Institution,1,1,1,1,C01_02,EXPANDED_ONLY,False,0,"[{""problem_id"": ""cj_v41_0180"", ""full_text"": ""이곳은 부산 해운대어 있는 '매국지사 강근호 길이다. 그는 1920년 10월 백운평, 어랑촌 고통하 등지에서 일본군에 맞서 씨운 (가) 당시 북로 군정서 중대장으로 혈약하였다. 애숙지사 강22 43기 강근호 길\n(가) 전투에 대한 설명으로 옳은 것은?\n중국 팔로군과 협력하여 진행되었다.\n미국 전략 정보국(OSS)의 지원을 받았다.\n대한민국 임시 정부 수립에 영향을 주었다.\n조국 광복회의 지원 아래 유격전으로 전개되었다.\n대한 독립군, 대한 국민군 등이 연합하여 참여하였다.""}]",REJECTED,NO,미국전략정보국과 미국중앙정보국은 약간 다름,MK,COMPLETE
87,gold-case:9d200eed7fd30d2cb3c2,term-review-task:92705bdc15d00c125889,resolution-case:a261b6246eb3aab0a25a,동복 현감,제도,Concept,1,10,2,6,C10,EXPANDED_ONLY,False,29,"[{""problem_id"": ""cj_v41_1405"", ""full_text"": ""이치(梨峙)는 금산에서 전주로 넘어가는 길목에 위치한 요충지이다. 이곳에서 전라 절제사 권율과 동복 현감 황진이 이끄는 관군은 치열한 전투 끝에 적의 진격을 저지하였다. 그 결과 전라도의 곡창 지대와 조선 수군의 배후를 지키는 데 기여하여 전쟁 초기 적군의 전략에 타격을 입혔다. 오전 11:10 충청도 이치 전투, 전라도를 지켜내다 금산 이치 전주 전라도\n밑줄 그은 ‘전쟁’ 중에 있었던 사실로 옳은 것은?\n정문부가 북관대첩을 이끌었다.\n정봉수가 용골산성에서 항쟁하였다.\n최윤덕이 이만주 부대를 정벌하였다.\n강홍립이 사르후 전투에 참전하였다.\n김준룡이 광교산 전투에서 항전하였다.""}]",RESOLVED,NO,연관 지역에 대한 설명이 있지만 해당용어에 대한 설명은 없음,MK,COMPLETE
88,gold-case:17be139fe4324b66e462,term-review-task:d0cc75a6c16f5d681027,resolution-case:daf72d280451635f8554,정년도목,제도,Concept,2,10,2,7,C10,EXPANDED_ONLY,True,11,"[{""problem_id"": ""cj_v41_0630"", ""full_text"": ""백관이 최우의 집에 나아가 정년도목을 올리니, 최우가 정사에 앉아 받았다. 6품 이하는 당하에서 두 번 절하고 땅에 엎드려 감히 고개를 들지 못하였다. 이때부터 최우는 정방을 자기 집에 두고 백관의 인사 행정을 처리하였다. - 고려사절요 -\n다음 상황 이후에 전개된 사실로 옳은 것은?\n삼별초가 용장성에서 항전하였다.\n정중부 등이 김보당의 반란을 진압하였다.\n빈민 구제를 위한 흑창을 처음 설치하였다.\n공주 명학소에서 망이·망소이가 봉기하였다.\n최충헌이 교정별감이 되어 국정을 총괄하였다.""}, {""problem_id"": ""cj_v41_1206"", ""full_text"": ""(가) 왕이 먼저 나라 안의 신하들을 권유하여 개경으로 환도하게 하였다. 여러 신하들이 말하기를 “임금의 명령인데, 감히 따르지 않을 수 있겠는가?”라고 하였으므로, 임유무가 화가 나서 어떻게 해야 할지를 알지 못하였다. (나) 조위총이 군사를 일으키자, 이의방이 이의민을 정동 대장군 지병마사로 임명하였다. 이의민이 군사를 거느리고 전투에 나섰다가 날아오는 화살에 눈을 맞았으나, 철령으로 진군하여 사방에서 북을 치고 고함을 지르면서 급습하여 크게 격파 하였다. (다) 백관이 최우의 집에 나아가 정년도목(政年都目)을 올렸다. 최우가 청사에 앉아 그것을 받았다. 6품 이하는 당하(堂下)에서 두 번 절하고 땅에 엎드려 감히 고개를 들고 보지 못하였다. 이때부터 최우는 정방을 그의 집에 두고 백관의 인사 행정을 처리하였다.\n(가)~(다)를 일어난 순서대로 옳게 나열한 것은?\n(가) - (나) - (다)\n(가) - (다) - (나)\n(나) - (가) - (다)\n(나) - (다) - (가)\n(다) - (나) - (가)""}]",UNRESOLVED,NO,연관용어 설명은 있지만 해당 용어에 대한 정확한 설명은 없음,MK,COMPLETE
89,gold-case:eff451be3582e9c00910,term-review-task:1cf341e17e841dd46e7b,resolution-case:11bb0a4d8f83db7077d2,비잔틴 제국,국가,Polity,1,5,2,5,C03_05,EXPANDED_ONLY,False,0,"[{""problem_id"": ""cj_v41_0385"", ""full_text"": ""다큐멘터리 공모 신청서 작품명: 저서, 위대한 역사 기록이 되다 8세기 인도와 중앙아시아의 실상을 전해 주는 중요한 기록을 남긴 신라 승려가 있다. 글로벌 시대를 맞아 (가)의 기록이 우리에게 남긴 의미를 재조명한다. 현지 답사를 통해 이슬람 세계와 비잔틴 제국에 대한 기록까지 고증하고자 한다.\n(가) 인물에 대한 설명으로 옳은 것은?\n향가 모음집인 삼대목을 편찬하였다.\n화랑도의 규범인 세속 5계를 제시하였다.\n무애가를 지어 불교 대중화에 기여하였다.\n구법 순례기인 왕오천축국전을 저술하였다.\n화엄일승법계도를 지어 화엄 사상을 정리하였다.""}]",REJECTED,NO,"일치하는 설명 없음, 언급은 되어있지만 시험에 나올것같지 않은 용어설명만 뽑힘",MK,COMPLETE
90,gold-case:703d5d30b177455921dd,term-review-task:b9959e5d280849c047e7,resolution-case:4f70c1cacbd90c587f1d,무오사화,사건,Event,4,7,3,6,C06_09,EXACT_AND_EXPANDED,True,8,"[{""problem_id"": ""cj_v41_0167"", ""full_text"": ""색경을 편찬한 인물에 : : 노론에 의해 사문난적으로 대해 이야기해 보재 몰려 당시 학계에서 배척 당했어\n(가)에 들어갈 내용으로 옳은 것은?\n청으로부터 시헌력 도입을 건의했어.\n기기도설을 참고하여 거중기를 설계했어.\n무오사화의 발단이 된 조의제문을 작성했어.\n천체의 운행과 위치를 측정하는 혼천의를 제작했어.\n유학 경전을 주자와 달리 해석한 사변록을 저술했어.""}, {""problem_id"": ""cj_v41_0209"", ""full_text"": ""제△△호 역사 신문 0000년 ○○월 ○○일 육조 직계제 부활하다 계유년에 황보인 등을 제거하고 권력을 장악한 이후 즉위한 왕은 강력한 왕권을 행사하고자 육조 직계제를 부활시켰다. 이번 조치는 형조의 사형수 판결을 제외한 육조의 서무를 직접 왕에게 보고하도록 한 것이다.\n‘왕’의 재위 기간에 있었던 사실로 옳은 것은?\n주자소가 설치되어 계미자가 주조되었다.\n조의제문이 발단이 되어 무오사화가 일어났다.\n통치 체제를 정비하기 위해 대전회통이 편찬되었다.\n제한된 범위의 무역을 허용한 계해약조가 체결되었다.\n현직 관리에게만 수조지를 지급하는 직전법이 시행되었다.""}, {""problem_id"": ""cj_v41_0638"", ""full_text"": ""(가) 특별전 〈연보〉 - 1501년 경상도 예안현 출생 - 1534년 문과 급제 - 1552년 성균관 대사성에 임명 - 1561년 도산 서당 설립 및 제자 양성 - 1570년 별세 전시 자료: 제1태극도, 제2서명도, 제3소학도\n(가) 인물에 대한 설명으로 옳은 것은?\n기대승과 사단칠정 논쟁을 전개하였다.\n일본에 다녀와서 해동제국기를 편찬하였다.\n양명학을 연구하여 강화 학파를 형성하였다.\n기축봉사를 올려 명에 대한 의리를 내세웠다.\n무오사화의 발단이 된 조의제문을 작성하였다.""}]",ACCEPTED,NO,용어와 설명 일치함,MK,COMPLETE
91,gold-case:b7515fd916c787344f5f,term-review-task:4d38ef8e6952cfb700f7,resolution-case:f18572e0d474531c821c,한인국방경위대,기관,Institution,2,10,2,8,C10,EXPANDED_ONLY,True,0,"[{""problem_id"": ""cj_v41_1427"", ""full_text"": ""휘문중학 운동장에서 (가) 의 수반인 여운형 씨가 5천여 군중 앞에서 해방의 제일성을 힘있게 외쳤다. “조선 민족 해방의 날은 왔다. …… 어제 15일 아침 8시에 엔도 조선 총독부 정무총감의 초청을 받아 …… 나는 다섯 가지 요구를 제안하여 무조건 승낙을 받았다. 1. 전 조선 각지에 구속되어 있는 정치, 경제범을 즉시 해방하라 …… 4. 민족 해방의 모든 원동력이 되는 학생 훈련과 청년 조직에 대하여 간섭하지 말라 …… 이것으로 우리 민족 해방의 첫걸음을 내딛게 되었으니 우리가 지난날에 아프고 쓰렸던 것은 이 자리에서 모두 잊어버리자. ……”\n(가)에 대한 설명으로 옳은 것은?\n신한공사를 설립하였다.\n좌우 합작 7원칙을 제시하였다.\n조선 인민 공화국 수립이 선포된 후 해산하였다.\n한인 국방 경위대를 창설하였다.\n남북 협상 공동 성명서를 발표하였다.""}, {""problem_id"": ""cj_v41_1469"", ""full_text"": ""조선인 운동은 민족 운동으로 또는 사회 운동으로 표면과 이면에서 그침 없이 계속하여 오다가, 조선 민족의 총역량을 집중 하여 민족 단일당 결성을 촉진하며 (가) 이/가 조직되었다. 각도 각지에서는 지회가 속속 설치되었다. …… (가) 은/는 민중 대회를 준비하다가 발각되어 타격을 입은 이후 해소라는 새 기록을 남기고 5년간 걸어 온 자취를 청산하는 동시에 새로운 방향으로 걸음을 전환하였다.\n(가) 단체의 활동으로 옳은 것은?\n개벽, 신여성 등의 잡지를 발행하였다.\n중추원 개편을 통해 의회 설립을 추진하였다.\n군사 조직으로 한인 국방 경위대를 창설하였다.\n순종의 인산일을 기회로 만세 운동을 계획하였다.\n광주 학생 항일 운동에 진상 조사단을 파견하였다.""}]",ACCEPTED,NO,용어와 설명 일치함,MK,COMPLETE
92,gold-case:15fe0c6fc9e323227ced,term-review-task:1b56241f652a05aeabb8,resolution-case:2c8e9a2cbb369954bcc7,설원랑,인물,Person,2,2,2,2,C01_02,EXACT_ONLY,False,0,"[{""problem_id"": ""cj_v41_0004"", ""full_text"": ""(가) 왕이 다시 명령을 내려 좋은 가문 출신의 남자로서 덕행이 있는 자를 뽑아 명칭을 고쳐 화랑이라고 하였다. 처음으로 설원랑을 받들어 국선으로 삼으니, 이것이 화랑 국선의 시초이다. - 삼국유사 - (나) 왕이 이찬 이사부에게 명령하여 가라국을 습격하게 하였다. 이때 사다함은 나이가 15~16세였는데 종군하기를 청하였다. 그 나라 사람들은 뜻하지 않은 신라군의 습격을 받았다. - 삼국사기 -\n'왕'의 재위 시기에 있었던 사실로 옳은 것은?\n거칠부가 국사를 편찬하였다.\n김헌창이 웅천주에서 반란을 일으켰다.\n이차돈의 순교를 계기로 불교가 공인되었다.\n최고 지배자의 호칭이 마립간으로 바뀌었다.\n자장의 건의로 황룡사 9층 목탑이 건립되었다.""}, {""problem_id"": ""cj_v41_1248"", ""full_text"": ""0 풍월주(風月主), 원화(i源花)의 법이 폐하여진 지 이미 여러 해였다. 왕은 나리를 일으기려면 풍월도를 먼저 하여야 한다고 생각하여 다시금 영(令)을 내려 귀인과 양가의 자제 중에서 얼굴이 아름답고 덕행이 있는 자를 선발해서 분장을 시켜 (가) 또는국선(國仙)이라 이름하였다. 0 좋은 가문 출신의 남자로서 덕행이 있는 자를 뽑아 (가) (에라 하였다. 처음 설원랑을 받들어 국선으로 삼았는데 이것이 시초이다.\n(가) 제도를 시행한 국가에 대한 설명으로 옳은 것은?\n태학과 경당을 두어 인재를 양성하였다.\n유랑민을 구휼하는 활인서를 설치하였다.\n정사암 회의에서 국가 중대사를 결정하였다.\n도병마사에서 변경의 군사 문제 등을 논의하였다.\n골품에 따라 관등 승진, 일상생활 등을 엄격히 제한하였다.""}]",ACCEPTED,NO,용어와 설명 일치함,MK,COMPLETE
93,gold-case:3447e9c219fb6a347f8c,term-review-task:8da1e8dc4ce1eeba27bf,resolution-case:dff5abdc4bd566328505,사찰령,제도,Concept,4,5,2,4,C03_05,EXACT_AND_EXPANDED,True,0,"[{""problem_id"": ""cj_v41_0605"", ""full_text"": ""이곳은 동학에서 시작된 종교인 (가) 소속의 방정환, 김기전 등이 인내천 사상을 바탕으로 1922년 '어린이의 날을 선포한 장소이다. 그들은 어린이들과 함께 이곳에서 출발하여 거리 행진을 하며 선전문을 배포한 뒤 어린이날 제정 축하 기념회를 열었습니다. 밥\n(가) 종교에 대한 설명으로 옳은 것은?\n만세보를 발행하여 민중 계몽에 힘썼다.\n중광단을 조직하여 무장 투쟁을 전개하였다.\n배재 학당을 세워 신학문 보급에 기여하였다.\n박중빈을 중심으로 새생활 운동을 추진하였다.\n일제의 통제에 맞서 사찰령 폐지 운동을 주도하였다.""}, {""problem_id"": ""cj_v41_0987"", ""full_text"": ""방정환이 꿈꾼 어린이를 위한 나라 우리 박물관 에서는 어린이 창간 100주년을 기념하는 특별전을 준비하였습 니다 동학을 계승한 종교인 (가) 계 열의 방정환 등이 어린이들에게 다양한 읽을거리를 제공하기 위 해 발간한 잡지 어린이의 전시와 함께 여러 체험 행사를 준비 하였으니 많은 관심 바랍니다\n(가) 종교에 대한 설명으로 옳은 것은?\n한용운 등이 사찰령 폐지를 주장하였다.\n만세보를 발행하여 민중 계몽에 앞장섰다.\n박중빈을 중심으로 새생활 운동을 펼쳤다.\n배재 학당을 세워 신학문을 보급하고자 힘썼다.\n의민단을 조직하여 항일 무장 투쟁을 전개하였다.""}, {""problem_id"": ""cj_v41_1130"", ""full_text"": ""지난 개천절을 기회로 하여 (가) 은/는 나철이 만주에서 독립운동을 계획했다는 이유로 단군 신앙을 기반으로 창시한 (가) 간부 7명이 동대문 종 교 인 데 , 민 족 의 식 을 고 취 할 경찰서에 체포되었다는 기사가 뿐만 아 니 라 독 립 운 동 도 전 개 실렸구나. 하고 있네요.\n(가) 종교에 대한 설명으로 옳은 것은?\n개벽, 신여성 등의 잡지를 발간하였다.\n한용운 등이 사찰령 폐지를 주장하였다.\n박중빈을 중심으로 새생활 운동을 펼쳤다.\n김창숙의 주도로 파리 장서 운동을 전개하였다.\n무장 투쟁을 전개하기 위해 중광단을 조직하였다.""}]",ACCEPTED,NO,용어와 설명 일치함,MK,COMPLETE
94,gold-case:5956099a2cf194a318fc,term-review-task:19c63acaff6f940c7516,resolution-case:a29028e8694790f19717,통신사,기관,Institution,1,10,2,6,C10,EXACT_AND_EXPANDED,True,8,"[{""problem_id"": ""cj_v41_0224"", ""full_text"": ""이제 지계 사무를 강원도에서 실시하여 영동은 울진군부터, 영서는 춘천군부터 시작하여 토지를 측량한 후 관계를 발급합니다. 전답과 가사를 강원도에 두고 있는 인민은 구권을 가지고 토지가 있는 군에 가서 관계로 바꾸어 가시기 바랍니다. 광무 ○년 ○○월 ○○일 지계아문\n‘관계’가 발급되던 시기에 볼 수 있는 모습으로 가장 적절한 것은?\n영남 만인소에 동참하는 유생\n원수부에서 업무를 처리하는 관리\n남연군 묘를 도굴하려는 독일 상인\n제너럴 셔먼호를 불태우는 평양 관민\n통신사를 수행해 일본으로 가는 역관""}]",ACCEPTED,NO,용어와 설명 일치함,MK,COMPLETE
95,gold-case:a508ea946ed42520bd1b,term-review-task:588b98e9ffbd0a2eafea,resolution-case:d093fdf173ac6444c936,손일봉,인물,Person,1,3,2,3,C03_05,EXACT_AND_EXPANDED,False,0,"[{""problem_id"": ""cj_v41_0654"", ""full_text"": ""독립운동가 호가장 전투에서 순국한 열사들 중국 우한에서 창설된 한인 무장 부대의 일부는 화북으로 이동하여 1941년 7월 타이항산에서 (가)을/를 결성하였다. (가)의 무장 선전대로 활동하던 손일봉, 최철호, 박철동, 이정순은 호가장 전투에서 다른 대원들이 포위망을 벗어날 때까지 일본군과 싸우다 장렬히 순국하였다. 정부는 이들의 공훈을 기려 1993년 애국장을 추서하였다.\n(가) 부대에 대한 설명으로 옳은 것은?\n봉오동 전투에서 일본군을 격파하였다.\n총사령 양세봉의 지휘 아래 활동하였다.\n미군과 연계하여 국내 진공 작전을 계획하였다.\n조선 독립 동맹 산하의 군사 조직으로 개편되었다.\n간도 참변 이후 조직을 정비하고 자유시로 이동하였다.""}]",REJECTED,NO,일치하는 용어는 있지만 동명이인임,MK,COMPLETE
96,gold-case:3eed3be816877e81737c,term-review-task:04b303fbd93ccbef2726,resolution-case:1eb8ff6b9408d510343f,철령위,기관,Institution,10,3,3,3,C03_05,EXACT_AND_EXPANDED,False,3,"[{""problem_id"": ""cj_v41_0348"", ""full_text"": ""(가) 다루가치가 왕을 비난하면서 말하기를, “선지(宣旨)라 칭하고, 짐(朕)이라 칭하고, 사(赦)라 칭하니 어찌 이렇게 참람 합니까?”라고 하였다. ------ 이에 선지를 왕지(王旨)로, 짐을 (나) 왕이 시해딩하자 태후가 종실에서 [후사를] 골라 세우고자 하니, 시중 이인임이 백관을 거느리고 우왕을 세웠다. - 고려사 -\n(가), (나) 사이의 시기에 있었던 사실로 옳은 것은?\n화통도감을 설치하여 화포를 제작하였다.\n유인우, 이자춘 등이 쌍성총관부를 수복하였다.\n정중부 등이 정변을 일으켜 권력을 장악하였다.\n최우가 강화도로 도읍을 옮겨 장기 항전을 준비하였다.\n명의 철령위 설치에 반발하여 요동 정벌을 추진하였다.""}, {""problem_id"": ""cj_v41_0633"", ""full_text"": ""(가) 용진현 출신 조휘와 정주 출신 탁청이 화주 이북 지방을 몽골에 넘겨주었다. 몽골은 화주에 쌍성총관부를 설치하고 조휘를 총관으로, 탁청을 천호(千戶)로 임명하였다. (나) 등~묵면 병마사 유인우가 쌍성을 함락시기자 총관 조소생, 천호 탁도경이 도망치니 화주, 등주, 정주 등이 수복되었다.\n(가), (나) 사이의 시기에 있었던 사실로 옳은 것은?\n최윤덕이 4군을 개척하였다.\n일본 원정을 위해 정동행성이 설치되었다.\n몽골 사신 저고여가 귀국길에 피살되었다.\n철령위 설치 문제로 요동 정벌이 추진되었다.\n서희가 외교 담판으로 강동 6주를 획득하였다.""}, {""problem_id"": ""cj_v41_0682"", ""full_text"": ""김윤-후가 충주산성 방호별감이 되었는데 군대가 쳐들어 와 충주성을 70여 일간 포위하였다. 군량이 거의 바닥나자 김윤후가 군사들에게 “만약 힘내 싸운다면 귀천을 가리지 않고 모두 관작을 내리겠다.” 라고 하였다. 마침내 관노비의 문서를 불태우고 노획한 소와 말을 나누어 주었다. 사람들이 모두 죽음을 무릅쓰고 싸우니 적의 기세가 꺾여 남쪽으로 침략하는 것을 막을 수 있었다. (0\n(가)에 대한 고려의 대응으로 옳은 것은?\n윤관을 보내 동북 9성을 축조하였다.\n박위로 하여금 쓰시마섬을 정발하게 하였다.\n서희가 외교 담판을 통해 강동6주를 획득하였다.\n최우가 강화도로 수도를 옮겨 장기 항전에 대비하였다.\n최영이 철령위 설치에 반발하여 요동 정벌을 추진하였다.""}]",ACCEPTED,NO,용어와 설명 일치함,MK,COMPLETE
97,gold-case:152b341fe962f07e4363,term-review-task:4e1786142c11417716b3,resolution-case:5ebd1e9585186ead83b2,경잠기,제도,Concept,1,3,2,1,C03_05,EXPANDED_ONLY,True,1,"[{""problem_id"": ""cj_v41_0400"", ""full_text"": ""이것은 이 왕이 농경을 장려하기 위해 세손과 더불어 경잠기이다. 그는 균역법을 제정하여 백성의 군역 부담을 줄여주는 등 민생 안정에 많은 노력을 기울였다.\n'이 왕'에 대한 설명으로 옳은 것은?\n조선의 기본 법전인 경국대전을 완성하였다.\n붕당의 폐해를 경계하기 위한 탕평비를 건립하였다.\n시전 상인의 특건을 축소한 신해통공을 실시하였다.\n전세를 1결당 4~6두로 고정하는 영정법을 제정하였다.\n각 궁방과 중앙 관서의 공노비 6만여 명을 해방하였다.""}]",REJECTED,NO,일치하는 설명 없음,MK,COMPLETE
98,gold-case:f64495a3e063275c1559,term-review-task:f5753ce25a66c10841d1,resolution-case:966a0016e8c8bee550e3,이렴,인물,Person,1,5,1,5,C03_05,EXACT_ONLY,False,3,"[{""problem_id"": ""cj_v41_1121"", ""full_text"": ""(가) 순 무영에서 정족산성 수성장 양헌수가 보내온 보고에 의하면, “…… 우리 군사가 잠입한 사실을 적들이 알지 못하였다. 오늘 저들은 우리가 지키고 있는 성을 점령할 계책으로 그 우두머리가 말을 타고 나귀를 끌고 짐바리와 술과 음식을 가지고 동문과 남문으로 나누어 들어왔습니다. 이때 우리 군사들이 좌우에 매복하였다가 일제히 총탄을 퍼부었습니다. ……”라고 하였다. (나) 4 월 24일에 계속해서 올린 강화 진무사 정기원의 치계에, “미국 배가 다시 항구로 들어와서 광성진을 습격하여 함락 하였는데, 중군 어재연이 힘껏 싸우다가 목숨을 바쳤고, 사망한 군사가 매우 많습니다. 적병은 초지포 부근에 주둔하였다. 장수 이렴이 밤을 이용하여 습격해서야 그들을 퇴각시켰습니다.” 라고 하였다.\n(가), (나) 사이의 시기에 있었던 사실로 옳은 것은?\n일본 군함 운요호가 영종도를 공격하였다.\n오페르트가 남연군 묘의 도굴을 시도하였다.\n마젠창과 묄렌도르프가 고문으로 파견되었다.\n영국군이 러시아를 견제하기 위해 거문도를 점령하였다.\n황사영이 외국 군대의 출병을 요청하는 백서를 작성하였다.""}]",REJECTED,NO,동명이인만 뽑힘,MK,COMPLETE
99,gold-case:a5cf72f6874ec80f0794,term-review-task:e601e0321daf96da9ec0,resolution-case:4a58fe397855ec0c8810,오례의,제도,Concept,1,10,2,5,C10,EXACT_AND_EXPANDED,False,0,"[{""problem_id"": ""cj_v41_0635"", ""full_text"": ""세종 대왕께서는 집현전 유신 (儒臣)들에게 명하여 오례의를 상세히 청하게 하셨다. 예종 대왕과 유리 주상 전하께서 선왕의 뜻을 이어 이 방대한 책을 완성하게 하셨다. ----- 예(-헴를 기습한 것은 3,300가지나 되지만, 그 요점은 길례 흉례-군례-빈례 가리다섯 가지일 뿌이다.\n'전하'의 재위 기간에 있었던 사실로 옳은 것은?\n국가의 기본 법전인 경국대전이 완성되었다.\n성삼문 등이 상왕의 복위를 꾀하다가 처형되었다.\n육의전을 제외한 시전 상인의 금난전권이 폐지되었다.\n반정 공신의 위훈 삭제를 주장한 조광조가 사사되었다.\n이조 전랑 임명을 둘러싸고 김효원과 심의겸이 대립하였다.""}]",UNRESOLVED,NO,해당 용어는 EVIDENCE_ONLY로 잡힌 용어들을 포괄하는 개념,MK,COMPLETE
100,gold-case:31e533f48773ccd61076,term-review-task:aee1f8bde5fae9cbf5a1,resolution-case:6de1d7d83aa224698752,10·4 남북 정상 선언,문헌,Work,7,4,2,3,C03_05,EXACT_AND_EXPANDED,False,0,"[{""problem_id"": ""cj_v41_0757"", ""full_text"": ""(가) (나) 2. 남과 북은 나라의 통일을 위한 남측의 연합제 안과 북측의 낮은 단계의 연방제 인이 서로 공통성이 있다고 인정하고, 앞으로 이 방향에서 통일을 지향시켜 나가기로 하였다. - 6- 15 남북공동 선언 - 4. 남과 북은 현 정전 체제를 종식시키고 항구적인 평화 체제를 구축해 나가야 한다는 데 인식을 같이하고 직접 관련된 3자 또는 4자 정상들이 한반도 지역에서 만나 종전을 선언하는 문제를 추진하기 위해 협력해 나가기로 하였다. -서0-4남북정상선언 -\n(가), (나) 사이의 시기에 있었던 사실로 옳은 것은?\n남북 조절 위원회가 구성되었다.\n7·4 남북 공동 성명이 발표되었다.\n개성 공업 지구 건설이 착공되었다.\n남북한 비핵화 공동 선언이 채택되었다.\n남북 이산가족 고향 방문단의 교환 방문이 최초로 성사되었다.""}, {""problem_id"": ""cj_v41_0805"", ""full_text"": ""나는 오늘 온 겨레의 염원인 조국의 평화적 통일을 실현해 나가기 위한 새 공회국의 정책을 밝히려 합니다. 우리 민족이 남북 분단의 고통을 겪어온 지 반세기가 가까워 옵니다 ------ 민족자존과 통일 번영의 새 시대를 열어나갈 것임을 약속하면서 디음과 같은 정책을 추진해 나갈 것을 내외에 산언합니다. 셋째 남북간 교역의 문호를 개방하고 남북간교역올민촉 내부 교역으로 간주한다. 여섯째, 한반도의 평회를 정착시킬 여건을조성하기 위하여 북한이 미국 일본 등 우리 우방과의 관계를 개선하는 데 협조할 용의가 있으며 또한 우리는 소련, 중국을 비롯한 사회주의 국가들과의 관계 개선을 추구한다.\n다음 선언을 발표한 정부의 통일 노력으로 옳은 것은?\n남북 조절 위원회를 구성하였다.\n남북한이 국제 연합(UN)에 동시 가입하였다.\n개성 공업 지구 건설에 합의하였다.\n10·4 남북 정상 선언을 발표하였다.\n남북 이산가족 고향 방문을 최초로 실현하였다.""}, {""problem_id"": ""cj_v41_img_63_50"", ""full_text"": ""나는 오늘 온 겨레의 염원인 조국의 평화적 통일을 실현해 나가기 위한 새 공화국의 정책을 밝히려 합니다. 우리 민족이 남북 분단의 고통을 겪어온 지 반세기가 가까워 옵니다. …… 민족자존과 통일 번영의 새 시대를 열어나갈 것임을 약속하면서 다음과 같은 정책을 추진해 나갈 것을 내외에 선언합니다. ...…\n셋째, 남북 간 교역의 문호를 개방하고 남북 간 교역을 민족 내부교역으로 간주한다.\n여섯째, 한반도의 평화를 정착시킬 여건을 조성하기 위하여 북한이 미국, 일본 등 우리 우방과익 관계를 개선하는 데 협조할 용의가 있으며 또한 우리는 소련, 중국을 비롯한 사회주의 국가들과의 관계 개선을 추구한다.\n다음 선언을 발표한 정부의 통일 노선으로 옳은 것은?\n남북 조절 위원회를 구성하였다.\n개성 공업 지구 건설에 합의하였다.\n10·4 남북 정상 선언을 발표하였다.\n남북한이 국제 연합(UN)에 동시 가입하였다.\n남북 이산가족 고향 방문을 최초로 실현하였다.""}]",ACCEPTED,NO,용어와 설명 일치,MK,COMPLETE
