round_no,question_no,problem_id,true_label,pred_label,is_correct,text_preview
71,1,cj_v41_1144,역사 자료의 분석 및 해석,역사 자료의 분석 및 해석,True,[체험 프로그램 기획안] (가) 시대로 떠나는 시간 여행 ▣ 기획 의도 뗀석기를 처음 사용한 (가) 시대 사람들의 생활을 다양한 활동을 통해 체험할 수 있는 기회를 마련하고자 함. ▣ 체험 프로그램 예시 [주먹도끼로 고기 자르기] [마찰식 점화법으로 불 피우기] ▣ 장소: 연천 전곡리 
71,2,cj_v41_1145,역사 자료의 분석 및 해석,역사 자료의 분석 및 해석,True,"사료로 보는 한국사 검색 검색 결과 | ◯◯◯건 1. 위치 장성의 북쪽에 있는데 현도군에서 천 리 떨어져 있다. 남쪽은 고구려와, 동쪽은 읍루와, 서쪽은 선비와 접해 있고, 북쪽에는 약수가 있다. 2. 형벌 형벌은 엄하고 각박하여 사람을 죽인 자는 사형에 처하고 그 집안사람은 적몰(籍沒"
71,3,cj_v41_1146,역사 자료의 분석 및 해석,역사 자료의 분석 및 해석,True,특별 기 획 큐레이터와의 대화 유물을 통해 본 (가) 의 대외 교류 우 리 박 물 관 에 서 는 수 로 왕 이 건 국 했 다 고 전 해 지 는 (가) 의 유물을 큐레이터가 직접 설명하는 행사를 마련하였다. 이번 행사를 통해 (가) 의 활발했던 대외 교류에 대해서 알아보는 뜻깊은 시간을 
71,4,cj_v41_1147,역사 자료의 분석 및 해석,역사 자료의 분석 및 해석,True,"왕이 고구려가 자주 국경을 침략하는 것을 걱정하여 수에 군사를 요청해 고구려를 치고자 하였다. 이에 (가) 에게 명하여 걸사표를 짓도록 하였다. (가) 이/가 말하기를, “자기가 살고자 남을 멸하는 것은 출가한 승려로서 적합한 행동은 아니지만, 제가 대왕의 땅에서 살고 대왕의 물과 풀을"
71,5,cj_v41_1148,연대기의 파악,연대기의 파악,True,"백제의 성장과 발전 도읍을 사비로 동 진 에 서 온 고구려의 평양성을 옮기고, 국호를 마라난타를 통해 공 격 하 고 황 해 도 남부여라고 하였 불교를 수용하였 일부 지역을 차지 어요. 어요. 하였다요. (가) (나) (다) (가)~(다) 학생이 발표한 내용을 일어난 순서대로 옳게 나열한"
71,6,cj_v41_1149,역사 자료의 분석 및 해석,역사 자료의 분석 및 해석,True,"여러 신하들이 국호를 신라로 나도 들었네. 작년에는 순장을 확정하고 임금의 호칭을 신라 금 지 한 다 는 명 을 내 리 셨 지 . 국왕으로 하자고 건의하니, 왕께서 앞으로 우리나라의 발전이 기대 이를 따르셨다고 하네. 되는구먼. 밑줄 그은 ‘왕’에 대한 설명으로 옳은 것은?  [키워드]"
71,7,cj_v41_1150,역사 자료의 분석 및 해석,역사 자료의 분석 및 해석,True,국가유산 정보 서비스 종목별 전체 국보 보물 사적 명승 국가유산 검색 검색 초기화 결과 내 재검색 ◈ 소재지: 경상북도 경주시 ◈ 지정(등록)일: 1962.12.20. ◈ 설명 우리나라의 대표적인 석탑으로 무영탑 이라고도 불린다. 8세기 경에 제작된 것으로 추정되는 이 탑은 불국사 대웅
71,8,cj_v41_1151,역사 자료의 분석 및 해석,역사 지식의 이해,False,"12월에 황제가 함원전에서 포로를 받아들였다. [황제가] 왕은 정사를 자기가 한 것이 아니라 하였기에 용서하여 사평태상백 원외동정으로 삼았다. 천남산은 사재소경으로, 승려 신성은 은청광록대부로, 천남생은 우위대장군으로 삼았다. …… 천남건은 검주(黔州)로 유배를 보냈다. 5부, 176성"
71,9,cj_v41_1152,연대기의 파악,연대기의 파악,True,개원(開元) 20년에 발해가 천자의 조정을 원망하여 군사를 거느리고 등주(登州)를 습격하여 자사 위준을 살해하였다. 이에 황제께서 크게 노하여 하행성 등에게 군사를 징발하여 바다를 건너 공격해 토벌하도록 명하였다. 아울러 당에 숙위하고 있던 신라인 김사란을 귀국시켜 신라로 하여금 발해를
71,10,cj_v41_1153,역사 자료의 분석 및 해석,연대기의 파악,False,"왕이 제서(制書)를 내리기를, “백성을 부유하게 하고 국가를 이롭게 하는 것으로 전화(錢貨)만큼 중요한 것이 없다. 서북의 양조(兩朝)에서는 이를 행한 지 이미 오래되었으나 우리나라는 홀로 아직 행하지 않고 있다. 이제 처음으로 화폐를 주조하는 법을 제정하고, 이에 따라 주조한 동전 1"
71,11,cj_v41_1154,연대기의 파악,연대기의 파악,True,"(가) 처음으로 역분전을 정하였다. 통일할 때 조정의 관리들과 군사들 에게 관계(官階)는 논하지 않고, 그 사람의 성품과 행동이 착하고 악함과 공로가 크고 작음을 참작하여 차등 있게 주었다. (나) 12월에 문무 양반 및 군인들의 전시과를 개정하였다. 제1과는 전지 100결, 시지 70"
71,12,cj_v41_1155,역사 자료의 분석 및 해석,역사 탐구의 설계 및 수행,False,○ 북 원의 도적 우두머리인 양길은 (가) 이/가 자신을 배신한 것을 미워하여 국원 등 10여 곳의 성주들과 그를 칠 것을 모의하고 비뇌성 아래로 진군하였다. 그러나 양길의 병사는 패배하여 흩어져 달아났다. - 삼국사기 - ○ [ 태조가] 수군을 거느리고 서해로부터 광주(光州) 부근에 
71,13,cj_v41_1156,역사 자료의 분석 및 해석,역사 자료의 분석 및 해석,True,문헌공도 등 사학의 발달로 서적포를 두어 관학이 위축된 시기에 관학 출판을 담당하게 (가) 진흥을 위하여 시행한 정책에 하였다. 대해 말해 보자. (가)에 들어갈 내용으로 가장 적절한 것은?  [키워드] 고려의 관학 진흥 정책
71,14,cj_v41_1157,역사 자료의 분석 및 해석,연대기의 파악,False,"서술형 평가 ◯학년 ◯◯반 이름: ◯◯◯ ◎ 다음 상황들이 나타난 시기의 사회 모습을 서술하시오. ○ 이의방은 평소 자기를 핍박하는 이고를 미워하였는데, 이고가 난을 모의한다는 말을 듣고 그를 살해하였다. ○ 서경유수 조위총이 반란을 일으켰는데, 두경승이 향산동 통로역에서 반란군을 패퇴"
71,15,cj_v41_1158,역사 자료의 분석 및 해석,역사 자료의 분석 및 해석,True,"○ 박서는 김중온의 군사로 성의 동서쪽을, 김경손의 군사로는 성의 남쪽을, 별초 250여 인은 나누어 3면을 지키게 하였다. (가) 의 군사들이 성을 여러 겹으로 포위하고 공격하자 성안의 군사들이 갑자기 나가 싸워 그들을 패주시켰다. ○ 송문주는 귀주에서 종군하였던 사람인데 그 공으로 "
71,16,cj_v41_img_71_16,역사 자료의 분석 및 해석,역사 자료의 분석 및 해석,True,"청자 상감 모란무늬 항아리  △△ 신문  '국보 순회전: 모두의 곁으로', 강진군에서 열려  국립중앙박물관이 지역 간의 문화 격차를 해소하기 위해 기획한 국보 순회전이 전남 강진군에서 '도자기에 핀 꽃, 상감 청자'를 주제로 개최된다. 이번 전시에서는 청자 상감 모란무늬 항아리, 청자 "
71,17,cj_v41_1159,역사 자료의 분석 및 해석,역사 자료의 분석 및 해석,True,"최근에 역옹패설을 저술하셨는데 고위 관리 유청신이 원의 사신과 몽골말로 독자들이 관심 가질 만한 내용을 직접 대화하자 홍자번이 역관을 심하게 소개해 주세요. 꾸짖었고, 이에 유청신이 부끄러워 한 일화가 실려 있다. 다음 가상 인터뷰의 주인공에 대한 설명으로 옳은 것은?  [키워드] 몽골"
71,18,cj_v41_1160,역사 자료의 분석 및 해석,역사 자료의 분석 및 해석,True,"유네스코 세계유산을 품은 도시 (가) 에 여러분을 초대합니다. (가) 은/는 유네스코 세계유산, 무형문화유산, 세계기록유산 등을 보유한 유서 깊은 고장이다. 홍건적의 침입 당시 공민왕과 노국 공주가 피란했던 역사가 있는 곳이기도 합니다. 이곳에 오셔서 다양한 전통문화를 느껴 보시기 바랍"
71,19,cj_v41_1161,역사 자료의 분석 및 해석,연대기의 파악,False,"임금이 무악에 이르러서 도읍을 정할 땅을 물색하였다. 좌시중 조준, 우시중 김사형에게 말하였다. “고려 말에 서운관에서 송도의 지덕이 이미 쇠했다는 이유로 여러 번 글을 올려 한양으로 도읍을 옮기자고 하였다. 근래에는 계룡이 도읍할 만한 곳이라 하기에 백성을 공사에 동원하여 힘들게 하였"
71,20,cj_v41_1162,역사 자료의 분석 및 해석,역사 자료의 분석 및 해석,True,"이것은 비국 또는 주사라고 불 린 (가) 관 원 들 의 모임을 그린 계회도이다. 이 그림은 (가) 이/가 상설 기관으로 자리잡기 이전, 변방의 국방 문제에 대해 논의하고 대비하기 위한 임시 기구이던 시기에 그려졌습니다. 그림의 오른쪽에는 관원들의 결의와 충절이 담긴 시가 쓰여 있다. ("
71,21,cj_v41_1163,역사 자료의 분석 및 해석,역사 자료의 분석 및 해석,True,이곳은 이언적의 위패를 모신 경주 옥산서원이다. 이언적은 이른바 대윤과 소윤이라는 정치 세력 간의 갈등으로 윤임 등 대윤 세력이 탄압받은 이 사건 당시 관련자들의 처리를 두고 갈등이 생기자 스스로 관직에서 물러났습니다. 이후 양재역 벽서 사건에 연루되어 유배되었다. 밑줄 그은 ‘이 사건
71,22,cj_v41_1164,연대기의 파악,연대기의 파악,True,"(가) 임금이 여러 도(道)에 명을 내렸다. “나라의 운세가 매우 좋지 않아 역적 이괄이 군사를 일으켰는데, 여러 장수들이 좌시하여 수도가 함락되고 말았다. …… 예로부터 반역은 어느 시대에나 있었지만, 이처럼 극도로 흉악한 역적은 없었다. 종사와 자전*을 염려하여 남쪽으로 피란하기로 "
71,23,cj_v41_1165,역사 자료의 분석 및 해석,역사 탐구의 설계 및 수행,False,좌의정 채제공이 왕에게 아뢰었다. “빈둥거리는 무뢰배가 삼삼오오 떼를 지어 스스로 상점을 개설하고 일용품을 거래하는 일이 많아졌습니다. 그들은 큰 물건에서 작은 물건까지 싼값에 억지로 사들이기 일쑤이다. 혹 물건 주인이 말을 듣지 않으면 난전(亂廛)으로 몰아서 결박하여 형조와 한성부로 
71,24,cj_v41_1166,역사 자료의 분석 및 해석,역사 자료의 분석 및 해석,True,"이것은 조선과 청 사이의 이 비석은 국경을 분명히 하기 위해 청에서 경계를 나타내고자 세운 파견한 오라총관 목극등과 이 왕이 보낸 비석의 탁본이다. 비석에 조선의 관리들이 현지를 답사하고 세웠습니다. 대해 자세히 설명해 주시 비석에는 서쪽은 압록강, 동쪽은 토문강을 겠어요? 경계로 한다"
71,25,cj_v41_1167,역사 자료의 분석 및 해석,역사 자료의 분석 및 해석,True,이것은 이 인물이 제주도 유배지에서 부인에게 보낸 한글 편지이다. 편지에는 유배 생활의 곤궁함과 함께 위독한 부인에 대한 걱정과 그리움이 담겨 있다. 독창적인 서체로 유명한 이 인물은 유배지에서 세한도를 그리기도 하였다. 밑줄 그은 ‘이 인물’에 대한 설명으로 옳은 것은?  [키워드] 
71,26,cj_v41_1168,역사 자료의 분석 및 해석,연대기의 파악,False,"며칠 전 주상께서 각 궁방과 중앙 관청에 나도 들었네. 선왕께서 노비 소속된 노비를 모두 양민으로 삼고, 노비 추쇄관을 혁파하셨는데, 그 뜻을 문서를 거두어 불태우라고 명하셨다는군. 이어받으신 것 아니겠는가. 다음 가상 대화가 이루어진 시기에 볼 수 있는 모습으로 적절하지 않은 것은? "
71,27,cj_v41_1169,역사 자료의 분석 및 해석,역사 자료의 분석 및 해석,True,이 우표 속 그림은 국왕의 혼인을 축하하기 위해 거행된 진하례 모습을 그린 궁중 행사도이다. 그림에 보이는 왕실 행사의 화려함과는 달리 안동 김씨 등 외척 세력이 세 왕에 걸쳐 60여 년 동안 권력을 잡은 이 시기에는 국왕의 실권이 많이 위축되었다. 밑줄 그은 ‘이 시기’에 있었던 사실
71,28,cj_v41_1170,역사 자료의 분석 및 해석,역사 자료의 분석 및 해석,True,3년 전 우리나라에서 전시한 맞아. 이 수자기는 그때 빼앗겼다가 어재연 장군의 수자기를 찍은 많은 노력 끝에 대여 형식으로 들어와 사진이야. 어재연 장군은 미군이 실물을 볼 수 있었지. 안타깝게도 지금은 강화도를 침략한 (가) 당시 미국으로 다시 돌아가 언제 돌아올 수 광성보에서 항전하
71,29,cj_v41_1171,연대기의 파악,연대기의 파악,True,(가) 부산항에서 일본국 인민이 통행할 수 있는 도로 이정(里程)은 부두로부터 기산하여 조선 이법(里法)으로 동서남북 직경 10리로 정한다. 동래부는 이정 밖에 있지만 특별히 왕래할 수 있다. 일본국 인민은 마음대로 통행하며 조선 토산물과 일본국 물품을 사고팔 수 있다. (나) 통 상 
71,30,cj_v41_1172,역사 자료의 분석 및 해석,역사 자료의 분석 및 해석,True,"오전 11:00 한국의 무형문화유산 - (가) 史 한국사 알림이 채널 조회 수 202,408 궁중 무용 중 유일하게 사람 형상의 가면을 쓰고 추는 춤으로 5명이 중앙과 동서남북을 상징하는 5가지 색깔의 옷을 입고 춤을 춥니다. 가면의 팥죽색은 악귀를 물리치는 벽사의 의미를 담고 있다. "
71,31,cj_v41_1173,역사 자료의 분석 및 해석,역사 자료의 분석 및 해석,True,"어제 발행된 관보를 보았는가? 지난 8월 그래서 내일부터 양력 1월 국모 시해 사건 이후 김홍집 내각에서 추진한 1일이 시작되고, 새로운 연호는 개혁의 일환으로 태양력을 시행한다더니, 건양으로 정해졌다고 하네. 그에 맞추어 연호를 새로 정하라는 조칙이 내려졌군. 밑줄 그은 ‘개혁’의 내"
71,32,cj_v41_1174,역사 자료의 분석 및 해석,역사 자료의 분석 및 해석,True,이곳은 기기창 건물 중 하나인 번사창이다. 강화도 조약 체결 이후 정부는 국내외 정세에 대응하고 개화 정책을 총괄하기 위한 기구로 (가) 을/를 설치하였다. 이 기구의 건의로 청에 파견한 영선사 일행에 유학생을 포함시켜 근대 문물을 배워 오도록 하였다. 이러한 노력의 영향으로 설치된 근
71,33,cj_v41_1175,역사 자료의 분석 및 해석,역사 자료의 분석 및 해석,True,"오전 11:10 근대 신문 박물관 소장품 국가등록문화유산 - 배설 만사집 배 설 만 사 집 은 (가) 의 발행인 배설(Ernest T. Bethell, 1872~ 이 37세의 젊은 나이로 사망하자, 그를 추도하여 전국 각지에서 보내온 만사* 259편을 모아 책으로 엮은 것이다. 만사를 "
71,34,cj_v41_1176,역사 자료의 분석 및 해석,역사 자료의 분석 및 해석,True,"독립문 주춧돌 놓는 예식을 독립 공원 부지에서 열었다. …… 회장 안경수 씨가 연설하기를, “ (가) 이/가 처음에 시작할 때 단지 회원이 네다섯 명이더니 오늘날 회원은 수천 명이다. 조선 인민들이 나라가 독립되는 것을 좋아하기에 심지어 궁벽한 시골에 사는 인민 중에서 독립문 세우는 데"
71,35,cj_v41_1177,역사 자료의 분석 및 해석,역사 자료의 분석 및 해석,True,"화폐로 보는 한국사 백동화(白銅貨)는 전환국에서 발행한 액면가 2전 5푼의 동전이다. 당시 재정 궁핍으로 본위 화폐인 은화는 거의 주조되지 않았고, 보조 화폐인 백동화가 주로 제조 되어 사용되었다. 러일 전쟁 중에 재정 고문으로 임명된 메가타 다네타로의 주도하에 전환국을 폐지하고 백동화"
71,36,cj_v41_1178,역사 자료의 분석 및 해석,역사 자료의 분석 및 해석,True,"이 문서는 일제에 협력하는 것을 방지한다는 명분으로 (가) 의 한인들을 중앙아시아로 강제 이주 시키라는 명령서이다. 1937년에 소련 공산당 서기장 스탈린이 승인한 이 명령의 시행으로 블라디보스토크를 포함한 (가) 의 한인 10만 명 이상이 우즈베키스탄, 카자흐스탄 등지로 강제 이주당하"
71,37,cj_v41_1179,역사 자료의 분석 및 해석,역사 탐구의 설계 및 수행,False,"신간 도서 소개 “슬프도다! 천만 뜻밖에도 일본이 승리한 동 양 이후에 가장 가깝고 친하며 어질고 약한, 같은 인종인 한국을 억눌러 강제로 조약을 맺었다.” (가) 은/는 뤼순 감옥에서 미완의 원고, 책으로 출간 사형 집행을 눈앞에 두고 온 힘을 다해 동양 평화론을 집필하였다. 안타깝게"
71,38,cj_v41_1180,역사 자료의 분석 및 해석,역사 자료의 분석 및 해석,True,개성에서 청년 두 명이 웃통을 벗고 일하다가 순사에게 발견되어 태형에 처해졌다는 신문 기사이다. 일제가 조선 태형령을 시행한 시기에는 기사의 내용처럼 사소한 사안에도 태형이라는 가혹한 형벌이 집행되었다. 밑줄 그은 ‘시기’의 사회 모습으로 가장 적절한 것은?  [키워드] 조선 일제 사회
71,39,cj_v41_1181,연대기의 파악,연대기의 파악,True,(가) 회사령 폐지에 관한 건 회사령은 폐지한다. - 부칙 1. 이 영은 공포일로부터 시행한다. 2. 구 령에 의하여 설립한 회사로 이 영 시행 당시 존재하는 것은 조선 민사령에 의하여 설립한 것으로 본다. (나) 조선 총독부 농촌 진흥 위원회 규정 제1조 조선의 농산어촌 진흥에 관한 
71,40,cj_v41_1182,연대기의 파악,연대기의 파악,True,대학을 세운다는 일은 극히 거창하여 여간 몇 사람의 힘으로는 도저히 성취할 바가 아니므로 금일까지 실지의 운동이 일어나지 못하였던 것이라. 그러나 일이 거창하고 어렵다고 시작을 아니하면 언제까지든지 조선 사람의 대학이라는 것은 생겨볼 수가 없다. 그러므로 이번에 조선 전도의 다수한 유지
71,41,cj_v41_1183,역사 자료의 분석 및 해석,역사 자료의 분석 및 해석,True,◯학년 ◯◯반 이름: ◯◯◯ ⊙ 주제: (가) 에 대한 국외 반응 ⊙ 탐구 목적 라이징 선 석유 주식회사의 문평 공장에서 일본인 감독이 조선인 노동자를 구타한 일이 발단이 되어 일어난 일제 강점기 최대 규모의 노동 운동에 대한 국외 반응을 당시 자료를 통해 살펴본다. ⊙ 자료 및 해설 
71,42,cj_v41_1184,역사 자료의 분석 및 해석,역사 자료의 분석 및 해석,True,"○○ 고 한국사 교실 홈 게시판 수업 과제 사용자 성적 캘린더 ▣ 조별 과제 안내 수업 보관처리된 수업 일제 강점기 사회 및 문화의 변화를 일상생활의 변동과 설정 연관하여 보고서를 작성한 후 제목과 함께 게시판에 올려 주세요. 번호 제 목 1 1조 - 소비 문화의 정점, 백화점의 탄생 "
71,43,cj_v41_1185,역사 자료의 분석 및 해석,역사 자료의 분석 및 해석,True,사진으로 보는 독립운동사 (가) 부대에 대한 설명으로 옳은 것은?  [키워드] 독립운동 운동
71,44,cj_v41_1186,역사 자료의 분석 및 해석,연대기의 파악,False,장행기 장행기는 지원병 형식으로 끌려가는 청년을 환송하기 위해 국민 총력 조선 연맹 지부에서 만들어 준 깃발이다. 이 장행기의 주인공은 일제가 중일 전쟁을 일으키고 침략을 확대 하던 시기에 지원병으로 끌려가 전사하였다. 장행기에는 창씨개명한 그의 일본식 이름이 적혀 있다. 밑줄 그은 ‘
71,45,cj_v41_1187,역사 자료의 분석 및 해석,역사 자료의 분석 및 해석,True,"학생 여러분, 이번 시간에는 우리 고장의 유적과 기념물을 조사해서 발표하는 활동을 하겠습니다. 우리 고장은 금강 중류에 위치한 유서 깊은 도시이다. 남한에서 최초로 발굴된 구석기 유적이 있어 선사 시대부터 우리 고장에 사람이 살았던 것을 알 수 있다. 또한 삼국이 상호 경쟁하던 시기에는"
71,46,cj_v41_1188,역사 자료의 분석 및 해석,역사 자료의 분석 및 해석,True,저는 지금 부산의 재한 유엔 기념 공원 내에 있는 유엔군 전몰장병 추모명비 앞에 와 있다. (가) 에서 전사하거나 실종된 4만여 명의 이름을 새겨 넣어 추도와 기억의 공간으로 만든 이곳에서 평화의 가치를 생각해 보았으면 합니다. (가) 전쟁 중에 있었던 사실로 옳은 것은?  [키워드] 
71,47,cj_v41_1189,역사 자료의 분석 및 해석,역사 자료의 분석 및 해석,True,공보물로 본 우리나라 선거의 역사 밑줄 그은 ‘총선거’에 대한 설명으로 옳은 것은?  [키워드] 5·10 총선거
71,48,cj_v41_1190,역사 자료의 분석 및 해석,역사 자료의 분석 및 해석,True,신문 제△△호 ◯◯◯◯년 ◯◯월 ◯◯일 제24회 서울 올림픽 개회식이 열리다 제24회 서울 올림픽 개회식이 어제 잠실 올림픽 주경기장에서 성공적으로 열렸다. 개회식 마지막 행사에서는 주제곡 ‘손에 손잡고’가 울려 퍼지는 가운데 서울 올림픽 마스코트인 호돌이를 비롯하여 이전 올림픽의 마스
71,49,cj_v41_1191,역사 자료의 분석 및 해석,역사 자료의 분석 및 해석,True,"하계 답사 안내 우리 문화원에서는 부산과 마산 지역의 시민과 학생들이 일으킨 (가) 의 의미를 조명하는 답사를 준비하였다. YH 무역 사건, 야당 총재의 국회의원직 제명 등 일련의 사건으로 당시 정부에 대한 민심 이반이 가속화하는 가운데 일어난 (가) 의 유적지를 둘러보면서 민주주의의 "
71,50,cj_v41_1192,역사 자료의 분석 및 해석,역사 자료의 분석 및 해석,True,노벨 위원회가 긍정적으로 평가해 준 최근의 남북 관계에 대해 몇 말씀 드리겠습니다. 저는 지난 6월에 북한의 김정일 국방위원장과 역사적인 남북 정상 회담을 가졌습니다. …… 우리의 일관되고 성의 있는 자세와 노르웨이를 비롯한 전 세계 모든 나라의 햇볕 정책에 대한 지지는 북한의 태도를 
72,1,cj_v41_1193,역사 자료의 분석 및 해석,역사 자료의 분석 및 해석,True,여주 흔암리 선사 유적 ▣ 대표 유물 유적 소개 사유 재산과 계급이 발생한 (가) 시대의 유적인 개 관 이곳에서 발견된 탄화된 출토 유물 쌀이다. 이를 통해 한반도 체 험 안 내 에 서 (가) 시 대 에 벼농사가 이루어졌음을 알 수 있다. ▣ 함께 출토된 유물 민무늬 토기 반달 돌칼 (
72,2,cj_v41_1194,역사 자료의 분석 및 해석,역사 자료의 분석 및 해석,True,"함께 성장하는 한국사 수업 한 무제의 침략에 맞서 싸운 이 나라에 대해 조사한 내용을 올려주세요. 정치 경제 사회 왕 아래에 상, 대부, 중국과 한반도 남부의 사회 질서를 유지하기 장군 등의 관직을 진국 사이에서 위한 범금 8조가 두었어요. 중계 무역을 하였다요. 있었다요. 밑줄 그은 "
72,3,cj_v41_1195,연대기의 파악,연대기의 파악,True,(가) 겨울에 백제왕이 태자와 함께 정병 3만 명을 거느리고 고구려를 침입하여 평양성을 공격하였다. 고구려왕 사유가 힘껏 싸우며 막다가 날아오는 화살을 맞고 죽었다. (나) 정월에 백제는 고구려의 도살성을 쳐서 빼앗았다. 3월에는 고구려가 백제의 금현성을 함락시켰다. 신라왕이 양국의 병
72,4,cj_v41_1196,역사 자료의 분석 및 해석,역사 자료의 분석 및 해석,True,답사 계획서 ◈ 주제: 도읍지를 따라가는 ◯◯의 역사 ◈ 기간: 2024년 10월 △△일 ~ △△일 ◈ 답사 지역 및 일정 1일차: (가) 풍납동 토성 2일차: (나) 석촌동 고분군 공산성 3일차: (다) 무령왕릉 부소산성 왕릉원 (능산리 고분군) (가)~(다) 지역에 대한 설명으로 옳
72,5,cj_v41_1197,역사 자료의 분석 및 해석,역사 자료의 분석 및 해석,True,"이것은 (가) 의 쌍영총 벽화의 개마 무사 부분 모사도이다. 안악 3호분 등 (가) 의 다른 고분 벽화에서도 개마 무사가 그려져 있어 이 국가의 군사, 무기 등의 모습을 알 수 있다. (가) 국가에 대한 설명으로 옳은 것은?  [키워드] 무기 군사"
72,6,cj_v41_1198,역사 자료의 분석 및 해석,역사 자료의 분석 및 해석,True,통 ◈ 강좌 주제 ◈ 일 제1강: 촌락 문서에 나타난 수취 체제의 특징 제2강: 서시와 남시 설치를 통해 본 상업 발달 제3강: (가) ■일시: 2024년 10월 △△일 △△시 ~ △△시 ■장소: ◯◯대학교 대강당 (가)에 들어갈 내용으로 가장 적절한 것은?  [키워드] 일제 수취 상업
72,7,cj_v41_1199,역사 자료의 분석 및 해석,역사 자료의 분석 및 해석,True,정혜 공주 무덤의 구조도 정혜 공주 묘지석 지린성 둔화에서 발견된 이 국가의 정혜 공주 무덤은 모줄임 천장 구조의 굴식 돌방 무덤으로 고구려 양식을 계승하고 있다. 또한 내부에서 출토된 묘지석에 ‘황상’이라는 칭호가 사용된 점을 통해 이 국가의 자주성을 확인할 수 있다. 밑줄 그은 ‘이
72,8,cj_v41_1200,역사 자료의 분석 및 해석,역사 지식의 이해,False,나 무 망 국 교사의 질문에 대한 학생의 답변으로 옳은 것은?  [키워드] 남북국 시대
72,9,cj_v41_1201,역사 자료의 분석 및 해석,역사 자료의 분석 및 해석,True,10:40 나는 지금 경주 포석정지에 와 있어. 삼국사기에 의하면 이곳은 경애왕이 연회를 벌이다가 ( 가 ) 의 습격을 받은 곳이야. ( 가 ) 에 대해 더 알려 줄래? 그는 공산 전투에서 고려군에 대승을 거두기도 했어. (가) 인물에 대한 설명으로 옳은 것은?  [키워드] 삼국사기 고
72,10,cj_v41_1202,역사 자료의 분석 및 해석,역사 자료의 분석 및 해석,True,사진으로 보는 신라의 탑 (가) 경주 분황사 (나) 경주 감은사지 (다) 화순 쌍봉사 모전 석탑 동 삼층 석탑 철감선사탑 (가)~(다)에 대한 설명으로 옳은 것은?  [키워드] 신라
72,11,cj_v41_1203,역사 자료의 분석 및 해석,역사 탐구의 설계 및 수행,False,사 한 료 국 모 사 음 고려 고려사 검색 결과 고려사 시대 사료 검색 목록 시 기 내 용 원문 이미지 2년 처음으로 12목을 설치하다 5년 흑창을 의창으로 고치다 6년 면천된 노비가 주인을 욕하면 환천하게 하다 11년 개경에 국자감을 두다 다음 검색창에 들어갈 왕의 재위 기간에 있었던
72,12,cj_v41_1204,역사 자료의 분석 및 해석,역사 자료의 분석 및 해석,True,이 자료는 초조대장경의 일부이다. (가) 의 침입으로 현종이 피란을 가고 개경이 함락되자 부처의 힘으로 나라를 지키려는 마음을 담아 조판하기 시작하였다. (가)에 대한 고려의 대응으로 옳은 것은?  [키워드] 고려 현종 침입
72,13,cj_v41_1205,역사 자료의 분석 및 해석,역사 자료의 분석 및 해석,True,한국사 대화형 인공지능 Q 그림 속 인물에 대해 알려줘. A 숙종 대 과거에 합격하여 의종 대 까지 활동한 대표적인 고려 유학자 이다. Q 그의 대표적인 활동에 대해 알려줘. A 유 교 사 관 을 바 탕 으 로 삼 국 의 역사를 기록한 삼국사기의 편찬을 총괄하였다. Q 다른 행적에 대해
72,14,cj_v41_1206,연대기의 파악,연대기의 파악,True,"(가) 왕이 먼저 나라 안의 신하들을 권유하여 개경으로 환도하게 하였다. 여러 신하들이 말하기를 “임금의 명령인데, 감히 따르지 않을 수 있겠는가?”라고 하였으므로, 임유무가 화가 나서 어떻게 해야 할지를 알지 못하였다. (나) 조위총이 군사를 일으키자, 이의방이 이의민을 정동 대장군 "
72,15,cj_v41_1207,역사 자료의 분석 및 해석,역사 자료의 분석 및 해석,True,"이 그림은 공민왕과 그의 왕비인 노국 대장 공주의 초상화야. 고려에는 노국 대장 공주 맞아. 충렬왕부터 공민왕에 외에도 제국 대장 공주, 계국 대장 공주 등 이르는 시기의 왕들은 원의 원 출신의 왕비들이 여럿 있었다. 공주들과 결혼했어. 밑줄 그은 ‘시기’의 사실로 옳은 것은?  [키워"
72,16,cj_v41_1208,역사 자료의 분석 및 해석,역사 자료의 분석 및 해석,True,"이달의 책 1123년 송 사절의 한 사람으로 (가) 에 왔 던 서 긍 이 지 은 책이다. 이 책은 서긍이 예성항을 통해 개경으로 들어와 한 달 남짓 머 물 며 보 고 들 은 (가) 의 다양한 모습을 그림을 곁들여 설명한 것이다. 현재 남아 있는 판본들은, 그림[圖]은 없어지고 글[經]만"
72,17,cj_v41_1209,역사 자료의 분석 및 해석,역사 자료의 분석 및 해석,True,이미지(고려 경천사지 10층석탑) 이 탑은 원래 개성에 있었는데 지금은 국립 중앙 박물관에 옮겨져 새로운 영상 기법으로 전시되고 있다. (가) 시대에 만들어진 이 탑은 이후 원각사지 십층 석탑에 영향을 주기도 하였다. (가) 국가의 탑으로 옳은 것은?  [키워드] 고려
72,18,cj_v41_1210,역사 자료의 분석 및 해석,역사 자료의 분석 및 해석,True,"자네 들었는가? 임금께서 민무구, 나도 들었네. 중전마마의 민무질에게 자결을 명하셨다더군. 몇 해 동생으로 임금께서 정도전을 전 어린 세자를 이용해 권세를 잡으려 숙청할 때 공을 세웠던 사람들 했다는 죄로 귀양을 보내셨었지. 이었지. 밑줄 그은 ‘임금’에 대한 설명으로 옳은 것은?  ["
72,19,cj_v41_1211,역사 자료의 분석 및 해석,역사 자료의 분석 및 해석,True,"도로명으로 보는 역사 : 만리재로 이 도로명은 만리재에서 유래한 것이다. 만리재로 만리재는 조선의 문신 최만리가 살았다고 하여 Manrijae-ro 붙여진 지명이다. 세자의 스승이기도 하였던 최만리는 세종이 학문 연구, 편찬 사업 등을 수행하도록 설치한 (가) 의 부제학으로 활약하였다."
72,20,cj_v41_1212,역사 자료의 분석 및 해석,역사 자료의 분석 및 해석,True,"전하께서 성군을 이으셨으니, 예악(禮樂)으로 태평 시절을 일으키실 때가 바로 지금이다. 장악원 소장의 의궤와 악보가 오랜 세월이 지나서 끊어지고 문드러졌다. 다행히 보존된 것 역시 모두 엉성하고 오류가 있으며 빠진 것이 많다. 이에 성현 등에게 명하여 다시 교정하게 하였다. 책이 완성되"
72,21,cj_v41_1213,연대기의 파악,연대기의 파악,True,"이곳은 최근에 개방된 효릉이다. 조선 국왕 인종과 그의 왕비 인성왕후가 모셔져 있다. 인종은 즉위한 지 1년도 되지 않아 사망하였다. 인종의 죽음은 윤원형, 윤임 등 외척 간의 권력 다툼으로 사림이 피해를 입은 이 사건의 계기가 되었다. 918 1009 1126 1198 1270 139"
72,22,cj_v41_1214,역사 자료의 분석 및 해석,역사 자료의 분석 및 해석,True,"그림으로 보는 조선 사절단의 여정 사로승구도는 1748년 에도 막부의 요청으로 조선이 일본에 파견한 (가) 이/가 부산에서 에도에 이르는 여정을 담은 작품이다. 일본의 명승지나 사행 중 겪은 인상적인 광경을 30장면으로 표현하였는데, 위 그림은 사절단이 에도로 들어갈 때 보았던 모습을 "
72,23,cj_v41_1215,역사 자료의 분석 및 해석,역사 자료의 분석 및 해석,True,기획 전시 대표 전시 작품 인재(仁齋) 강희안 특별전 (가) 조선 전기 시·그림·글씨에 모두 뛰어난 것으로 유명했던 강희안의 대표작으로 간결하고 ■기간 : 2024년 ◯◯월 ◯◯일 ~ ◯◯월 ◯◯일 과감한 필치가 돋보인다. ■장소 : △△ 박물관 특별 전시실 (가)에 들어갈 작품으로 옳
72,24,cj_v41_1216,역사 자료의 분석 및 해석,역사 자료의 분석 및 해석,True,"초대합니다 창작 뮤지컬 비운의 의순 공주, 애숙 삼전도에서의 굴욕적인 항복으로 전란은 끝났습니다. 이후 조선의 공주를 부인으로 삼겠다는 청 섭정왕의 요구로 조선 국왕의 양녀가 되어 원치 않은 결혼을 해야 했던 의순 공주 이애숙. 그녀의 굴곡진 삶을 한 편의 뮤지컬로 선보이다. •일시: "
72,25,cj_v41_1217,역사 자료의 분석 및 해석,역사 자료의 분석 및 해석,True,이원익은 방납의 폐단을 없애고자 선혜청을 두고 이 법을 실시할 것을 주장했다. 방납의 폐단을 개혁하고자 한 인물 이이 유성룡 김육 이원익 화면을 누르면 설명을 들을 수 있다. 밑줄 그은 ‘이 법’에 대한 설명으로 옳은 것은?  [키워드] 이이 인물 개혁
72,26,cj_v41_1218,역사 자료의 분석 및 해석,역사 자료의 분석 및 해석,True,오전 11:00 메타버스로 만나는 조선의 인물 기축봉사를 올려 명에 대한 의리를 강조한 나는 희빈 장씨의 소생을 원자로 정한 데에 반대하다가 이곳 제주도로 유배되었다. (가) 귤림 서원 학생 1 학생 2 (가) 인물에 대한 설명으로 옳은 것은?  [키워드] 조선 서원 인물
72,27,cj_v41_1219,역사 자료의 분석 및 해석,연대기의 파악,False,"비변사의 계사에, “현재 시전의 병폐로 서울과 지방의 백성이 원망하는 바는 오로지 도고(都庫)에 있다. 시중 시세를 조종 하여 홀로 이익을 취하니 그 폐단은 한이 없습니다. 한성부에서 엄히 금하도록 하되 그 가운데 매우 심하게 폐단을 빚는 3강(한강·용산강·서강)의 시목전(柴木廛)·염해"
72,28,cj_v41_1220,역사 자료의 분석 및 해석,역사 자료의 분석 및 해석,True,"가상 현실 버스에 오신 여러분 환영합니다. 지금 창문 스크린으로 보고 계신 것은 무예도보통지에 실린 무예 동작이다. (가) 의 명으로 이덕무, 박제가, 백동수 등이 편찬한 무예도보통지에는 기존의 무예신보에 마상 무예가 추가되어 총 24개의 무예가 실려있다. 이 책은 장용영의 훈련 교재로"
72,29,cj_v41_1221,역사 자료의 분석 및 해석,역사 자료의 분석 및 해석,True,개항기 신문 알아보기 史 - 모둠별로 제시된 신문에 대해 조사한 내용을 올려주세요. 1모둠 ... 2모둠 ... 3모둠 ... 4모둠 ... 한성순보 독립신문 황성신문 대한매일신보 (가) (나) (다) (라) ㄱ. (가) - 정부에서 발행한 순 한문 신문이었어요. ㄴ. (나) - 서재필
72,30,cj_v41_1222,연대기의 파악,연대기의 파악,True,"(가) 제 6 칙 이후 조선국 항구에 거주하는 일본 인민은 양미(糧米)와 잡곡을 수출, 수입할 수 있다. 제 7 칙 일본국 정부에 속한 모든 선박은 항세를 납부하지 않는다. (나) 제 9 관 입항하거나 출항하는 각 화물이 해관을 통과할 때는 응당 본 조약에 첨부된 세칙(稅則)에 따라 관"
72,31,cj_v41_1223,역사 자료의 분석 및 해석,역사 자료의 분석 및 해석,True,"조선왕 전하께 …… 9월 말에 평양의 대동강에서 좌초한 미국 상선에 승선한 사람들이 살해당했고 배가 불살라졌다는 고통스럽고 놀랄 만한 사건이 있었다고 들었습니다. 본 총병은 본국 수사제독의 위임으로 파견되어 상세히 조사하라는 명을 받았습니다. 과연 이러한 일이 있었는지, 사실인지 아닌지"
72,32,cj_v41_1224,역사 자료의 분석 및 해석,역사 자료의 분석 및 해석,True,일본으로 며칠 전 내무대신으로 단발령이 그래서 지금 망명했던 임명되어 총리대신 공포되었다네. 전국에서 박영효가 김홍집과 함께 폐하께서는 반대 상소가 귀국 새로운 정부를 이미 단발을 빗발치고 했다네. 주도한다더군. 하셨다는군. 있다네. (가) (가) 시기에 있었던 사실로 옳은 것은?  [
72,33,cj_v41_1225,역사 자료의 분석 및 해석,역사 자료의 분석 및 해석,True,답사 계획서 •주제: 동학 농민군의 발자취를 따라서 •기간: 2024년 월 일 ~ 일 •답사 장소 지역 장소 설명 호남 창의 대장소(大將所)를 설치 부안 하고 4대 강령을 발표하였다. 백산 장성 (가) 황룡 전적 농민군이 관군과 일본군을 상대로 공주 격전을 벌이다 패배하였다. 우금치 전
72,34,cj_v41_1226,역사 자료의 분석 및 해석,역사 자료의 분석 및 해석,True,이곳 지리산 연곡사에는 의병장 고광순의 순절비가 있다. 그는 지리산을 중심으로 장기 항전을 계획하다가 일본군의 토벌 작전으로 순국하였다. 고종의 강제 퇴위와 군대의 강제 해산으로 의병 활동이 고조된 이 시기에는 고광순을 비롯하여 각계각층의 사람들이 국권 회복을 위해 활동했다. 밑줄 그은
72,35,cj_v41_1227,역사 자료의 분석 및 해석,역사 자료의 분석 및 해석,True,덕수궁 내에 있는 정관헌은 전통 건축 양식에 근대적 요소를 결합한 것으로 평가받고 있다. 고종이 황제로 즉위한 후 구본신참을 바탕으로 개혁을 추진할 때 건립되었다. 밑줄 그은 ‘개혁’의 내용으로 옳은 것은?  [키워드] 이황 고종 즉위 건축 개혁
72,36,cj_v41_1228,역사 자료의 분석 및 해석,역사 자료의 분석 및 해석,True,"언론 보도로 본 만세 기념일 3월 1일에 배화 여학교 학생 일동은 학교 동산에 올라가서 우리 독립 선언 기념을 경축하기 위하여 만세를 부르고, 배재 학교 생도 일동은 3월 1일에 일제히 결석하고 3월 2일에 등교하여 갑자기 그 학교 마당에서 만세를 불렀으니 …… 저와 같은 불미한 행동을"
72,37,cj_v41_1229,역사 자료의 분석 및 해석,역사 자료의 분석 및 해석,True,"이달의 독립운동가 노은(蘆隱) 김규식 •생몰년 : 1882~1931 •생애 및 활동 경기도 구리에서 태어났다. 대한 제국 군인 출신으로 의병 활동에 참여하다가 일본군에게 체포되어 복역하였다. 1920년 청산리 전투에서 김좌진, 이범석 등이 이끈 (가) 의 지도부로 활약하였다. 이후 러시"
72,38,cj_v41_1230,역사 탐구의 설계 및 수행,역사 자료의 분석 및 해석,False,% 여기 눈에 띄는 주소 사실 이 지역에는 신한촌 세월이 흘러 현재는 표지판이 하나 있다. 등 한인 집단 거주지가 신한촌의 역사를 기억하기 ‘세울스카야 2A’. 그 뜻은 있었다. 그러나 이곳에 위한 조형물이 세워져 ‘서울 거리 2A번지’이다. 살던 한인들은 1937년에 있다. 점차 잊히
72,39,cj_v41_1231,역사 자료의 분석 및 해석,역사 자료의 분석 및 해석,True,"자료로 보는 한국 영화 이 자료는 일제 강점기에 발행된 극장 홍보지로, 심훈이 감독한 무성 영화 「먼동이 틀 때」를 소개한 것이다. 이 영화는 나운규의 「아리랑」에 이어 한국 영화 초기 명작으로 평가받기도 한다. 이외에도 심훈은 다수의 시나리오와 영화 평론을 집필하였으며, (가) (가)"
72,40,cj_v41_1232,역사 자료의 분석 및 해석,역사 자료의 분석 및 해석,True,"탐구 활동 계획서 1. 주제: (가) 2. 조사 방법: 문 헌 조사, 인터넷 검색 등 3. 참고 자료 •자료 1 경성 우편국을 끼고 돌아서면 요지경 같은 진고개다. …… 미쓰코시에 들어가니 아래층은 음식과 과자를 팔고, 2층으로 미쓰코시 백화점 가니 거기는 일본 옷감뿐이더라. 경성 지점"
72,41,cj_v41_1233,역사 자료의 분석 및 해석,역사 자료의 분석 및 해석,True,이것은 한 제과업체의 캐러멜 광고로 탱크와 전투기 그림을 활용하여 “캐러멜도 싸우고 있다!”라는 문구를 담고 있다. 중일 전쟁 이후 일제가 국가 총동원법을 시행한 시기에 제작된 이 광고는 당시 군국주의 문화가 일상에까지 스며들어 있었음을 잘 보여 줍니다. 밑줄 그은 ‘시기’에 볼 수 있
72,42,cj_v41_1234,역사 자료의 분석 및 해석,역사 자료의 분석 및 해석,True,단재 신채호 연보 1880년 충청도 회덕에서 출생 1898년 성균관에 입학 1907년 ㉠ 신민회 활동에 참여하고 대한매일신보 필진으로 근무 1919년 상하이로 가서 ㉡ 대한민국 임시 정부 수립에 참여 1923년 ㉢ 「조선 혁명 선언」 작성 1927년 무정부주의 동방 연맹 창립 대회에 참
72,43,cj_v41_1235,역사 자료의 분석 및 해석,역사 자료의 분석 및 해석,True,"이것은 냉전과 분단의 상징물인 독일 베를린 장벽의 일부로, (가) 을/를 기념하는 이 공원에 기증되었다. 이곳 제주도에서 일어난 (가) 은/는 남한만의 단독 선거에 반대하는 무장대와 이를 진압하는 토벌대 간의 무력 충돌, 그 뒤 토벌대의 진압 과정에서 수많은 제주도민이 희생된 사건으로,"
72,44,cj_v41_1236,역사 자료의 분석 및 해석,역사 자료의 분석 및 해석,True,"이것은 그의 84세 생일을 위해 기획된 LP 음반의 재킷으로, ‘제84회 탄신 기념’이라고 적혀 있다. 음반에는 ‘애국가’, ‘만수무강하시리’, ‘우남 행진곡’ 등이 수록되어 있다. 그러나 그는 다음 해에 일어난 4·19 혁명으로 하야했다. 그가 대통령으로 재임하던 시기에 있었던 사실을"
72,45,cj_v41_1237,역사 자료의 분석 및 해석,연대기의 파악,False,"자료는 당시 헌법의 유지 여부를 묻는 국민 투표를 앞두고 찬성을 독려하는 홍보문의 일부이다. 이 투표의 실시 결과 당시 헌법을 유지하는 것으로 결정되었다. 3개월 뒤 이 헌법을 부정, 반대하는 주장이나 보도를 일체 금지하고 위반자는 영장 없이 체포한다는 내용을 핵심으로 한 대통령 긴급 "
72,46,cj_v41_1238,역사 자료의 분석 및 해석,역사 자료의 분석 및 해석,True,그때 고등학생이었던 저는 호헌 당시 민주 헌법 쟁취 국민 운동 본부가 철폐가 무슨 뜻인지 잘 몰랐어요. 지정했던 국민 평화 대행진 구호가 다 만 1 9 8 0 년 5 월 의 경 험 과 ‘동장에서 대통령까지 내 손으로’였어요. 전두환이라는 인물을 통해 당시 이 구호가 담긴 현수막을 만들면
72,47,cj_v41_img_72_47,역사 자료의 분석 및 해석,연대기의 파악,False,"(가) '㉠.왕'은 5월에 교서를 내려 문무 관료들에게 토지를 차등 있게 주었다. …… 봄 정월에 중앙과 지방 관리들의 녹읍을 폐지하고 해마다 조를 차등 있게 주고 이를 일정한 법으로 삼았다.  (나) 처음으로 직관(職官) ·산관(散官)의 각 품의 전시과를 제정하였는데, 관품의 높고 낮"
72,48,cj_v41_1239,역사 자료의 분석 및 해석,역사 자료의 분석 및 해석,True,"ㄱ. ㉠ - 병부를 처음으로 설치하였다. ㄴ. ㉠ - 전국에 9주 5소경을 설치하였다. ㄷ. ㉡ - 6조 직계제를 시행하였다. ㄹ. ㉡ - 초계문신제를 실시하였다. ㉠, ㉡ 왕에 대한 설명으로 옳은 것을 <보기>에서 고른 것은?  [키워드] 9주 5소경 초계문신제 6조"
72,49,cj_v41_1240,역사 자료의 분석 및 해석,연대기의 파악,False,"문교부가 중고등학생의 교복과 두발을 자율화하겠다고 발표한 데 이어, 오늘부터 야간 통행 금지 해제가 본격 적용되었다. 시민들은 새벽 거리를 활보하며 37년 만에 되찾은 24시간의 자유를 만끽하게 되었다. 다음 뉴스가 보도된 정부 시기의 사실로 옳은 것은?  [키워드] 야간 통행 금지 교"
72,50,cj_v41_1241,역사 탐구의 설계 및 수행,역사 자료의 분석 및 해석,False,(가) 의 명소 구독 천연 보호구역 우포늪이 있는 ( 가 ) 의 자연과 역사를 소개하는 채널이다. 홈 동영상 재생목록 커뮤니티 채널 정보 업로드한 동영상 정렬 기준 4:17 7:15 6:05 화왕산성 아래 만옥정 공원에서 둘러본 술정리에서 바라본 교동과 송현동 고분군 신라 진흥왕 척경비
73,1,cj_v41_1242,역사 자료의 분석 및 해석,역사 자료의 분석 및 해석,True,"부여 송국리 출토 유물 이번 호에서는 부여 송국리에서 출토된 대표적인 유물을 소개합니다. 사유 재산과 계급이 발생한 (가) 시대의 유물을 통해 당시 사람들의 생활 모습을 상상해 보세요. 爺 유물 소개 비파형 동검 검몸[劍身] 아랫부분의 폭이 넓고 둥근 비파 모양을 이루며, 중앙보다 약간"
73,2,cj_v41_1243,연대기의 파악,연대기의 파악,True,(가) 연개소문은 왕의 조카인 장을 왕으로 세우고 스스로 막리지가 되었다. 그 관직은 당의 병부상서 겸 중서령의 직임과 같다. (나) 검모잠은 남은 백성을 모아 궁모성에서 패강 남쪽으로 내려와 당나라 관인 및 승려 법안 등을 죽이고 신라로 향하였다. 사야도에 이르러 고구려 대신 연정토의
73,3,cj_v41_1244,역사 자료의 분석 및 해석,역사 자료의 분석 및 해석,True,이 그림은 (가) 의 시조인 이진아시왕의 표준 영정이다. 신증동국여지승람 등의 기록에 따르면 수로왕과 형제인 그는 고령 일대를 중심으로 나라를 세웠다고 합니다. (가) 나라에 대한 설명으로 옳은 것은?  [키워드] 그림
73,4,cj_v41_img_73_04,역사 자료의 분석 및 해석,역사 자료의 분석 및 해석,True,"여러 나라의 성장 (가) ○정치: 삼로라고 부리는 군장이 다스림. ○경제: 소금, 해산물이 풍부함. ○사회: 사람이 죽으면 시체를 가매장하였다가 나중에 뼈만 추려 가족 공동 목곽에 안치함. (나) ○정치: 신지, 읍차 등의 지배자가 있었음. ○경제: 철은 생산하고 벼농사가 발달함. ○사"
73,5,cj_v41_1245,역사 자료의 분석 및 해석,역사 자료의 분석 및 해석,True,"0 고구려가 군사를 일으켜 쳐들어왔다. 왕이 듣고 군사를 패하(浿河) 가에 매복시켜 그들이 이르기를 기다렸다가 급히 치니 고구려 군사가 패배하였다. 0 옛 기록에 이르기를, “백제는 나라를 연 이래 문자로 일을 기록한 적이 없는데 이 왕 때에 이르러 박사 고흥을 얻어 처음으로 서기가 있"
73,6,cj_v41_img_73_06,역사 자료의 분석 및 해석,역사 자료의 분석 및 해석,True,"디지털 실감 영상으로 재현한 고구려의 문화유산   우리 박물관은 '영락' 이라는 연호를 사용한 왕의 능비를 디지털 영상으로 복원하여 선보이고자 합니다. 네 면에 새겨진 1,700여 개의 문자와 능비의 실물 크기, 표면 질감을 생성하게 재현하였습니다. 한편, 이번 전시에서는 그의 시호가 "
73,7,cj_v41_1246,역사 자료의 분석 및 해석,연대기의 파악,False,"이것은 보령 성주사지 대낭혜화상탑비로, 진성여왕의 명을 받아 최치원이 비문을 작성했다. 혜공왕 피살 이후 왕위 쟁탈전이 치열했던 시기에 당에서 수행하고 돌아와 9산 선문 중 하나인 성주산문을 개창한 낭혜화상의 행적이 기록되어 있다. 1 1 4 밑줄 그은 '시기'에 있었던 사실로 옳은 것"
73,8,cj_v41_1247,역사 자료의 분석 및 해석,역사 자료의 분석 및 해석,True,"역사 챗봇이 영광탑, 정효 공주 묘, 이불병좌상 등 (가) 국가의 불교문화와 관련 사진을 소개한다. (가) 국가에 대한 설명으로 옳지 않은 것은?  [키워드] 정효공주 불교"
73,9,cj_v41_1248,역사 자료의 분석 및 해석,역사 자료의 분석 및 해석,True,"0 풍월주(風月主), 원화(i源花)의 법이 폐하여진 지 이미 여러 해였다. 왕은 나리를 일으기려면 풍월도를 먼저 하여야 한다고 생각하여 다시금 영(令)을 내려 귀인과 양가의 자제 중에서 얼굴이 아름답고 덕행이 있는 자를 선발해서 분장을 시켜 (가) 또는국선(國仙)이라 이름하였다. 0 좋"
73,10,cj_v41_1249,역사 자료의 분석 및 해석,역사 자료의 분석 및 해석,True,경기도 양주 대모산성에서 태봉의 연호가 기록된 목간이 출토 되었다. 태봉은 신라 왕족 출신으로 알려진 (가) 이/가 세운 나라이다. 목간의 정개 3년 병자는 916년에 해당합니다. (가) 인물에 대한 설명으로 옳은 것은?  [키워드] 신라 인물
73,11,cj_v41_1250,역사 자료의 분석 및 해석,역사 자료의 분석 및 해석,True,스학년 A반 스A번 이름 (가) 왕에 대한 설명으로 옳은 것은?  [키워드] 고려
73,12,cj_v41_1251,역사 자료의 분석 및 해석,연대기의 파악,False,"무릇 장마• 가뭄• 병충해 • 서리 피해로 작황이 부실한 경작지를 촌전(村典)*이 수령에게 보고하면 수령이 직접 검사하여 호부에 신고 하고, 호부에서는 다시 삼사에 보낸다. 삼사에서는 넘겨받은 문서를 조사한 뒤에 다시 그 지역 안찰사로 하여금 따로 사람을 보내 자세히 살펴 조사하게 하여"
73,13,cj_v41_1252,역사 자료의 분석 및 해석,연대기의 파악,False,원문 이미지 시기 2년 5년 7년 23년 내 용 이자겸의 셋째 딸을 왕비로 맞아들이다 척준경과 그 일당을 유배 보내다 금에 충성을 맹세하는 표문을 올리다 김부식이 삼국사기를 편친해 바치다 다음 검색창에 들어갈 왕의 재위 시기에 있었던 사실로 옳 은 것은?  [키워드] 삼국사기 이자겸 재
73,14,cj_v41_img_73_14,역사 자료의 분석 및 해석,역사 탐구의 설계 및 수행,False,"망이 등이 홍경원에 불을 지르고 절에 있던 승려 10여인을 죽였으며, 주지승을 위협하여 개경으로 서신을 가져 가게 하었다. 그 서신에 대략 이르기를, '이미 우리 고을을 현으로 승격시키고 또 수령을 두어 안무하더니, 돌이켜 다시 군대를 내어 토벌하러 와서 우리 어머니와 아내를 옥에 가두"
73,15,cj_v41_1253,역사 자료의 분석 및 해석,역사 자료의 분석 및 해석,True,"항파두리성은 개경 환도 결정에 반발하여 강화도에서 봉기한 (가) 이/가 진도를 거쳐 제주도로 옮겨와 항생했던 곳인데요, 최근 발굴 조사에 대해 알려주세요 이번 조사로 성문의 규모와 주요 건물지 등이 처음으로 확인되었다. 이 항파두리성 외에 제주도의 환해 장성도 (가) 와/과 관련된 기록"
73,16,cj_v41_1254,역사 자료의 분석 및 해석,역사 자료의 분석 및 해석,True,박물관 소개 글에서 '별도의 천하'라는 표현을 통해 중국과 구별되는 역사 인식을 엿볼 수 있다고 설명한다. 다음 검색창에 들어갈 역사서에 대한 설명으로 옳은 것은?  [키워드] 역사서
73,17,cj_v41_1255,역사 자료의 분석 및 해석,연대기의 파악,False,"(가) 께서 돌아가신 뒤 어린 왕을 새로 옹립한 이인임이 원과의 관계 회복에 나섰다는군. 나도 들었네. 기철 세력을 숙청하고, 쌍성총관부를 수복했던 (가) 의 정책이 중단될까 염려되네. (가) 왕의 재위 시기에 있었던 사실로 옳은 것은?  [키워드] 쌍성총관부 기철 재위"
73,18,cj_v41_1256,역사 자료의 분석 및 해석,역사 자료의 분석 및 해석,True,5 • (가)에 대한 고려의 대응으로 옳은 것은?  [키워드] 고려
73,19,cj_v41_1257,역사 자료의 분석 및 해석,역사 자료의 분석 및 해석,True,X 국가유산 디지털 서비스 弓 기록 유산 유네스코 등재유산 한국의 세계 기록 유산 한국의 세계 기록 유산(18건) (가) 조선왕조실록 (나) 직지심체요절 (다) 조선왕조의궤 (라) 동의보감 (마) 일성록 (가)~(마)에 대한 설명으로 옳지 않은 것은?  [키워드] 직지심체요절 동의보감 
73,20,cj_v41_1258,역사 자료의 분석 및 해석,역사 자료의 분석 및 해석,True,"이 글은 이성계를 도와 조선 건국을 주도한 (가) 이/가 저술한 조선경국전의 일부이다. 그는 국가 운영을 위한 종합적인 통치 규범을 제시 하고, 재상의 역할을 강조하였다. (가) 인물에 대한 설명으로 옳은 것은?  [키워드] 조선 건국 이성계 조선 통치 인물"
73,21,cj_v41_1259,역사 자료의 분석 및 해석,역사 자료의 분석 및 해석,True,"월인천강지곡이라는 제목 에는 하나의 달이 천 개의 강물에 비친다는 뜻이 담겨 있는데요, 이 책의 편찬 경위를 말씀해 주세요. 훈민정음이 창제되고 3년 후에 왕비가 세상을 떠나자, 명복을 빌기 위해 아들 수양대군에게 부처의 일대기와 설법을 담은 석보상절을 편찬하도록 명했 습니다. 그 내용"
73,22,cj_v41_1260,역사 자료의 분석 및 해석,역사 자료의 분석 및 해석,True,"그림 속 장소는 창덕궁에 있었던 대보단으로, 임진왜란 때 조선에 원군을 보낸 (가)의 황제를 기리고자 숙종 대에 건립한 제단이다. 조선은 이곳에서 제사를 지내 이미 멸망한 (가)에 대한 의리를 지키고자 하였다. (가) 국가에 대한 조선의 정책으로 옳은 것은?  [키워드] 임진왜란 조선 "
73,23,cj_v41_1261,역사 자료의 분석 및 해석,역사 자료의 분석 및 해석,True,선왕 대에 성장한 삼사와 대립하다 2부. 조의제문을 구실로 사림을 탄압하다 3부 (가) 4부. 반복된 폭정으로 반정이 일어나 페위되다 (가)에 들어갈 내용으로 가장 적절한 것은?  [키워드] 조의제문
73,24,cj_v41_1262,역사 자료의 분석 및 해석,역사 자료의 분석 및 해석,True,[1점] 주제: 우리나라 성곽의 역시를 찾아서(서울 • 경기 • 인천 편) 기간: 2025년 00월 00일 ~ 00월 00일(4박 5일) 경로: 강화산성 - 북한산성 - 서울 한양도성 - 남한산성 - 수원 화성 (가) 강회산성 (마) 수원 화성 (나) 북한산성 (다) 서울 한양도성 I 
73,25,cj_v41_1263,역사 자료의 분석 및 해석,역사 자료의 분석 및 해석,True,"0 지방 고을에는 그곳의 유력한 집안이 있다. 그 가운데 서울에 살면서 벼슬하는 자들의 모임을 (가) (에라고 합니다. … 간사한 향리의 범법 행위를 살펴서 지방의 풍속을 유지했는데, 그 유래가 오래되었다. 久니조시로 0 0 근 그 0 평소에 각 고을을 담당하는 (가) (에라고 부르는 "
73,26,cj_v41_img_73_26,역사 자료의 분석 및 해석,역사 자료의 분석 및 해석,True,이곳 철원 삼부연 폭포는 겸재 (가)이/가 그린 그림으로 유명합니다. 우리 산천의 아름다움을 사실적으로 표현한 진경 산수화를 실제 모습과 함께 감상해 보세요. (가) 인물의 작품으로 옳은 것은?  [키워드] 그림 인물
73,27,cj_v41_img_73_27,역사 자료의 분석 및 해석,역사 자료의 분석 및 해석,True,"(가)어진 이 그림은 (가) 왕의 초상화로, 조선 시대에 그려진 현존하는 어진 가운데 군복을 입고 있는 유일한 사례이다. 강화 도령으로 불렸던 그는 안동 김씨인 순원 왕후의 명으로 왕위에 올랐지만, 임술 농민 봉기가 일어나는 등 혼란한 상황 속에서 승하하였디. 6.25 전쟁 때 화재로 "
73,28,cj_v41_1264,역사 자료의 분석 및 해석,역사 자료의 분석 및 해석,True,"선무군관 직책을 특별히 설치하고 서북을 제외한 6도에서 벼슬이 없는 자들 중 선정한다. 사족이 아니거나 음서를 받지 않은 자들, 군보(軍倮) 역할에 그치기에는 아까운 지들을 대상으로 한다. 평시에는 입번(立番)과 훈련을 면해주고 다만 베 1필을 받는데, 유사시에는 관할 수령이 지도하여 "
73,29,cj_v41_1265,역사 자료의 분석 및 해석,역사 자료의 분석 및 해석,True,"아, 고금 천하에 김옥균, 홍영식 등의 역적들처럼 극악하고 무도한 자들이 있었겠습니까? … 처음에는 연회를 베풀어 사람들을 찔러 죽이고 끝에는 변고가 일어났다고 선언하고는 전하를 강박하여 처소를 옮기게 하였다. 일본 사람들을 끼고 병기를 휘둘러 재상 들을 모두 죽여 궁궐에 피를 뿌리고 "
73,30,cj_v41_1266,역사 자료의 분석 및 해석,역사 자료의 분석 및 해석,True,"이것은 경상도 단성현 김0봉 가계의 직역 변화이다. 사노비였던 그는 노력 끝에 면천되었고, 후손들도 꾸준히 신분 상승을 도모하여 유학 직역을 획득하였다. 이와 같이 신분 질서가 크게 동요한 이 시기에는 구향과 신향 간의 향전이 발생하기도 하였다. 본인 아들 5세손 6세손 사노비 보인(保"
73,31,cj_v41_1267,연대기의 파악,연대기의 파악,True,"(가) 통문으로 장터에 모이라는 기별이 왔다. 저녁 먹은 후 여러 마을 에서 징 소리며 나팔 소리, 고함 소리가 천지에 뒤끓더니 수천 명 군중들이 우리 마을 앞길로 몰려와 군수 조병갑을 죽인다며 소요를 일으켰다. 군중이 사방으로 포위하고 몰아갈 때 조병갑은 서울로 도망갔다. (나) 우두"
73,32,cj_v41_1268,역사 자료의 분석 및 해석,역사 자료의 분석 및 해석,True,"제AA호 0000년 00월 00일 시전 상인, 외국 상인의 퇴거를 요구하다 며칠 전 시전 상인 수백 명이 가게 문을 닫고 외아문(통리교섭 통상사무아문) 앞에서 연좌시위를 시작하였다. 시전 상인들은 몇 해 전부터 외국 상인의 한성 침투로 인해 입는 피해가 크다는 점을 주장하며 퇴거를 요구"
73,33,cj_v41_1269,역사 자료의 분석 및 해석,역사 자료의 분석 및 해석,True,이 자료는 (가) 에참여한 양기탁에 대한 판결문의 일부이다. 양기탁은 일본에서 들여온 차관을 갚기 위해 일어난 (가) 의 의연금을 횡령하였다는 이유로 기소되었다. 판결문에는 피고인 양기탁이 증거 불충분으로 무죄를 선고 받은 내용이 담겨 있다. (가) 운동에 대한 설명으로 옳은 것은?  
73,34,cj_v41_1270,역사 자료의 분석 및 해석,역사 자료의 분석 및 해석,True,"저는 지금 워싱턴에 있는 옛 주미대한제국공사관 건물 앞에 나와 있다. 이곳은 1889년부터 외교 공관으로 사용되었으나, (가) 으로 외교권을 박탈당하여 그 기능을 상실하였다. 현재 이 건물을 대한민국 정부가 매입하여 전시관으로 활용하고 있다. ″ (가) 조약에 대한 설명으로 옳은 것은?"
73,35,cj_v41_1271,역사 자료의 분석 및 해석,역사 지식의 이해,False,나도 들었네. 사고를 보고 격분한 사람들이 전차를 전복시키고 불태웠다더군. 4 7 다음 가상 대화가 이루어진 시기 이후에 볼 수 있는 모습으 로 가장 적절한 것은?  [키워드] 전차
73,36,cj_v41_1272,역사 자료의 분석 및 해석,역사 자료의 분석 및 해석,True,"이것은 (가) 에 세워진 신흥 강습소의 구성원이 만든 신흥 교우단의 기관지이다. 이 기관지에는 군사, 교육, 역사 등 다양한 분야의 글이 게재되어 동포들의 민족의식을 고취하였다. 특히, 신흥 무관 학교의 전신인 신흥 . 강습소의 조직과 활동을 알려주는 내용이 많아 독립운동을 연구하는 데"
73,37,cj_v41_1273,역사 자료의 분석 및 해석,역사 자료의 분석 및 해석,True,"이것은 어느 공립 보통학교의 졸업식 사진으로, 교원이 제복을 입고 칼을 차고 수업하던 당시 일제의 식민지 지배 정책을 잘 보여주고 있어. 맞아 헌병이 일반 경찰 업무를 맡아 재판 없이 체포 또는 구금하고, 벌금을 물리거나 태형에 처하기도 했던 시기였지 1 밑줄 그은 '시기'에 시행된 일"
73,38,cj_v41_1274,역사 자료의 분석 및 해석,역사 자료의 분석 및 해석,True,"한 나라 한 사회나 한 집안의 장래를 맡은 사람은 누구인가. 곧 그 집안이나 그 사회나 그 나라의 아들과 손자일 것이다. (가 은/는 어린이를 위한 부모의 도움이 두터워지기를 바라는 마음에서 5월 1일 오늘을 기회로 삼아 '어린이의 날'이라고 이름하고, 소년 회원이 거리마다 늘어서서 “"
73,39,cj_v41_1275,역사 자료의 분석 및 해석,연대기의 파악,False,"이 영상은 면양 장려 사업을 선전하기 위해 제작한 영화의 일부분으로, 대공황 이후 일제가 농촌 진흥 운동을 추진하던 시기의 모습을 담고 있다. 면양 장려 사업은 일본 기업 등에 공업 원료를 공급하기 위한 목적으로 실시되었다. 이 사업은 한반도 남부 지방에 면화 재배를 확대하는 면작 증식"
73,40,cj_v41_1276,역사 자료의 분석 및 해석,역사 자료의 분석 및 해석,True,"제AA호 1929년 00월 00일 신간회, 최고 간부를 광주로 특파하다 지난 3일 전남 광주에서 일어난 고등보통학교 학생 대 중학생의 충돌 사건에 대하여 신간회 본부에서는 지난 5일 중앙 상무 집행위원회의 결의로 장성, 송정, 광주 세 지회에 긴급 조사를 지시하며 사태의 진전을 주시하고"
73,41,cj_v41_1277,역사 자료의 분석 및 해석,역사 자료의 분석 및 해석,True,모둠 문화 영역 1 2 3 4 5 가요 영화 소비 잡지 주제 (나) (다) (라) (삐 (가) ~ (마)에 들어갈 내용으로 적절하지 않은 것은?  [키워드] 일제 강점기
73,42,cj_v41_1278,역사 자료의 분석 및 해석,역사 탐구의 설계 및 수행,False,조선 총독 암살을 시도했던 청년 유진만 (1912~ 세종특별자지시 연서면 출생으로 김구가 일제의 요인 제거 및 주요 기관 파괴를 목적으로 상하이에서 조직한 (가 의 단원이다. 조선 총독 우가기 가즈시게를 암살하라는 지령을 받고 국내에 잠입하였으나 거사 전 검거되었다. 치안 유지법 등 위
73,43,cj_v41_1279,역사 자료의 분석 및 해석,역사 자료의 분석 및 해석,True,"(가) 와/과 한국 광복군을 합병하여 조선 민족 혁명군으로 편성하자는 방안을 제출하였다. 그러나 대한민국 임시 정부와 한국 광복군 측에서는 우리들의 주장을 종래 찬성하지 아니하였고, 결국 본대는 한국 광복군 제1지대로 개편하게 되었다. (가 0 1- 1938년 10월 10일 우한(武漢)"
73,44,cj_v41_1280,역사 자료의 분석 및 해석,역사 자료의 분석 및 해석,True,"선생님께서 참여하신 운동은 '조선 사람 조선 갓이라는 구호를 내세웠다는 점에서 사실상 독립 운동이 아니냐고 일제 경찰이 심문 할 때 어떻게 대응하셨나요? 3 조선 물산의 생산과 소비를 장려하는 운동에 조선인이 참여하는 것은 당연한 일이 아닌가, 오사카 사람이 오사카의 물산을 장려하는 것"
73,45,cj_v41_1281,역사 자료의 분석 및 해석,역사 지식의 이해,False,지도는 목포와 여수 일대의 일본군 방어 시설을 표시한 것이다. 일본군은 아시아 • 태평양 전쟁 말기 연합군의 상륙을 저지하기 위해 한반도 남서 해안 지역에 대규모 군사 방어 시설을 구축했다. 이 시기에 있었던 사실에 대해 말해볼까요? 교사의 질문에 대한 학생의 답변으로 가장 적절한 것은
73,46,cj_v41_1282,연대기의 파악,연대기의 파악,True,"미소 공동 위원회를 속개시김으로써 국제적으로 약속된 조선 민주 주의 임시 정부 수립을 촉진하려는 죄우 합작 운동은 김규식의 입원과 여운형의 피습 사건으로 말미암아 합작의 앞날이 우려되는 상황이었다. 그러나 최근 김규식이 퇴원하고 여운형의 치료도 순조로워, 22일 오후 7시 시내 모처에서"
73,47,cj_v41_1283,역사 자료의 분석 및 해석,역사 자료의 분석 및 해석,True,"현법 전문, 3 1 운동의 정신을 담다 [제2강] 민주 공화국의 명문화로 주권 재인의 원칙을 다시 전영하다 [제3강] (가) [제4강] 농민에게 농지를 분배하는 경자유전의 실현을 추구하다 • 일시: 2025년 OO월 매주 토요일 15:00~ 17:00 • 장소: 학회 회의실 (가)에 들"
73,48,cj_v41_1284,역사 자료의 분석 및 해석,역사 자료의 분석 및 해석,True,"우리는 왜 총-을 들 수밖에 없었는가? 그 대답은 너무나 간단합니다. 너무나 무자비한 만행을 더 이상 끄 있을 수만 없어서 너도나도 총을 들고 나섰던 것이다. … 계엄 당국은 공수부대를 대량으로 투입 하여 시내 곳곳에서 학생, 젊은이들에게 무차별 살상을 자행하였으니 … 너무나 경악스러운"
73,49,cj_v41_1285,역사 자료의 분석 및 해석,연대기의 파악,False,"이것은 통일 주체 국민 회의에서 대통령을 선출하도록 헌법을 개정한 (가) 정부의 홍보물이다. “우리 모두 불굴의 투지와 굳은 단결로써 조국의 안정과 번영, 그리고 평화 통일을 위해 전진합시다.""라는 문구 등으로 헌법을 미화하였다. 乶 必& 출훼전쯔! (가) 정부 시기에 볼 수 있는 모습"
73,50,cj_v41_1286,연대기의 파악,연대기의 파악,True,(가) 1. 남과 북은 6 • 15 공동 선언을 고수하고 적극 구현해 나간다. 3. 남과 북은 군사적 적대 관계를 종식하고 한반도에서 긴장 완화와 평회를 보장하기 위해 긴밀히 협력하기로 하였다. - 「10•4 남북 정상 선언」 (나) 1. 남과 북은 남북 관계의 전면적이며 획기적인 개선
74,1,cj_v41_1287,역사 자료의 분석 및 해석,역사 자료의 분석 및 해석,True,"서울 암사동 유적 발견 100주년 맞아 올해는 서울 암사동 유적 발견 100주년이다 1925 년 을축년 대홍수로 우연히 모습이 드러난 이 유적은 수차례 발굴 과정에서 (가) 시대의 대표적 유물인 빗살무늬 토기와 갈돌, 갈판이 출토되고, 유구인 집터가 발견되었다 는 신석기 시대를 가리킴을"
74,2,cj_v41_1288,역사 자료의 분석 및 해석,역사 자료의 분석 및 해석,True,"이곳 강화 참성단은 단군왕검이 하늘에 제사를 올리던 제단이라고 전합니다 우리 역사상 최초의 국가인 이 나라를 세운 것을 기념하는 개천절 행사가 매년 열리며, 전국 체육 대회 성화 채화식도 이곳에서 거행됩니다 밑줄 그은 '이 나라'에 대한 설명으로 옳은 것은?  [키워드] 단군왕검 단군 "
74,3,cj_v41_1289,역사 자료의 분석 및 해석,역사 자료의 분석 및 해석,True,"이번에 촉각 전시물로 새롭게 제작된 장군총은 (가)의 대표적인 무덤이다 반듯하게 다듬은 돌을 계 단처럼 쌓아 만든 이 무덤의 높이는 약 13미터이고, 한 변의 최 대 길이는 약 31미터에 달합니다. 거대한 크기를 고려할 때 왕의 무덤일 가능성이 높습니다. 이 무덤의 주인이 누구였을지 상"
74,4,cj_v41_1290,연대기의 파악,연대기의 파악,True,백제왕 명농이 가야와 함께 와서 관산성을 공격하였다 군주(軍主)인 각간 우덕과 이찬 탐지 등이 맞서 싸웠으나 불리하였다. ······ 고간 도도가 급히 쳐서 백제 왕을 죽였다 관산성에서 백제를 물리치다 8월에 장군 윤충을 보내 군사 1만을 거느리고 신라 대야성을 공격하였다 성주 품석이 
74,5,cj_v41_1291,역사 자료의 분석 및 해석,역사 자료의 분석 및 해석,True,"여러분이 계신 곳은 (가)의 능산리 고분군 중 동히총 증강 현실 전시실 이다 동하총 무덤방의 벽에는 사신도가, 천장에는 연꽃과 구름무늬가 그려져 있다. 이는 송산리 6호분과 함 께 (가)의 고분 벽화 연구에 중요한 자료로 평가됩니다 (가) 국가에 대한 설명으로 옳은 것은?  [키워드] "
74,6,cj_v41_1292,역사 자료의 분석 및 해석,역사 자료의 분석 및 해석,True,"감은사지, 나홀로 역사 답사 감은사는 삼국 통일의 위 업을 달성한 이 왕이 부처의 힘을 빌어 왜구의 침입을 막고자 짓기 시 작한 절이야 그 뜻을 이어받은 아들 신문 왕이 완공했고, 절의 이름을 감은사라고 지었다고 해. 나는 이제 이 왕 의 수중릉인 대왕암으로 이동! 밑줄 그은 '이 왕'"
74,7,cj_v41_1293,역사 자료의 분석 및 해석,역사 자료의 분석 및 해석,True,"이 지도는 (가)이/가 주변 국가들과 교역하는 데 이용한 교통로를 나타낸 것이다 이 국가는 교통로를 통 해 담비·호랑이·표범·곰 등의 가죽과 인삼·우황 등의 약재를 주요 품 목으로 주변 국가들과 교역하였다. 또한 소그드 은화, 청동 낙 타상 등 출토 유물을 통해 서역과의 교류 사실도 확"
74,8,cj_v41_1294,역사 자료의 분석 및 해석,역사 자료의 분석 및 해석,True,이것은 (가)의 9산문 중 가지산문의 대표 사찰인 보림사에 있는 철 조비로자나불좌상이다 이 불상의 왼팔 뒤편에 헌안왕 2년 무주 장사현의 부관인 김수종이 아뢰어 만들었다 는 새김글이 양각되어 있어 정확한 조성 연대를 알 수 있다. 이 와 같은 철불은 승탑과 더불어 9세기부터 크게 유행하
74,9,cj_v41_1295,역사 자료의 분석 및 해석,역사 자료의 분석 및 해석,True,"○○○, 동아시아를 무대로 활약하다 신라인으로서 동아시아를 무대로 활약한 ○○○의 생애를 다룬 동영상을 제작하여, 당시의 상황과 그의 활동을 살펴본다 #1. 당으로 건너가 무령군 소장이 되다 #3. 청해진을 설치하고 동아시 아 무역을 주도하다 #4. 왕위 쟁탈전에 휘말려 암살당하다 (가"
74,10,cj_v41_1296,역사 자료의 분석 및 해석,역사 지식의 이해,False,"며칠 전에 신라 왕 김부가 우리 고려에 항복하였 다는군 전해 들 었네. 우리 왕께서 신라국을 없애 경주라 하고, 그에게 식읍으로 하사하셨다더군 다음 가상 대화 이후에 있었던 사실로 옳은 것은?  [키워드] 신라 고려"
74,11,cj_v41_1297,역사 자료의 분석 및 해석,역사 자료의 분석 및 해석,True,스스로 탐구하는 역사 수업 호족 세력을 숙청 하고 왕권을 강화한 이 왕에 대해 조사한 내용을 올려주세요 억울하게 노비가 된 사 람을 양인으로 풀어주는 노비안검법을 실시하였다요 후주와의 사신 왕래로 대외 관계 안정을 꾀하였다요 빈민을 구제하는 제위보를 설치하였다요 밑줄 그은 '이 왕'이 
74,12,cj_v41_1298,연대기의 파악,연대기의 파악,True,"거란에서 사신을 파견하며 낙타 50필을 보냈다 왕은 거란이 일찍이 발해와 지속적으로 화목하 다가 갑자기 의심을 일으켜 맹약을 어기고 멸망시켰으니, 이는 매우 무도하여 친선 관계를 맺을 이웃으로 삼을 수는 없다고 생 각하였다. 드디어 교빙을 끊고 사신 30인을 섬으로 유배 보냈으며, 낙타"
74,13,cj_v41_1299,역사 자료의 분석 및 해석,역사 자료의 분석 및 해석,True,(가) 시대 문화유산 기념품 디자인 제작 발표회 청자 모자원숭이모양 연적으로 석고 방향제 만들기 청자 상감운학문 매병으로 조명등 만들기 우리 모둠은 영주 부석사 소조여래 좌상을 소재로 하여 열쇠고리를 제작하고자 합니다 부석사 소조여래좌상 (가) 국가의 문화유산으로 적절하지 않은 것은? 
74,14,cj_v41_1300,연대기의 파악,연대기의 파악,True,"김보당이 정중부·이의방을 토벌하고 의종을 다시 세우고 자 ······ 동북면지병마사 한언국과 군사를 일으켜 함께 하도록 했 다 정중부·이의방이 이 소식을 듣고 장군 이의민, 산원(散員) 박존위로 하여금 군사를 거느리고 남로 로 가도록 했고, 또 군사를 서해도로 파견하여 대응하도록 했다 "
74,15,cj_v41_1301,역사 자료의 분석 및 해석,연대기의 파악,False,"7재를 설치하였다. 주역을 이택재*, 상서는 대빙재, 모시(毛詩)는 경덕재, 주례는 구인재, 대례는 복응재, 춘추는 양정재, 무학은 강예재라고 하였다 국학에 7재를 두다 왕이 결정하시기를 ······ 무학이 점차 번성하여 장차 문학하는 사람들과 각을 세워 불화하게 되면 매우 편치 못하게"
74,16,cj_v41_1302,역사 자료의 분석 및 해석,역사 자료의 분석 및 해석,True,"이것은 불일보조국사라는 시호를 받은 (가)의 행적을 담고 있는 송광사 보조국사비이다. 비문에는 그가 정혜결사를 조직하고, 「권수정혜결사문」을 지었다는 내용이 들어있다 또한 당시 국왕이 그의 뜻을 흠모하여 그가 머물 렀던 송광산 길상사(吉祥寺)를 조계산 수선사(修禪社)로 이름을 바꿔주며 "
74,17,cj_v41_1303,역사 자료의 분석 및 해석,연대기의 파악,False,권문세족이 도평의사사를 장악하고 대농장을 경영한 이 시기에 대해 말해볼까? 많은 여성이 공녀로 끌려갔어 지배층을 중심으로 변발과 호복이 유행하였다 밑줄 그은 '이 시기'에 볼 수 있는 모습으로 적절한 것은?  [키워드] 도평의사사
74,18,cj_v41_1304,역사 자료의 분석 및 해석,역사 자료의 분석 및 해석,True,"고려의 중앙 관제 가, 송의 영향을 받은 기구로 가 연 결되어 있다. 이어 독자적 정치 기구로 이 나와 있다. ㄱ. 좌·우사정이 6부를 나누어 관할한 나라는 (고려가 아니라) 발해 이다(3성 6부). 정당성 아래에 좌사정과 우사정을 두었으며, 다시 좌 사정 아래 충부, 인부, 의부를, "
74,19,cj_v41_1305,역사 자료의 분석 및 해석,역사 자료의 분석 및 해석,True,"조선 왕실의 신위 제자리로, 155년 만에 재현된 환안제 (가)의 보수 공사가 완료됨에 따라, 창덕궁 옛 선원전에 임시 봉안되었던 조선 왕과 왕비, 대한 제국 황제와 황후의 신위 49위를 (가)(으)로 다시 모셔오는 환안제가 155년 만에 재현되었 다 이번 의례에는 내외국인으로 구성 된"
74,20,cj_v41_1306,역사 자료의 분석 및 해석,역사 자료의 분석 및 해석,True,"이 그림은 무관 오자치를 그린 것으로, 현존하는 무관 초상화 중에 서 가장 이른 시기의 작품이다 오자치 는 (가)이/가 호패법을 재실시하는 등 지방 세력 통제를 강화하자, 이에 반발하며 함길도에서 이시애가 일으킨 난을 평정한 공으로 적 개공신에 책봉되었다 (가) 왕의 재위 시기에 있었던"
74,21,cj_v41_1307,역사 자료의 분석 및 해석,역사 자료의 분석 및 해석,True,"이것은 강화 교섭 결렬 이후 일본의 재침으로 시작된 이 전란 당시 흥 양(현재 고흥군) 현감 최희량이 작성한 전과 보고서의 일부이다 여기에는 흥양에 침입한 일본군을 격퇴한 사실 과 새로 제작한 전선(戰船)에 대한 내용 등이 자세히 기록되어 있으며, 삼도수군통제사 이순신의 서명도 있다 밑"
74,22,cj_v41_1308,역사 자료의 분석 및 해석,역사 자료의 분석 및 해석,True,부왕께서 승하하신 기해년에는 고대 중국의 예가 아 닌 경국대전에 따라 기복년으로 정했다고 기억한다. 오늘의 대공복 또한 경국대전에 따라 정한 것인가? 성상을 시해하려는 자가 있다는 목호룡의 고변 으로 조정이 큰 혼란에 휩싸였다는군 연잉군과 노론이 곤경에 처하게 될 것 같군 이라는 구절로
74,23,cj_v41_1309,역사 자료의 분석 및 해석,역사 자료의 분석 및 해석,True,"이 그림은 강세황이 그린 도산서원도이다. 여기에는 서원의 배치와 건물 크기, 방향 등이 실제와 부합하게 묘사되어 있으며 건물 이름도 표기되어 있어 당시의 모습을 잘 보여줍니다 도산 서원은 성학십도를 지어 군주의 수 양을 강조하고, 기대승과 사단칠정 논쟁을 전개한 (가)의 학문과 덕을 기"
74,24,cj_v41_1310,역사 자료의 분석 및 해석,역사 자료의 분석 및 해석,True,"고문헌으로 보는 한국사 이것은 장용영 내 영에서 수원외사 번암 채제공에게 보낸 전령(傳令)이다 새롭게 마련된 장용영 절목의 문제점을 중앙에 아 뢰어 고치도록 권한 내용을 담고 있다. 장용영은 (가)이/가 조직 한 친위 부대로 서울에 내영, 수원 화성에 외영을 두어 규장각과 함 께 왕권 "
74,25,cj_v41_1311,역사 자료의 분석 및 해석,역사 자료의 분석 및 해석,True,대한민국 방방곡곡 - 제천 배론성지 제천 배론 성지는 순조 1년( 에 일어난 (가) 당시 정부의 탄압을 피해 천주교 교인들이 모여 살던 교우촌에서 비롯되었다 이 안에는 (가) 당시 황사영이 교회의 재건 과 신앙의 자유를 호소하기 위해 베이징에 있는 주교에게 보낼 백서를 쓰며 은신했던 토
74,26,cj_v41_1312,역사 자료의 분석 및 해석,연대기의 파악,False,2025 탈춤 한마당 우리 박물관 에서는 전국의 주요 탈춤을 한자리에서 만날 수 있는 공연을 마 련하였다. 상품 화폐 경제의 발달과 서당 교육이 확대되던 이 시기에 성행한 탈춤 공연을 통해 해학과 풍자 속에 담긴 서민 들의 삶과 애환을 느껴보시기 바랍니다 1부 봉산 탈춤 2부 송파 산대
74,27,cj_v41_1313,역사 자료의 분석 및 해석,역사 자료의 분석 및 해석,True,"이것은 한양의 모습을 그린 수선총도이다. 지도에서 시전의 위치를 확인할 수 있다. 이를 통해 알 수 있는 내용에 대해 더 설명해 주시겠어요? 1 지도에는 종로에 위치한 시전 외에도 도성 내 이현, 남대문 밖의 칠패와 같은 난전이 표기되어 있다. 이를 통해 시장이 도성 밖으로 확대되고 있"
74,28,cj_v41_1314,역사 자료의 분석 및 해석,역사 탐구의 설계 및 수행,False,"이 자료는 조선 종부가 영국인 스트리플링을 인천 해관의 초대 세무사로 임명한다는 문서로, 당시 통리교섭통상사무아문 협판 묄렌도르프가 왕명을 받아 발송하였다 왕명 에 따라, 귀하가 조선 해관의 세무사로 임명되었음을 알려 드립 니다. 스트리플링은 임명을 받고 두 달 뒤 제물포로 입 국하여 "
74,29,cj_v41_1315,역사 자료의 분석 및 해석,역사 자료의 분석 및 해석,True,"격랑의 시대, 그들이 걸어간 길 개항 전후 격변하는 시대 상황 속에서 각 인물이 마주한 고민과 선택을 중심으로 그들의 활동을 살펴본다 1회. 박규수, (가) 2회. 이만손, (나) 3회. 김홍집, (다) 4회. 유길준, (라) 5회. 박성춘, (마) 미국에 파견된 보빙사의 일원이었다 ("
74,30,cj_v41_1316,역사 자료의 분석 및 해석,역사 자료의 분석 및 해석,True,"이 자료는 파리 만국 박람회* 당시 한국관의 모습을 담은 채색 광고 엽서이다 고종은 황제 즉위 후 구본신참을 내세운 개혁을 추진하면서, 박람회를 서구 문물을 받 아들이고 우리나라를 세계에 소개하는 기회로 활용하고자 했다. 이후 1902년 고종은 박람회 관련 업무를 담당할 정부 기관으로 "
74,31,cj_v41_1317,역사 자료의 분석 및 해석,역사 자료의 분석 및 해석,True,(가)에 참여한 이름 없는 이들을 위한 위령탑. 주변 조형물에는 농민의 얼굴과 죽창도 새겨져 있음. #여기는_정읍시_고부면 ○○○: 이 마을에서 전봉준 등이 고부 군수 조 병갑의 횡포에 맞서 사발통문을 작성했어 □□□: 고부 농민 봉기를 시작으로 전개된 (가)에 참여한 이들의 흔적을 찾
74,32,cj_v41_1318,역사 자료의 분석 및 해석,역사 지식의 이해,False,몇 달 전 한성에서 시위대 부대원들과 일본군 사 이에 시가전이 있었다. 애비슨 선생님께서는 이때 다친 부대 원들을 치료해 주셨는데요. 기억에 남는 일이 있다면 말씀해 주세 요 군대 해산 명 령에 맞서 시위대 대대장 박승환이 자결한 후 전개된 시가전에서 부상 입은 부대원들이 실려 왔습니다
74,33,cj_v41_1319,역사 자료의 분석 및 해석,역사 자료의 분석 및 해석,True,"첫 공식 이민. 백여 명의 이민자들이 대한 제국이 발행한 여행권을 가슴에 품고 낯선 땅에 1903년 도착했다. 두려움과 희 망이 함께했다 그들을 기다 린 건 사탕수수 농장의 고된 노동이었다. 열악한 환경에서도 1905년까지 노동 이민으로 약 7,000명이 이곳에 이주해 묵묵히 뿌리를 내"
74,34,cj_v41_1320,역사 자료의 분석 및 해석,연대기의 파악,False,"정기 연락선 부산 입항, 경부선과 이어지다 시모 노세키를 출발한 연락선 잇키마루가 어제 부산항에 도착하며 정 기 운항을 시작했다 승객 317명, 화 물 300톤을 실을 수 있는 이 배를 통해 일본에서 들어온 여객과 물자는 곧바로 경부선을 이용해 내륙으로 향하게 된다. 올해 1월 경부선이"
74,35,cj_v41_1321,연대기의 파악,연대기의 파악,True,"러시아 공사 파블로프가 용천군 용암포 삼림회사의 편의를 위하여 전화와 전선을 추가로 가설하겠다고 외부에 조회하였다. 외부는 해당 사안을 인준하기 어렵다고 답하였다. 일본, 영국, 미국의 각 공사는 우리 정부에 의주의 개방을 권고하였고, 영국 공사와 일본 공사는 용암포 개항을 요구하였다."
74,36,cj_v41_1322,역사 자료의 분석 및 해석,역사 자료의 분석 및 해석,True,"독립운동 관련 판결문 판결 기관 경성복심법원 죄명 보안법 위 반, 출판법 위반 주문 징역 2년 (가) 당시, 서울 보성고등보통학교 학생으로 독립 선언서를 탑골 공원과 종로 인근에 배포하고 시위에 참여하였다. 이후 조선은 독립국이므로 이에 적국인 일본에 납세하지 말 것, 재판 및 경찰과 "
74,37,cj_v41_1323,역사 자료의 분석 및 해석,역사 자료의 분석 및 해석,True,"저희 모둠에서는 이번 체험 학습 답사지로 백산 상회 설립자 안 희제를 기념하는 백산기념관을 선정하였다 백산 상회는 백산 무역 주식회사로 개편된 이후 (가) 의 연통제 조직을 통해 독립운동 자금을 조달하였으며, 독립신문 보급 등의 역할도 담당하였다 (가)에 대한 설명으로 옳은 것은?  ["
74,38,cj_v41_1324,역사 자료의 분석 및 해석,역사 자료의 분석 및 해석,True,라는 제목 아래 라 는 질문에 는 대답이 나와 있다. 이어 A. 김원봉이 조직한 이 단체의 일원으로 일제에 항거하기 위해 고서상으로 위장하여 부산 경찰서에 들어가 폭탄을 터뜨렸습니다 밑줄 그은 '이 단체'에 대한 설명으로 옳은 것은?  [키워드] 김원봉 일제
74,39,cj_v41_1325,역사 자료의 분석 및 해석,역사 자료의 분석 및 해석,True,"사료로 보는 한국사 조선사 연구는 과거 역사 적, 사회적 발전의 변동 과정을 구체적이고 현실적으로 구명함과 동시에 실천적 동향을 이론화하는 것을 임무로 삼아야 한다. 그 것을 위해서는 인류 사회의 일반적 운동 법칙인 사적 변증법으로 그 민족 생활의 계급적 제관계와 더불어 사회 체제의 역"
74,40,cj_v41_1326,역사 자료의 분석 및 해석,역사 자료의 분석 및 해석,True,"한국사 웹 드라마 기획안 식민지 조선인의 삶 1화 단성사, 영화 아리랑을 상영하다 2화 몸뻬, 새로운 일상복으로 강요되다 3화 목포의 눈물, 나라 잃 은 설움을 노래하다 가 차례로 제시되어 있다. 이어 주의 사항으로 이라는 내용이 나와 있다. 경성 단성사에서 나운규 (1902~ 가 제작"
74,41,cj_v41_1327,역사 자료의 분석 및 해석,역사 자료의 분석 및 해석,True,모둠별 과제 안내 일제 강점기 국외 동포들의 삶과 시련을 주제로 보고서를 작성한 후 제목과 함께 게시판에 올려주세요 1모둠 - 만 주 2모둠 - 일본 3모둠 - 연해주 4모둠 - 중앙아시아 5 모둠 - 미국 은 20세기 초 멕시코로 이주한 한인들이 일하였던 유카탄반도의 에네켄 재배 농장
74,42,cj_v41_1328,역사 자료의 분석 및 해석,역사 자료의 분석 및 해석,True,이름에 조국의 광복을 담다 오광선(1896~ / 경기도 용인특례시 처인구 원삼면 출생으로 본명은 성묵이다. 1915년 중국으로 망명한 후 조선의 광복이라는 뜻의 광선(光鮮) 으로 개명하였다 1920년 대한독립군 단 중대장으로 독립군을 지휘하였다. 만주 사변이 일어나자 (가) 의 총사령관
74,43,cj_v41_1329,역사 자료의 분석 및 해석,역사 자료의 분석 및 해석,True,이 자료는 조선어 학회가 추진하던 조선말 사전 편찬에 보탬이 되고자 함경도의 독자가 보내온 글로 고얘양(고양이) 는 내용이 나와 있다. 이어 밑줄 그은 '시기'에 있었던 사실로 옳은 것은?  [키워드] 조선어학회 조선
74,44,cj_v41_1330,역사 자료의 분석 및 해석,역사 자료의 분석 및 해석,True,"14,673건의 (가) 기록물, 세계 기록 유산 등재 (가) 사건에 대한 기록물이 마침내 유네스코 세계 기록 유산으로 등재되었다 이 사건은 당시 남한 만의 단독 선거에 반대하는 무장대와 이를 진압하는 토벌대 간의 무력 충돌, 그 뒤 토벌대의 진압 과정에서 수많은 제주도민이 희 생된 비극"
74,45,cj_v41_1331,역사 자료의 분석 및 해석,역사 자료의 분석 및 해석,True,사진은 이 전쟁 당시 부산의 천막 교실 중 하나이다 임시 수도였던 부산에는 서울을 비롯한 각지의 학교가 피 란해 와 천막 교실에서 수업이 진행되었다. 힘든 생활 중에서도 배 움이 멈추지 않았다는 사실을 기억해 주세요 밑줄 그은 '이 전쟁' 중에 있었던 사실로 옳은 것은?  [키워드] 전
74,46,cj_v41_1332,역사 자료의 분석 및 해석,역사 자료의 분석 및 해석,True,"이것은 2·28 민주 운동을 기념하는 탑이다. 이 운동은 이승만 독재 정권 이 선거를 앞두고 야당 부통령 후보 연설에 참석하는 것을 막기 위해 일요일 등교 조치를 내리자, 이에 반발한 대구 지역의 고등학생들이 시위에 나서며 시작되었다 (가)에 들어갈 민주화 운동에 대한 설명으로 옳은 것"
74,47,cj_v41_1333,역사 자료의 분석 및 해석,역사 지식의 이해,False,이 자료는 종교계와 재야인사들이 명동 성당에서 독재 정권을 비판하며 발표한 3·1 민주 구국 선언의 일부이다. 이 선언이 발표된 이후에 있었던 사실에 대해 말해 볼까요? 민주 구국 선언 1. 이 나라는 민주주의 기반 위에 서야 한다. ··· 첫째로 우리는 국민의 자유를 억압하는 긴급조치
74,48,cj_v41_1334,역사 자료의 분석 및 해석,연대기의 파악,False,"IMF 구제 금융 조기 상환 오늘 정부는 외환 위기 당시 국제 통화 기금(IMF)으로부터 빌린 돈을 모두 갚았다고 밝혔다. 구제 금융을 신청한 지 3년 8개월 만에 전액 조기 상 황하게 된 것이다 이에 따라 우리나 라는 앞으로 정책 수립 과정에서 IMF의 간섭을 받지 않아도 되며, 회원"
74,49,cj_v41_1335,역사 자료의 분석 및 해석,역사 자료의 분석 및 해석,True,"6·15 공동 선언은 한반도의 운명을 바꾸어 놓은 역사적 전환점 이었습니다. ······ 남북 당국 간 회담이 100여 차례 이상 열리고, 인적·물적 교류도 크게 늘어났습니다 참여 정부는 햇볕 정책과 6·15 정신을 계승, 발전시킨 평화번영 정책을 추진해 나가고 있다. 이대로 가면 한반"
74,50,cj_v41_1336,역사 자료의 분석 및 해석,역사 자료의 분석 및 해석,True,"역사 속 관리 선발 방식 신라는 국학 학생 등 을 대상으로 유교 경전에 대한 이해 정도를 평가하여 관리로 선 발하는 독서삼품과를 마련하였다. 하지만 골품제 때문에 관료제 운영에 큰 기능을 발휘하지 못하였다 고려 시대에는 시험을 통해 인재를 등용하는 과거가 도입되어 운영되면서 제술과, 명"
75,1,cj_v41_1337,역사 자료의 분석 및 해석,역사 자료의 분석 및 해석,True,"초대의 글 △△ 역사 동아리 사진전 사유 재산과 계급이 발생한 송송국국리리 (가) 시대의 생활 모습을 잘 보여주는 부여 송국리 유적이 발굴 50주년을 맞이하였다. 우리 동아리에서는 이를 기념하여 사진전을 개최합니다. 송국리형 토기, 비파형 동검 등 이 유적에서 출토된 대표적인 유물들을 "
75,2,cj_v41_1338,연대기의 파악,연대기의 파악,True,"(가) 진승과 항우가 군사를 일으켜 천하가 혼란해지자, 연(燕)·제(齊)· 조(趙)의 백성이 괴로움을 견디다 못해 점차 준왕에게 망명해 왔다. 준왕은 이들을 서쪽 지역에 거주하게 하였다. (나) 좌장군이 패수상군을 격파하고 왕검성에 이르러 그 성의 서북 방면을 포위하였다. 누선장군도 좌"
75,3,cj_v41_1339,역사 자료의 분석 및 해석,역사 자료의 분석 및 해석,True,"신문 제△△호 2025년 ◯◯월 ◯◯일 금관 특별전 개최 올해 가을 아시아 태평양 경제 협력체(APEC) 정상 회의를 맞이하여 특별한 문화 행사가 경주에서 열린다. 금관총 금관, 황남대총 금관 등 현재까지 발견된 (가) 의 금관 6점이 최초로 한자리에 모이는 ‘금관 특별전’은 세계 각국"
75,4,cj_v41_1340,역사 자료의 분석 및 해석,역사 자료의 분석 및 해석,True,"국가유산청은 (가) 의 중심지였던 경상북도 고령군을 한국의 다섯 번째 고도로 지정하였다. 고령에는 궁성지, 지산동 고분군, 방어성인 주산성 등 (가) 의 문화유산들이 보존되어 있어 이와 같이 지정되었다. 경북 고령군, 다섯 번째 고도(古都)로 지정 (가) 나라에 대한 설명으로 옳은 것은"
75,5,cj_v41_1341,역사 자료의 분석 및 해석,역사 자료의 분석 및 해석,True,"그 나라는 관(官)을 세움에 9등이 있다. 첫 번째는 토졸이라 하며, 1품에 비견된다. 옛 이름은 대대로이며, 국정을 모두 맡는다. 3년마다 교대하는데, 직에 걸맞은 자가 있으면 연한에 구애받지 않는다. …… 또 여러 큰 성에는 녹살(욕살)을 두는데, 도독에 비견된다. 여러 성에는 처려"
75,6,cj_v41_1342,역사 자료의 분석 및 해석,역사 자료의 분석 및 해석,True,"혜공왕이 피살되어 무열왕계 직계 자손의 왕위 계승이 끊긴 이후, 진골 귀족들의 왕위 다툼이 치열하게 전개되던 시기에 일어났던 양길 등 스스로 일을 말해 볼까요? 성주 또는 장군이라 칭하는 호족 세력이 (가) 성장하였다요. (가)에 들어갈 내용으로 가장 적절한 것은?  [키워드] 혜공왕 "
75,7,cj_v41_1343,역사 자료의 분석 및 해석,역사 자료의 분석 및 해석,True,"당(唐)이 광주사마 장손사를 보내 수(隋) 병사의 해골을 묻은 곳에 와서 제사를 지내고, 당시에 [고구려가] 세운 경관(京觀)*을 허물었다. 봄 2월에 왕이 많은 사람을 동원하여 동북의 부여성에서 동남의 바다에 이르기까지 천 리 남짓에 걸쳐 장성을 쌓았다. - 삼국사기 - *경관: 승전"
75,8,cj_v41_1344,역사 자료의 분석 및 해석,역사 자료의 분석 및 해석,True,"○ 조영이 죽으니, 시호를 고왕이라 하였다. 아들 무예가 왕위에 올라 영토를 크게 개척하니, 동북의 모든 오랑캐들이 두려워하여 신하가 되었다. 또 연호를 인안(仁安)으로 고쳤다. ○ 무예가 죽자, 시호를 무왕이라 하였다. 아들 흠무가 왕위에 올라 연호를 대흥(大興)으로 고쳤다. ○ 인 "
75,9,cj_v41_1345,역사 자료의 분석 및 해석,역사 탐구의 설계 및 수행,False,오전 10:40 史 (cid:86)V\c(cid:94)\(cid:83)(cid:92)^(cid: m(cid:99)g(cid: 유네스코 세계유산 등재 10주년 백제역사유적지구 백제역사유적지구는 웅진 천도 이후의 백제 문화를 대표 하는 8개 유적으로 구성되어 있다. 공주•공산성 (가) •송
75,10,cj_v41_1346,연대기의 파악,연대기의 파악,True,"(가) 견훤이 신라의 수도로 들어갔다. 포석정에서 연회를 벌이고 있던 신라 왕은 적의 병사들이 이르렀다는 말을 듣고 부인과 함께 달아나 성의 남쪽에 있는 별궁에 숨었다. 견훤은 신라 왕을 찾아내고 핍박하여 자결하게 하였다. (나) 견훤이 고창군을 포위하자 유금필이 왕에게 아뢰기를, “싸"
75,11,cj_v41_1347,역사 자료의 분석 및 해석,역사 자료의 분석 및 해석,True,"사료로 만나는 한국사 교서를 내려 말하기를, “태학조교 송승연과 나주목 (羅州牧)의 경학박사 전보인이 [학생들을] 이끌어 잘 도와서, 학문을 널리 닦으라는 공자의 뜻에 합치된다. 가르침에 게으르지 않아서 내가 학문을 권장하는 뜻에 들어맞으니 마땅히 그들을 발탁하여 특별하고 두터운 총애를"
75,12,cj_v41_1348,역사 자료의 분석 및 해석,역사 자료의 분석 및 해석,True,"이곳은 전라남도 진도의 용장성 유적으로, 삼별초가 조성한 궁궐의 터가 남아 있다. 고려 정부가 (가) 와/과 강화를 맺자, 이에 반발한 삼별초는 왕족인 승화후 온을 왕으로 삼고 이곳으로 내려와 궁궐과 성을 쌓아 항쟁을 계속하였다. 단기간 사용되었음에도 왕궁과 외성이 있고, 여러 개의 성"
75,13,cj_v41_1349,역사 자료의 분석 및 해석,역사 자료의 분석 및 해석,True,"이 초상화 속 인물은 고려의 학자인 문헌공 최충으로, 해동공자라고 불리기도 하였다. 거란의 침입으로 개경이 함락되어 서적들이 소실되자 역사서 편찬을 위한 수찬관에 임명 되었다. 유학을 보급하고 인재 양성에 힘쓴 그는 (가) (가)에 들어갈 내용으로 가장 적절한 것은?  [키워드] 문헌공"
75,14,cj_v41_1350,연대기의 파악,연대기의 파악,True,"서경 반란군이 검교첨사 최경을 개경으로 보내 표문을 올려 이르기를, “폐하께서 음양의 지극한 말을 믿으시고 도참의 비설을 고찰하시어 대화궁을 창건하시니 천제(天帝)의 도읍을 본떠 만드신 것이다. …… 인심은 두려운 것이며 군중의 분노는 막기 어려우니 만약 폐하께서 수레를 타고 임하신다면"
75,15,cj_v41_1351,역사 자료의 분석 및 해석,역사 지식의 이해,False,자료는 ‘이생규장전’의 일부이다. 이 작품은 홍건적의 침입으로 왕이 피란하고 백성이 고통을 겪는 등 전란의 참혹했던 상황을 역사적 배경으로 하고 있다. 이 상황 이후에 전개된 역사적 사실에 대해 말해 볼까요? [문학으로 만나는 한국사] 신 축 년 에 홍 건 적 이 개 경 을 점 거 하 
75,16,cj_v41_1352,역사 자료의 분석 및 해석,연대기의 파악,False,"○ 동소(銅所)·철소(鐵所)·자기소(瓷器所)·지소(紙所)·묵소(墨所) 등 여러 소에서 별공으로 바치는 물건들을 너무 과중하게 징수하여 장인들이 고통스러워 도망하고 있다. ○ 왕이 명령하기를, “이제 처음으로 화폐를 주조하는 법을 제정 하였으니, 주조한 돈 1만 5천 관(貫)을 여러 관리"
75,17,cj_v41_1353,역사 자료의 분석 및 해석,역사 자료의 분석 및 해석,True,2025년 한국사 교양 강좌 고려의 과학 기술 우리 학회에서는 고려의 과학 기술에 대해 알아보는 교양 강좌를 마련하였다. 관심 있는 분들의 많은 참여를 바랍니다. ■강의 주제 [제1강] 수시력의 도입과 최성지의 활동 [제2강] (가) [제3강] 화통도감의 설치와 화약 무기의 개발 [제4
75,18,cj_v41_1354,역사 자료의 분석 및 해석,역사 자료의 분석 및 해석,True,"은진 미륵이라고도 불리는 거대한 이 불상은 (가) 시대 초기에 만들어진 것으로, 논산 관촉사에 가면 볼 수 있어. 역사적, 예술적 가치가 재평가되어 보물에서 국보로 변경되었다고 해. 이번에는 탑을 만나러 가볼까? (가) 국가의 문화유산으로 옳은 것은?  [키워드] 예술 불상"
75,19,cj_v41_1355,역사 자료의 분석 및 해석,역사 탐구의 설계 및 수행,False,"처음에 공신 배극렴·조준·정도전이 세자를 세울 것을 청하면서, 나이와 공로를 고려하여 정하기를 청하였다. 임금이 강씨를 중히 여겨 이방번에게 뜻이 있었으나, 공신들은 방번이 적합하지 않다고 생각하여 사적으로 서로 이야기하기를, “만일 강씨 소생이어야 한다면 막내가 조금 낫겠다.”라고 하"
75,20,cj_v41_1356,역사 자료의 분석 및 해석,역사 자료의 분석 및 해석,True,"이 그림은 (가) 의 감찰인 김종한 등 23인의 계회를 기념하여 그린 이십삼상대회도이다. ‘상대’는 백관에 대한 규찰과 탄핵 등을 관장하던 (가) 의 별칭이다. 이 계회도의 하단에는 감찰 23인의 품계와 성명, 그리고 그 부친의 관직과 성명 등이 기재되어 있어 조선 초기 계회도를 이해 "
75,21,cj_v41_1357,역사 자료의 분석 및 해석,역사 자료의 분석 및 해석,True,"이 그림에는 1588년 북병사 장양공 이일이 변경을 침범하던 (가) 을/를 정벌하는 장면이 그려져 있다. 조선 초에는 (가) 을/를 회유하기 위해 경성과 경원에 무역소를 설치하기도 하였으나, 이들은 수시로 변경을 침범하였고 조선 정부의 토벌도 이어졌습니다. (가)에 대한 조선의 대응으로"
75,22,cj_v41_1358,연대기의 파악,연대기의 파악,True,"(가) 대신 등에게 전교하기를, “조광조 등의 일은 내가 늘 마음속에서 잊지 않았으나 선왕(先王)께서 전에 허락하지 않으셨으므로 감히 가벼이 고치지 못하였다. 이제는 내 병이 위독하여 비로소 유언하니 조광조 등의 벼슬을 모두 회복할 수 있으면 다행 이겠다. 현량과도 회복하여 거두어 등용"
75,23,cj_v41_1359,역사 자료의 분석 및 해석,역사 자료의 분석 및 해석,True,상세 정보 남한산성 무너진 날 죽었어야 할 몸인데 (가) 전쟁 중에 있었던 사실로 옳은 것은?  [키워드] 전쟁
75,24,cj_v41_1360,역사 자료의 분석 및 해석,역사 자료의 분석 및 해석,True,"이 책은 이인좌의 난을 평정한 직후 (가) 의 명으로 송인명 등이 난의 진행 과정과 원인에 대해 여러 자료를 참고해서 편찬한 것이다. 어제(御製) 서문에는 이인좌의 난이 일어난 원인을 붕당에서 찾고 있으며, 이와 같은 변란의 재발을 막기 위하여 이 책을 편찬한다고 명시되어 있다. (가)"
75,25,cj_v41_1361,역사 자료의 분석 및 해석,역사 자료의 분석 및 해석,True,"이것은 장용영이 존재하던 두드러진 특징은 남쪽을 바라보며 시기 한양 도성 일대를 그린 정사를 보는 왕의 시각에 맞춰 그려, 도성도이다. 종묘 부근에 지도의 상단이 남쪽으로 되어있다는 장 용 영 의 위 치 가 표 시 되 어 점이다. 또한 산수화풍의 산세 표현은 있다. 이 지도에는 또 어떤"
75,26,cj_v41_1362,역사 자료의 분석 및 해석,연대기의 파악,False,"비가 내리자 왕이 특별히 화성부에 이르기를, “흉년이 들었을 때 기근을 구제하는 데 서쪽 지방의 토란이나 남쪽 지방의 고구마보다 월등히 나은 것은 메밀이다. 내가 이 때문에 모내기의 시기를 놓치게 되면 반드시 메밀을 대신 파종하도록 권장하는 것이다.”라고 하였다. 다음 상황이 나타난 시"
75,27,cj_v41_1363,역사 자료의 분석 및 해석,역사 자료의 분석 및 해석,True,이 그림은 세도 정치의 주요 인물이자 (가) 의 장인인 김조순의 별저 옥호정과 그 일대를 그린 옥호정도이다. 삼청동 북악산 백련봉 일대에 위치한 별저의 모습을 통해 당시 세도가였던 안동 김씨의 위세를 짐작할 수 있다. (가) 왕의 재위 시기에 있었던 사실로 옳은 것은?  [키워드] 안동
75,28,cj_v41_1364,역사 자료의 분석 및 해석,역사 자료의 분석 및 해석,True,김옥균 등은 청이 우리 자주권을 침해하는 데 분노하여 일본 공사와 (가) 을/를 일으켜 ‘일본당’으로 지목되었다. (가) 이/가 실패하자 온 나라가 그를 역적이라 하였다. 나는 조정에 몸을 담고 있어 그를 토벌하여 죽여야 한다는 것 외에 다른 목소리를 낼 수 없었다. 그러나 김옥균과 나
75,29,cj_v41_1365,역사 자료의 분석 및 해석,역사 자료의 분석 및 해석,True,재판 기록으로 보는 한국사 판 결 (가) 종교에 대한 설명으로 옳은 것은?  [키워드] 종교
75,30,cj_v41_1366,역사 자료의 분석 및 해석,역사 자료의 분석 및 해석,True,"미국 잡지 ‘포퓰러 매거진’의 1912년 마지막 호에는 한반도를 둘러싼 대한 제국과 일본, 러시아 간의 암투를 다룬 첩보 소설(The cat and the king)이 실렸습니다. 베델, 민영환 등 당대 인물들이 등장하는 이 소설은 일제가 포츠머스 조약을 체결하여 전쟁을 끝내고 대한 제"
75,31,cj_v41_1367,역사 자료의 분석 및 해석,역사 자료의 분석 및 해석,True,"오전 10:50 상소문으로 보는 역사 이야기 - 「지부복궐척화의소」 史 한국사 채널 조회수 250,809 자료는 위정척사 운동의 대표적 인물인 (가) 이/가 강화도 조약 체결에 반대하며 올린 「지부복궐척화의소」의 일부로, 면암집에 실려있다. 표시된 부분은 ‘기자(箕子)의 옛 땅이며 대명"
75,32,cj_v41_1368,역사 자료의 분석 및 해석,역사 자료의 분석 및 해석,True,이준 연보 1859년 함경도 북청에서 출생 1895년 법관 양성소 졸업 1898년 ㉠ 독립 협회 가입 1904년 ㉡ 보안회 조직 일제의 압력으로 황해도 철도(鐵島)로 유배 1905년 ㉢ 헌정 연구회 조직 1906년 ㉣ 대한 자강회 조직 1907년 ㉤ 신민회 가입 네덜란드 헤이그 만국 평
75,33,cj_v41_1369,역사 자료의 분석 및 해석,역사 자료의 분석 및 해석,True,"‘동양 평화’와 ‘한국 독립’에 대한 문제는 이미 세계 모든 나라 사람들이 다 아는 사실이며 당연한 일로 굳게 믿었고, 한국과 청국 사람들의 마음에 깊게 새겨졌다. …… 만일 일본이 지금의 정책을 바꾸지 않고 이웃 나라들을 나날이 억누른다면, 차라리 다른 인종에게 망할지언정 같은 인종에"
75,34,cj_v41_1370,역사 자료의 분석 및 해석,연대기의 파악,False,"헌병이 일반 경찰 업무를 담당하던 시기에 일제는 범죄 즉결례를 제정하여 재판 없이 체포 또는 구금하고 벌금을 물리거나 태형에 처할 수 있게 하였다. 시행 이듬해 일제는 범죄 즉결례에 있는 태형 규정을 삭제하고, 조선 태형령을 제정하여 태형은 오직 조선인에게만 적용하였다. 법령으로 만나는"
75,35,cj_v41_1371,역사 자료의 분석 및 해석,역사 자료의 분석 및 해석,True,신문 제△△호 ◯◯◯◯년 ◯◯월 ◯◯일 [사설] 대홍수의 재난에서 조선의 형제들을 구하라 대홍수로 중부 지방에 엄청난 피해가 발생하였다. 7월 18일에는 용산과 뚝섬 일대가 완전 침수되었고 이튿날은 광주군 선리 주민 292명이 ▲ 침수된 용산 일대 물에 빠져 죽었다. 경부선은 10일간 
75,36,cj_v41_1372,역사 자료의 분석 및 해석,역사 자료의 분석 및 해석,True,"파리 강화 회의가 진행되던 프랑스에서는 일제 강점기 최대 규모의 독립운동이었던 (가) 와/과 관련된 내용이 보도된 바 있다. 이와 관련하여 “일본 당국이 가혹한 탄압을 하고 있으며 혁명의 희생자 수가 이미 상당하다.”라고 보도하며, (가) 에 대해 ‘혁명’이라는 표현을 사용한 기사가 주"
75,37,cj_v41_1373,역사 자료의 분석 및 해석,역사 자료의 분석 및 해석,True,"【우리 고장의 독립운동가】 김 한 종 일우(一宇) (1883~ 충청남도 예산군 광시면 출생이다. 1915년 대구에서 박상진 등이 국권 회복을 위해 조직한 (가) 의 충청도 지부장으로, 군자금 모금과 친일 관리 처단을 주도하였다. 이후 일제에 체포 되어 총사령 박상진과 함께 사형을 선고받"
75,38,cj_v41_1374,연대기의 파악,연대기의 파악,True,"(가) 제1조 대한국은 세계 만국에 공인된 자주독립 제국이다. 제2조 대한 제국의 정치는 만세에 걸쳐 불변할 전제 정치이다. 제3조 대한국 대황제는 무한한 군권(君權)을 누린다. (나) 중 추원은 아래에 열거한 사항을 심사하고 회의하여 결정하는 곳으로 할 것이다. 1. 법률, 칙령의 제"
75,39,cj_v41_1375,역사 자료의 분석 및 해석,역사 자료의 분석 및 해석,True,사진은 (가) (으)로 이주한 한인 노동자들의 모습이다. 이민자들은 1905년 (가) 의 유카탄 반도에 도착한 뒤 에네켄 농장 20여 곳에 분산 배치되어 고된 노동에 시달렸습니다. 이들은 어려운 환경 속에서도 독립운동 자금을 모금하는 등 국권 회복을 위한 노력에 동참하였다. 재외 동포 
75,40,cj_v41_1376,역사 자료의 분석 및 해석,역사 지식의 이해,False,"이 자료는 전라남도 신안군(당시 무안군)의 한 섬에서 발생한 사건의 결과로, 소작인회 대표와 지주 문재철 사이에 맺어진 화해 조건이다. 소작인들은 고율의 소작료를 징수하는 지주에게 1년여에 걸쳐 저항하여 소작료를 낮추는 성과를 거두었습니다. 이 사건 이후의 사실에 대해 말해 볼까요? 1"
75,41,cj_v41_1377,역사 자료의 분석 및 해석,역사 자료의 분석 및 해석,True,읽었네. 자네 (가) 에서 최근 훈민정음 해례본의 발행한 잡지 ‘한글’ 이번 호 발견으로 한글 창제일이 명확해 보았는가? ‘한글 맞춤법 통일안’ 졌다는군. 이제 (가) 에서는 개정 신판이 발매되었다는 한글날을 창제일에 맞춰 10월 9일로 소식이 실렸더군. 시정한다고 하네. (가) 단체에
75,42,cj_v41_1378,역사 자료의 분석 및 해석,역사 자료의 분석 및 해석,True,"이것은 잡지 ‘별건곤’에 실린 삽화로, 서양식 복장을 한 ‘모던 걸’, ‘모던 보이’를 풍자한 것이다. 일제 강점기에는 잡지, 라디오 등의 매체를 통해 새로운 근대 문화가 소개되었다. 당시 나타난 문화적 현상에 대해 검색한 것을 말해 볼까요? 자본주의적 소비 문화의 상징인 백화점이 도심"
75,43,cj_v41_1379,역사 자료의 분석 및 해석,역사 자료의 분석 및 해석,True,사료로 만나는 여성 독립운동사 이중 삼중의 억압에 눌려 신음하던 자매들이여! 어서 빨리 일어나 이 민족 해방 운동의 뜨거운 용광로로 뛰어오라. …… 어둠 속에서 비추는 새벽빛 같은 (가) 의 자유를 쟁취하려는 봉화는 붉고 맑게 빛난다. 이미 모인 혁명 동지들은 뜨거운 손길을 내밀고 열정
75,44,cj_v41_1380,역사 자료의 분석 및 해석,역사 자료의 분석 및 해석,True,이것은 일제가 각종 놋그릇과 맞아. 중일 전쟁을 일으키고 침략 생활용품들을 공출한 후 찍은 전쟁을 확대했던 이 시기 일제는 사진이야. 당시 금속류 회수령이 군수 물자 생산을 위해 사찰의 실시되었지. 종까지 걷어가기도 했어. 밑줄 그은 ‘이 시기’에 시행된 일제의 정책으로 옳은 것은?  
75,45,cj_v41_1381,역사 자료의 분석 및 해석,역사 자료의 분석 및 해석,True,"지금 이때 나의 단일한 염원은 3천만 동포와 손을 잡고 통일된 조국, 독립된 조국의 달성을 위하여 공동 분투하는 것뿐이다. 이 육신을 조국이 요구한다면 당장에라도 제단에 바치겠다. 나는 통일된 조국을 건설하려다가 38선을 베고 쓰러질지언정 일신에 구차한 안일을 취하여 단독 정부를 세우는"
75,46,cj_v41_1382,역사 자료의 분석 및 해석,역사 자료의 분석 및 해석,True,이 사진은 6·25 전쟁 중 부산 임시 국회에서 개헌안을 표결하는 장면이다. 정부는 부산 일대에 계엄을 선포하고 야당 의원들이 탄 통근 버스를 강제로 연행하는 등 공포 분위기를 조성하였다. 개헌안은 군인과 경찰이 국회 의사당을 완전히 포위한 상태에서 토론 없이 기립 표결로 통과되었다. 
75,47,cj_v41_1383,역사 자료의 분석 및 해석,연대기의 파악,False,(가) 정부 시기의 여성 노동 운동 노동조합 대의원 선거를 방해하는 임금 체불과 직장 폐쇄에 항의 어용 조합원들에 의해 인분을 하여 신민당사에서 농성하다 끌려 뒤집어 쓴 동일방직의 여성 노동자들 나가는 YH 무역의 여성 노동자들 (가) 정부 시기에 있었던 사실로 옳은 것은?  [키워드]
75,48,cj_v41_1384,역사 자료의 분석 및 해석,역사 자료의 분석 및 해석,True,사진 속 쓰러진 인물이 대학교 맞아. 이 사건은 호헌 철폐와 정문에서 시위 도중 경찰이 쏜 독재 타도를 외친 민주화 운동이 최루탄에 피격된 이한열이지? 확산하는 데 영향을 주었어. 밑줄 그은 ‘민주화 운동’에 대한 설명으로 옳은 것은?  [키워드] 인물 사건 운동
75,49,cj_v41_1385,역사 자료의 분석 및 해석,역사 자료의 분석 및 해석,True,신문 제△△호 ◯◯◯◯년 ◯◯월 ◯◯일 군대 내 사조직 ‘하나회’ 청산 매듭 어제 단행된 군 장성 정기 인사를 통해 하나회 회원으로 알려진 중장급 이상 장성 전원이 보직 해임되었다. 이번 인사는 문민정부 출범 직후인 지난해 3월 8일 육군 참모총장과 기무사령관을 전격적으로 예편 조치함으
75,50,cj_v41_1386,역사 자료의 분석 및 해석,역사 탐구의 설계 및 수행,False,(가) 여행 정보 안내 로그인 한국어 맞춤 여행 추천 다양한 성향을 기반으로 개인별 최적의 여행지를 추천해 드립니다. 선택해 주세요 인기순 GO 테마 휴식/힐링 역사 탐방 액티비티 끔찍한 학살의 흔적 일제 군국주의의 흔적 너븐숭이 4·3 기념관 알뜨르 비행장 #역사 #4·3 #다크투어리
76,1,cj_v41_1387,역사 자료의 분석 및 해석,역사 자료의 분석 및 해석,True,"내 손 안의 해설사 해 설 연천 전곡리에서 출토된 이 주먹도끼는 찍개, 찌르개와 함께 이 시대를 대표하는 유물이다. 양면을 가공한 날카로운 날이 특징으로, 동아시아에는 찍개 문화만 존재 하였다는 기존 학설을 뒤집는 증거가 되었 습니다. 밑줄 그은 ‘이 시대’의 생활 모습으로 옳은 것은?"
76,2,cj_v41_1388,역사 자료의 분석 및 해석,역사 탐구의 설계 및 수행,False,"중국정사조선전 데이터베이스 국가명 검색 검색 결과 426건 기사명 원문이미지 15부 중 계루부에서 왕이 나오다 1왕 아래 상가, 대로, 패자 등의 관직을 두다 1혼인할 때 여자 집에 서옥을 짓다 다음 검색창에 들어갈 국가에 대한 설명으로 가장 적절한 것은?  [키워드] 조선 혼인 관직"
76,3,cj_v41_1389,연대기의 파악,연대기의 파악,True,(가) 고구려왕 거련이 직접 군사를 거느리고 백제를 공격하였다. 백제왕 경이 문주를 신라에 보내 도움을 요청하였다. …… 신라군이 도착하기 전에 백제가 고구려에 함락되었고 경 또한 살해되었다. (나) 백제왕이 태자와 함께 정예군 3만 명을 거느리고 고구려에 침입하여 평양성을 공격하였다.
76,4,cj_v41_img_76_04,역사 자료의 분석 및 해석,역사 자료의 분석 및 해석,True,"금동 대향로 부여 능산리에서 발견된 금동 대향로는 (가)를 대표하는 문화유산으로 국보로 지정되어 있습니다. 용이 받치고 있는 연꽃 형태의 몸체 위에 산봉우리로 둘러싸인 반원형의 뚜껑이 있고, 그 꼭대기에는 봉황이 자리 잡고 있습니다. 불교와 도교 요소가 복합적으로 표현된 걸작입니다. ("
76,5,cj_v41_1390,역사 자료의 분석 및 해석,역사 자료의 분석 및 해석,True,"역사 탐구 동아리 과제 일본 도다이사 쇼소인에서 발견된 (가) 촌락 문서의 사진이다. 이 문서에 대해 조사한 내용을 올려주세요. 학생 1 조세 수취와 노동력 동원에 활용할 목적으로 작성되었다요. 2 학생 2 서원경 부근 4개 촌락의 인구 현황, 토지의 종류와 면적 등의 정보가 있어요. "
76,6,cj_v41_1391,역사 자료의 분석 및 해석,역사 자료의 분석 및 해석,True,내일 우리 모둠이 발표할 왕에 대해 조사한 내용을 말해줘. 국학을 설치하여 유학을 보급하였다. 전국을 9주로 나누고 행정 구역을 정비하였다. 고구려·백제·말갈인을 포함한 군대를 만들었어. 다음 대화에 나타난 왕에 대한 설명으로 옳은 것은?  [키워드] 고구려 백제 국학 말갈 군대 행정
76,7,cj_v41_1392,역사 자료의 분석 및 해석,역사 자료의 분석 및 해석,True,"오전 11:00 오전 11:00 오전 11:00 진골 출신의 귀국 후 관세음보살을 부석사 등 여러 절을 신라 승려이며, 뵙고자 하는 마음에서 창건하여 불법을 당으로 건너가 「백화도량발원문」을 전파하면서 불법을 구하고자 짓고 낙산사를 창건한 많은 제자를 하였다. 것으로 전해집니다. 양성하"
76,8,cj_v41_1393,역사 자료의 분석 및 해석,역사 자료의 분석 및 해석,True,#51. 서재 안 최치원이 책상 앞에 앉아 표문을 쓰고 있다. 화면이 표문을 비추며 최치원의 목소리로 내레이션이 흐른다. 내레이션: 지난날 (가) 의 왕자 대봉예가 자신들의 자리를 신라 위에 있게 해 달라고 청하였다. 황제 폐하께서 ‘나라의 순서는 원래 강약에 따라 정하는 것이 아니다.
76,9,cj_v41_1394,역사 자료의 분석 및 해석,연대기의 파악,False,"중앙에서 지난번에 김지정 등이 세금을 독촉해 옵니다. 일으킨 반란으로 시해된 그동안 시달려 온 선왕의 시호를 혜공이라 사벌주 농민들, 하겠노라. 우리 함께 뭉칩시다! 우리도 원종과 함께 하겠습니다! (가) (가) 시기에 있었던 사실로 옳은 것은?  [키워드] 반란 세금 농민"
76,10,cj_v41_1395,역사 자료의 분석 및 해석,역사 지식의 이해,False,"견훤이 금산사에 있은 지 3개월 만에 막내 아들 능예, 딸 쇠복, 총애하는 첩 고비 등과 더불어 금성으로 달아나 사람을 보내 왕에게 만나기를 청하였다. 왕이 기뻐하여 유금필, 왕만세 등을 보내 그를 위로하고 맞아오도록 하였다. 견훤이 도착하자, 두터운 예로써 대접하였다. 다음 상황 이후"
76,11,cj_v41_1396,역사 자료의 분석 및 해석,역사 자료의 분석 및 해석,True,"짐은 일찍이 유학에 깊은 관심을 가져 청연각과 보문각을 설립하고, 학사를 두어 경전을 강론하게 하였다. 이번엔 양현고를 두어 선비를 양성하게 하라. 다음 장면에 등장하는 왕에 대한 설명으로 옳은 것은?  [키워드] 고려"
76,12,cj_v41_1397,역사 자료의 분석 및 해석,역사 자료의 분석 및 해석,True,"한국사 탐구 보고서 ▣ 주제 : 인물로 보는 무신 정권 ▣ 방법: 문헌 조사, 인터넷 검색 등 ▣ 조사 내용 인물 내 용 정중부 보현원에서 이의방 등과 정변을 일으킴 이의민 조위총의 난을 진압하여 상장군이 됨 최충헌 봉사 10조를 올려 시정 개혁을 요구함 (가) 야별초를 좌·우별초로 나"
76,13,cj_v41_1398,역사 자료의 분석 및 해석,역사 자료의 분석 및 해석,True,"황비창천 명 거울은 (가) 에서 사용했던 것으로 풍랑이 몰아치는 바다 위에 배 한 척이 돛을 펴고 나아가는 모습이 표현되어 있다. 이 거울에 묘사된 배를 토대로 오른쪽 사진과 같이 당시 무역선의 모습을 유추 하였다. (가) 시대 사람들은 송, 일본뿐만 아니라 동남아시아, 아라비아 상인들"
76,14,cj_v41_1399,연대기의 파악,연대기의 파악,True,"(가) 이자겸과 척준경이 군사를 동원하여 궁궐을 침범하고 불태웠다. 왕을 위협하여 남궁(南宮)으로 거처를 옮기게 하고, 안보린· 최탁 등 17인을 죽였다. 이외에도 죽인 군사가 헤아릴 수 없을 정도였다. (나) 왕 규가 광주원군을 [왕으로] 세우고자 하였는데, 일찍이 밤에 왕이 깊이 잠"
76,15,cj_v41_1400,역사 자료의 분석 및 해석,역사 탐구의 설계 및 수행,False,"고지도로 보는 (가) 의 역사 이 지도는 1872년에 제작된 (가) 전도의 일부로, 고려 성균관 왕조의 궁궐터였던 만월대와 고려 최고 교육 기관인 국자감을 계승한 성균관의 위치를 확인 만월대 할 수 있다. 또한 태조 왕건과 신혜왕후가 함께 안장된 현릉, 숭양서원 거란이 보낸 낙타가 굶어"
76,16,cj_v41_1401,역사 자료의 분석 및 해석,역사 자료의 분석 및 해석,True,이 탑은 당시 군인과 백성이 방호별감 김윤후가 결사 항전하는 모습이 군인과 백성들을 이끌고 표현되어 있어. (가) 을/를 상대로 탑 윗 부분의 1253은 충주산성에서 승리한 것을 승전 연도를 의미해. 기념하여 세운 것이야. (가)에 대한 고려의 대응으로 옳은 것은?  [키워드] 고려 백
76,17,cj_v41_img_76_17,역사 자료의 분석 및 해석,역사 자료의 분석 및 해석,True,아름다운 비색 빼어난 조형성 고려 시대 공예의 높은 기술적 성취 한국 문화의 정수 상형자기 그 아름다움을 느껴 보시기 바랍니다. 다음 특별전에 전시될 문화유산으로 가장 적절한 것은?  [키워드] 고려 기술
76,18,cj_v41_1402,역사 자료의 분석 및 해석,역사 자료의 분석 및 해석,True,"세자 시절 원의 황녀와 혼인하신 국왕 께서는 오늘 고려로 들어오시는 황녀를 맞이 하기 위해 서북면에 행차하셨습니다. 이 자리에서 신하들이 본인처럼 변발을 하지 않은 점을 크게 질책하셨습니다. 원의 황녀, 겁령구들과 입국하다 다음 가상 뉴스 이후에 있었던 사실로 옳은 것은?  [키워드] "
76,19,cj_v41_1403,역사 자료의 분석 및 해석,연대기의 파악,False,"지난번 남양에서 발견된 경석으로 박연이 만든 편경은 중국의 것보다 만든 편경이 완성되었는데요, 이와 음높이가 정확하며 그 소리가 맑고 관련하여 새로운 정책을 구상하고 아름다웠소. 이를 활용하여 궁중 음악인 계신가요? 아악을 정비해 보고자 하오. 다음 가상 대화에 등장하는 왕의 재위 시기"
76,20,cj_v41_1404,역사 자료의 분석 및 해석,연대기의 파악,False,이 노래는 백성들이 교동도로 유배된 (가) 을/를 원망하며 부른 것이다. 그는 폐비 윤씨 사사 사건을 빌미로 신하들을 숙청하는 등 폭정을 자행하다가 반정으로 폐위되었다. 충성이란 사모요 거동은 곧 교동일세 일만 흥청 어디 두고 석양 하늘에 뉘를 좇아 가는고 두어라 예 또한 가시의 집이니
76,21,cj_v41_1405,역사 자료의 분석 및 해석,역사 자료의 분석 및 해석,True,이치(梨峙)는 금산에서 전주로 넘어가는 길목에 위치한 요충지이다. 이곳에서 전라 절제사 권율과 동복 현감 황진이 이끄는 관군은 치열한 전투 끝에 적의 진격을 저지하였다. 그 결과 전라도의 곡창 지대와 조선 수군의 배후를 지키는 데 기여하여 전쟁 초기 적군의 전략에 타격을 입혔다. 오전 
76,22,cj_v41_1406,역사 자료의 분석 및 해석,역사 자료의 분석 및 해석,True,"이것은 옥당이라고도 불린 (가) 에 걸려있던 현판으로, ‘십팔학사 들의 서책이 있는 관부’라는 뜻의 글이 있다. 이 관청이 궁중의 도서를 관리하고 문한(文翰)과 왕의 자문을 담당하였기에 당나라 황제를 보좌했던 십팔학사의 고사에 빗대어 표현한 것이다. (가)에 대한 설명으로 옳은 것은? "
76,23,cj_v41_1407,역사 자료의 분석 및 해석,역사 자료의 분석 및 해석,True,서울에 있는 간사한 무리가 경주인(京主人)이라고 하며 각 도의 공물을 방납하면서 그 값을 두 배에서 수십 배까지 징수하였다. …… 영의정 김육이 (가) 을/를 충청도에서 먼저 시험할 것을 청하였다. 왕이 여러 차례 신하들에게 의견을 물었으나 서로 엇갈렸다. 이때에 왕이 다시 김육 등 여
76,24,cj_v41_1408,역사 자료의 분석 및 해석,역사 자료의 분석 및 해석,True,곽우는 이 책에는 영업전을 벼슬이 없는 자의 설정하고 그 매매를 이 인물이 걱정이란 뜻이래. 금지하는 한전론에 대한 저술한 곽우록에 내용 등이 담겨 있어. 대해 말해보자. 밑줄 그은 ‘이 인물’에 대한 설명으로 옳은 것은?  [키워드] 인물
76,25,cj_v41_1409,역사 자료의 분석 및 해석,역사 자료의 분석 및 해석,True,"○ 개천이 점점 막혀 …… 장마 때마다 범람할까 근심하게 되었다. 왕이 이르기를 …… 이에 준천사(濬川司)를 설치하여 병조 판서와 한성부 판윤, 삼군문의 대장으로 하여금 준천 당상을 겸하도록 하고 도청, 낭청 각 1인을 두었다. 매년 개천 바닥을 파서 물이 넘치지 않도록 하였다. ○ 국"
76,26,cj_v41_1410,역사 자료의 분석 및 해석,연대기의 파악,False,지난달에 대왕대비께서 이승훈이 잡혀가고 정약종도 죄인으로 사학(邪學)에 대한 단속을 몰려 죽었다고 하네. 우리 교인들에 대한 강화하라고 하교하셨다는군. 탄압이 점점 심해지고 있군. 다음 가상 대화가 이루어진 시기에 볼 수 있는 모습으로 적절 하지 않은 것은?  [키워드] 강화
76,27,cj_v41_img_76_27,역사 자료의 분석 및 해석,역사 자료의 분석 및 해석,True,이 그림은 조선 후기의 대표적인 풍속 화가인 혜원이 그린 연소답청입니다. 양반들이 봄날에 자연을 즐기고자 나들이하는 모습을 그린 작품입니다. 다음 중 (가)에 해당하는 작품으로 옳은 것은?  [키워드] 조선 양반 풍속 그림
76,28,cj_v41_1411,연대기의 파악,연대기의 파악,True,전 호조 참판 최익현 아룁니다. …… 다행히 성상의 뜻이 척화에 있는 데 힘입어 기정진과 이항로가 상소를 하여 강화가 불가함을 말하자 전하 께서 그 말을 받아들여 주셨습니다. 이런 연유로 10년 동안에는 양적 들이 우리를 탐내었으나 감히 그 뜻을 펴지 못하였다. …… 옛날의 왜인들은 이
76,29,cj_v41_1412,역사 자료의 분석 및 해석,연대기의 파악,False,"사료로 보는 한국사 대원위께서 분부하신 내용, “지금 영건할 때에 이른바 원납전은 실로 힘닿는 대로 내어 공역을 도와야 하는 것인데, …… 모두 가난하지 않은 자들인데 아직 한푼도 바친 바가 없으니 또한 무슨 까닭인가. …… 여전히 책임을 면하려고 둘러대기만 하면서, 면제되는지 한 번 "
76,30,cj_v41_1413,역사 자료의 분석 및 해석,역사 자료의 분석 및 해석,True,이 장정이 맺어진 청 상인이 양화진과 조선의 상권을 이후 나타난 변화에 한성에 점포를 열 수 둘러싸고 청과 일본 대해 말해보자. 있게 되었다. 상인의 경쟁이 치열해졌지. 밑줄 그은 ‘이 장정’에 대한 설명으로 옳은 것은?  [키워드] 의상 조선
76,31,cj_v41_1414,역사 자료의 분석 및 해석,역사 자료의 분석 및 해석,True,"특별 전시 (가) , 기록으로 되살아나다 부패한 지배층과 외세의 침략에 맞서 새로운 세상을 꿈꾸며 봉기했던 (가) 관련 기록물이 세계 기록 유산으로 등재된 것을 기념하여 특별전을 개최합니다. 많은 관람 부탁드립니다. •기간: 2025. . . ~ . . •장소: △△ 박물관 특별 전시실"
76,32,cj_v41_1415,역사 자료의 분석 및 해석,역사 자료의 분석 및 해석,True,"역사 신문 제△△호 1897년 ◯◯월 ◯◯일 독립관에서 토론의 장이 열리다 지난 일요일 오후 독립관에서 (가) 의 첫 토론회가 ‘조선의 급선무는 인민의 교육이다.’라는 주제로 개최되었다. 이날 토론회에는 찬반 양측의 열띤 논의가 있었고, 법부대신 한규설 등 정부 고위 인사들도 참석해 교"
76,33,cj_v41_1416,역사 자료의 분석 및 해석,역사 자료의 분석 및 해석,True,"이번 시간에는 구본신참을 기본 방향으로 내세워 추진한 개혁에 대한 의견을 들어보고자 합니다. 원수부와 무관학교 설치, 상공 하지만 체제 변화를 부르지 학교와 회사, 공장 설립 등 자주 않는 근대적 문물 수용의 독립과 근대화에 필요한 문물을 확대뿐이었습니다. 일본 등 적극적으로 도입하려 "
76,34,cj_v41_1417,역사 자료의 분석 및 해석,역사 자료의 분석 및 해석,True,개항 이후 도입된 근대 문물 알아보기 史 - 모둠별로 제시된 사진 자료에 대해 조사한 내용을 올려주세요. 1모둠 ... 2모둠 ... 3모둠 ... 4모둠 ... 배재 학당 광혜원 한성 전기 회사 원각사 (가) (나) (다) (라) ㄱ. (가) - 교육 입국 조서에 근거하여 설립되었다요
76,35,cj_v41_1418,역사 자료의 분석 및 해석,역사 자료의 분석 및 해석,True,"○○ 고 한국사 교실 홈 게시판 수업 과제 사용자 성적 캘린더 ▣ 과제 안내 수업 보관처리된 수업 일제는 대한 제국의 외교권을 강탈하고 통감부를 설치하였다요. 설정 이후 전개된 국권 수호 노력을 조사하여 보고서를 작성하고 제목과 함께 제출해 주세요. 번호 제 목 1 신돌석, 의병장으로 "
76,36,cj_v41_1419,역사 자료의 분석 및 해석,연대기의 파악,False,신문 기사로 보는 일제의 식민 통치 정책 볼기 다섯 개 솔닙 한 줌에 태 십오 마차를 타고 가면서 고삐를 잡지 경복궁 신무문 밖 보안림 안에 않아 볼기 다섯 대를 때리고 풀어줌. 들어가서 솔잎 한 움큼을 절취 하다가 발견되어 열다섯 대에 처함. 조선 태형령이 시행된 이 시기에는 헌병 경
76,37,cj_v41_1420,역사 자료의 분석 및 해석,역사 지식의 이해,False,"이 법령은 ‘내선공통(內鮮共通)’의 미명 하에 보통학교의 수업 연한을 소학교와 동일하게 적용하였다. 그러나 입학 자격과 학교 운영 등에서 여전히 차별적인 요소를 담고 있다. 제1조 조선에서의 교육은 이 영에 따른다. 제2조 국어[일본어]를 상용하는 자의 보통교육은 소학교령, 중학교령, "
76,38,cj_v41_1421,역사 자료의 분석 및 해석,역사 자료의 분석 및 해석,True,기억해야 할 대한외국인 마쟈르 매켄지 베델 스코필드 헐버트 행적 제1차 세계 대전에 참전했던 헝가리인 마쟈르는 러시아군 포로가 되었다가 몽골까지 흘러들어왔다. 그곳에서 알게 된 독립운동가 이태준의 부탁으로 베이징에서 김원봉을 만났다. 김원봉은 1919년 지린성에서 일제 식민 통치 기관 
76,39,cj_v41_1422,역사 자료의 분석 및 해석,역사 자료의 분석 및 해석,True,"삽화로 보는 한국사 이 삽화는 평양에서 조만식 등의 주도로 시작된 이 운동을 풍자하고 있다. 이 운동이 ‘내 살림 내 것으로’ 등의 구호를 내세워 호응을 얻자, 일제는 제2의 3·1 운동으로 확산될 것을 우려하여 탄압하였다. 한편 일각에서는 자본가의 이익만을 추구한다는 비판도 있었다. "
76,40,cj_v41_1423,역사 자료의 분석 및 해석,역사 자료의 분석 및 해석,True,나는 1927년에 결성된 여성 운동 단체 (가) 의 집행 위원으로 강령과 규약 작성에 참여한 박신우이다. 이 강령에서 조선 여성의 공고한 단결과 정치· 경제·사회 등 전반적인 이익 옹호가 이 단체의 목표임을 분명히 하였다. (가) 강령 및 규약 (가) 단체에 대한 설명으로 옳은 것은? 
76,41,cj_v41_1424,역사 자료의 분석 및 해석,역사 자료의 분석 및 해석,True,"【이달의 독립운동가】 하늘에서 땅에서 독립운동을 펼쳐나간 이상정·권기옥 부부 이상정과 권기옥은 중국에서 독립 운동을 하던 중 부부의 연을 맺고, 함께 독립운동에 헌신하였다. 중국군에서 활동하던 이상정은 (가) 의 한국광복군 창설에 기여 하였고, 외무부 외교 연구 위원으로도 활동하였다. "
76,42,cj_v41_1425,역사 자료의 분석 및 해석,역사 지식의 이해,False,"7월 13일(화) 10월 8일(금) 경성은 뉴스를 듣기에는 참으로 조회할 때 일본인들이 조선인의 빠르다. …… 중·일은 전쟁을 하게 심장을 자기들의 심장으로 하려는 되었다. …… 아아, 슬프다. 조선 일본의 계략에서, 총독 미나미 에서도 만약 이러한 때 영웅 한 지로가 소위 황국신민의 "
76,43,cj_v41_1426,역사 자료의 분석 및 해석,역사 자료의 분석 및 해석,True,"일제 강점기, 새로운 문화와 일상 우리 도서관에서는 일제 강점기 새로운 문화의 유입과 일상생활의 변화를 주제로 강의를 준비하였다. 많은 관심과 참여 바랍니다. ● 일시: 2025. ◯ ◯. ◯ ◯. 13 : 00 ~ 17 : 00 ● 장소: △△ 도서관 다목적실 ◈ 강의 주제 ◈ [제1"
76,44,cj_v41_1427,역사 자료의 분석 및 해석,역사 자료의 분석 및 해석,True,휘문중학 운동장에서 (가) 의 수반인 여운형 씨가 5천여 군중 앞에서 해방의 제일성을 힘있게 외쳤다. “조선 민족 해방의 날은 왔다. …… 어제 15일 아침 8시에 엔도 조선 총독부 정무총감의 초청을 받아 …… 나는 다섯 가지 요구를 제안하여 무조건 승낙을 받았다. 1. 전 조선 각지에
76,45,cj_v41_1428,역사 자료의 분석 및 해석,역사 자료의 분석 및 해석,True,이 비석에는 이 사건을 소재로 한 현기영의 소설 순이삼촌의 주요 내용이 새겨져 있다. 이곳 제주에서는 남한만의 단독 선거에 반대하는 세력을 진압한다는 명분으로 토벌대에 의해 수많은 주민들이 희생당했다. 비석을 세우지 않고 눕혀놓은 것은 이 비극을 표현하기 위함이다. 밑줄 그은 ‘이 사건
76,46,cj_v41_1429,역사 자료의 분석 및 해석,역사 자료의 분석 및 해석,True,답사 계획서 ● 주제: 내포 지역의 문화유산을 찾아서 ● 기간: 2025. ◯◯. ◯◯. ~ ◯◯. ◯◯. ● 경로: 남연군 묘 → 윤봉길 생가 → 수덕사 → 임존성 → 추사 고택 (마) 추사 고택 (가) 남연군 묘 (나) 윤봉길 생가 (다) 수덕사 대웅전 (라) 임존성 (가)~(마)에
76,47,cj_v41_1430,연대기의 파악,연대기의 파악,True,"주제: 우리나라 헌법 개정의 역사 대통령과 대통령이 대통령은 국민의 부통령의 임기는 통일 주체 국민 회의의 보통·평등·직접· 4년으로 하며, 1회로 규정한 의장이 되고, 국회의원 비밀 선거에 의하여 중임 횟수를 개헌 당시 정수의 3분의 1을 선출하고 대통령의 임기는 대통령에게만 적용하지"
76,48,cj_v41_1431,역사 자료의 분석 및 해석,역사 자료의 분석 및 해석,True,이것은 서울에 최초로 설정된 개발 제한 구역을 표시한 지도 이다. 경부 고속 국도를 준공하는 등 경제 발전에 힘쓰던 당시 정부는 도시의 무질서한 확산을 방지하고 도시 주변의 자연환경을 보전하기 위해 처음으로 개발 제한 구역을 설정하였다. 밑줄 그은 ‘정부’ 시기에 볼 수 있는 모습으로 
76,49,cj_v41_1432,역사 자료의 분석 및 해석,연대기의 파악,False,하계 올림픽을 성공적으로 마친 대통령은 오늘 한국 국가 원수로서 처음으로 헝가리를 방문하였다. 헝가리는 우리 정부의 북방정책에 대한 지지와 협력 의사를 함께 표명하였다. 이것은 정부가 발표한 7·7 선언의 성과로 평가되고 있다. 다음 뉴스가 보도된 정부 시기의 통일 노력으로 옳은 것은?
76,50,cj_v41_1433,역사 자료의 분석 및 해석,역사 자료의 분석 및 해석,True,"우리나라의 연호(年號) 역사 돋보기 연호는 군주가 자기의 치세 연차(年次)에 붙이는 칭호이다. 중국에서 시작되었으며 그 영향으로 우리나라, 일본, 베트남 등에서도 사용되었다. 연호는 원칙적으로 황제만 사용 가능하고, 제후 왕은 독자적인 연호를 쓸 수 없었다. 우리나라에서 최초로 확인되는"
77,1,cj_v41_1434,역사 자료의 분석 및 해석,역사 자료의 분석 및 해석,True,여주 흔암리 유적 체험 프로그램 안내 우리 박물관에서는 사유 재산과 계급이 발생한 이 시대의 대표적 유적지인 여주 흔암리 유적을 주제로 체험 프로그램을 마련하였다. 다양한 행사를 통해 당시 사람들의 생활 모습을 알아보는 시간을 가져 보시기 바랍니다. 주요 프로그램 ○ 민무늬 토기 조각 
77,2,cj_v41_1435,역사 자료의 분석 및 해석,역사 자료의 분석 및 해석,True,"역사 신문 제△△호 ◯◯◯◯년 ◯◯월 ◯◯일 양국 간 외교 갈등, 전쟁으로 이어지다 한의 사신 섭하가 자신을 송별하던 (가) 의 비왕(裨王) 장(長)을 살해하는 외교적 사건이 발생하였다. 그런데 한 무제는 오히려 섭하에게 벼슬을 내렸고 우거왕은 이에 분노하여 군대를 보내 섭하를 죽였다."
77,3,cj_v41_1436,역사 자료의 분석 및 해석,역사 탐구의 설계 및 수행,False,"오전 10:40 인공 지능 이미지 생성기 및 편집기 텍텍스스트트를를 이이미미지지로로 이미지를 이미지로 명령어 삼국지위서 동이전에 기록된 이 나라의 특징을 반영하여 이미지를 만들어 줘. 주요 특징은 다음과 같아. ○ 특산물로 단궁, 과하마, 반어피가 유명하였다. ○ 10월에 제천 행사인 "
77,4,cj_v41_img_77_04,역사 자료의 분석 및 해석,역사 자료의 분석 및 해석,True,이 전시실에서는 (가)의 수도에서 발굴된 경주 천마총 장니 천마도와 금령총 천마무늬 말다래 등을 통해 다양한 천마의 모습을 볼 수 있습니다. 장니는 말의 안장 양쪽에 늘어뜨려 놓은 것으로 말다래 라고도 불립니다. (가) 국가의 문화유산으로 옳은 것은?  [키워드] 경주 첨성대 출토 유물
77,5,cj_v41_1437,역사 자료의 분석 및 해석,역사 자료의 분석 및 해석,True,"내일 우리 모둠이 발표할 왕에 대해 조사한 내용을 말해줘. 백가의 난을 평정하고 왕권을 강화하였다. 중국 남조의 양에 고구려를 여러 차례 격파하고 다시 강국이 되었다는 내용의 국서를 보냈어. 1971년에 발굴된 이 왕의 무덤에서 왕과 왕비의 지석, 그리고 석수 등이 출토되었다. 다음 대"
77,6,cj_v41_1438,연대기의 파악,연대기의 파악,True,"(가) 왕이 태자 김법민을 보내 병선 100척을 거느리고 덕물도에서 소정방을 맞이하게 하였다. 소정방이 김법민에게 말하기를, “나는 7월 10일에 백제의 남쪽에 이르러 대왕의 군대와 만나서 의자(義慈)의 도성을 무찔러 깨뜨리고자 한다.”라고 하였다. (나) 사 찬 시득이 수군을 거느리고"
77,7,cj_v41_1439,역사 자료의 분석 및 해석,역사 자료의 분석 및 해석,True,"영역은 사방 5천 리이며, 5경과 15부를 두었다. 서쪽으로는 중국과 통하고 남쪽으로는 신라와 교빙하고 북쪽으로는 거란에 맞서고 동쪽으로는 일본에 사신을 보내어, 동북의 안쪽 지역을 압도하며 거의 3백 년 동안이나 존속하였다. - 해동역사 - 다음 자료에 해당하는 국가에 대한 설명으로 "
77,8,cj_v41_1440,역사 자료의 분석 및 해석,역사 자료의 분석 및 해석,True,"한국사 대화형 인공 지능 Q 사진 속 무덤에 대해 알려줘. A (가) 의 왕릉으로 추정되는 천추총이다. Q 그렇게 보는 근거가 뭐야? A (가) 의 도성이었던 국내성 지역에 위치하며, 대형 계단식 돌무지무덤이기 때문이다. 이 무덤 주변에서 영락으로 판독되는 명문 기와 조각도 발견 되었다"
77,9,cj_v41_1441,역사 자료의 분석 및 해석,역사 자료의 분석 및 해석,True,○ (가) 이/가 나주의 상황을 근심하여 드디어 왕건에게 가서 지키도록 명령하였다. 품계는 한찬(韓粲)으로 올리고 해군 대장군으로 삼았다. ○ (가) 은/는 백성을 한낱 지푸라기처럼 여기고 오직 자기의 욕심만을 따랐다. 그리고 참위설을 믿어 갑자기 송악을 버리고 부양(斧壤)*으로 돌아가
77,10,cj_v41_1442,역사 자료의 분석 및 해석,연대기의 파악,False,"청해진이 폐지되고 주민들은 벽골군으로 옮겨진다는 소식이다. 해상 무역의 거점이었던 청해진이 장보고의 건의로 설치된 지 20여 년만의 일이다. 청해진, 역사 속으로 사라지다 다음 가상 뉴스에서 보도한 내용이 있었던 시기에 볼 수 있는 모습으로 가장 적절한 것은?  [키워드] 장보고 청해진"
77,11,cj_v41_1443,역사 자료의 분석 및 해석,역사 자료의 분석 및 해석,True,"이것은 현화사비의 탁본이다. 이 비석의 흥미로운 점은 앞면에는 송의 연호인 천희가, 뒷면에는 (가) 의 연호인 태평이 새겨져 있다는 것이다. 고려는 귀주 대첩에서 (가) 을/를 격퇴하였지만, 오히려 조공 책봉 관계를 수용하여 다원적인 국제 질서 속에서 실리와 안정을 추구하였다. 天 太 "
77,12,cj_v41_1444,역사 자료의 분석 및 해석,역사 자료의 분석 및 해석,True,[다큐멘터리 기획안] 우리 역사 속 생태 · 환경 이야기 ▣ 기획 의도 인간과 생태·환경의 상호 관계를 시대 순으로 조망 하여 한국사에 대한 새로운 시각을 제공한다. ▣ 구성 1부. 혜공왕 대 재이(災異) 발생과 백좌법회 개최 2부. (가) 3부. 승정원일기를 통해 본 소빙기 농업 생산
77,13,cj_v41_img_77_13,역사 자료의 분석 및 해석,역사 자료의 분석 및 해석,True,"제가 소개할 문화유산은 청주 명암동에서 출토된 단산오옥명 먹입니다. (가)의 먹은 주로 묵소에서 생산되었으며 중국 사신 서긍도 언급했을 정도로 잘 알려져 있었습니다.  다인철소 유적 출토 솥단지, 나전국화 넝쿨무늬 합 (가) 국가의 문화유산으로 옳지 않은 것은?  [키워드] 사신"
77,14,cj_v41_1445,역사 자료의 분석 및 해석,역사 자료의 분석 및 해석,True,한국사 탐구 계획서 •탐구 주제: (가) •참고 자료 태조 왕건 청동상 청주 용두사지 철당간 준풍(峻豊)이라는 연호가 통천관을 쓰고 있다. 새겨져 있다. (가)에 들어갈 내용으로 가장 적절한 것은?  [키워드] 태조왕 왕건 태조
77,15,cj_v41_1446,역사 자료의 분석 및 해석,역사 자료의 분석 및 해석,True,초상화로 보는 한국사 이 그림은 소수 서원에 봉안되어 있는 인물의 초상화이다. 그는 충렬왕 때 원에 갔다가 주희의 저서를 들여오면서 성리학을 본격적 으로 소개하였다. 그림의 상단에는 유학 진흥에 힘쓴 공을 인정하여 충숙왕이 그의 초상화를 문묘에 모시게 하였다는 발문이 있다. 밑줄 그은 
77,16,cj_v41_1447,역사 자료의 분석 및 해석,역사 자료의 분석 및 해석,True,"교외 체험 학습 보고서 △학년 △반 △△번 이름: ⊙ 날짜: 2026년 ◯◯월 ◯◯일 ⊙ 장소: 인천광역시 강화 석릉 ⊙ 학습 내용 강화 석릉은 고려 희종의 무덤이다. 이의민을 제거하고 집권한 (가) 이/가 스스로 교정별감이 되어 전횡을 일삼자, 희종은 그를 암살하려고 하였으나 도방의 "
77,17,cj_v41_1448,역사 자료의 분석 및 해석,역사 자료의 분석 및 해석,True,"오늘은 나는 한국 고대사 연구에 나는 삼국의 역사를 중요한 사료를 남긴 불교 중심의 설화와 기전체로 정리한 두 분의 이야기를 단군의 건국 이야기 등을 삼국사기의 편찬을 들어 보겠습니다. 담은 삼국유사를 총괄하였소. 저술하였소. (가) (나) (가), (나) 인물에 대한 설명으로 옳은 것"
77,18,cj_v41_1449,연대기의 파악,연대기의 파악,True,"위화도에서 좌·우군도통사가 글을 올려 회군을 요청하니 최영이 말하기를, “두 도통사가 있으니 스스로 와서 아뢰는 것이 옳다. 군사를 물리자는 말을 감히 내 입으로 하지 못하겠다.”라고 하였다. …… 원의 잔당들이 사막으로 도망가서 이름뿐인 나라를 세웠는데, 최영이 배후(裴厚)를 보내어 "
77,19,cj_v41_1450,역사 자료의 분석 및 해석,역사 자료의 분석 및 해석,True,"○ 문 하부 좌우 정승을 고쳐 의정부 좌우 정승으로, 문하시랑 찬성사를 의정부 찬성사로, 참찬 문하부사를 참찬 의정부사로, 정당 문학을 의정부 문학으로 하였다. …… 문하부의 이름을 혁파하고, 낭사(郎舍)를 고쳐 (가) (으)로 하였다. ○ (가) 의 대사간 성현(成俔) 등이 상소하였다"
77,20,cj_v41_1451,역사 자료의 분석 및 해석,역사 자료의 분석 및 해석,True,"이달의 책 대불정수능엄경(언해) 이 책은 중국 승려 계환(戒環)의 대불정수능엄경요해에 (가) 이/가 훈민정음으로 구결을 달고 한계희, 김수온 등이 번역하여 편찬한 것이다. 현재 활자본과 목판본이 전하는데, 그중 목판본은 (가) 이/가 만든 간경도감에서 간행한 최초의 불경 언해서이다. 이"
77,21,cj_v41_1452,역사 자료의 분석 및 해석,역사 자료의 분석 및 해석,True,"이곳은 안동의 병산 서원으로, (가) 의 위패가 봉안되어 있다. (가) 은/는 훈련도감 설치를 건의하고 공납의 폐단을 시정하고자 대공수미법을 제안했다. (가) 인물에 대한 설명으로 옳은 것은?  [키워드] 훈련도감 서원 인물"
77,22,cj_v41_1453,역사 자료의 분석 및 해석,역사 지식의 이해,False,#11. 남한산성 안 임금이 항복하라는 내용이 담긴 칸[汗]의 서신을 읽은 후 대신들에게 말한다. 임금: 앞 으로 어떤 계책을 세워야 하겠는가? 김상헌: 지 금 항복한다 하더라도 어떻게 그 노여움을 풀겠습니까. 끝내는 반드시 따르기 어려운 요청을 해 올 것이다. 적의 글을 우리 군사들에
77,23,cj_v41_1454,역사 자료의 분석 및 해석,역사 자료의 분석 및 해석,True,"이것은 변박이 그린 초량 왜관의 전경이다. 이 그림에는 관수가(館守家)를 중심으로 서관과 동관 구역이 나뉘어 있고, 50여 개의 건물 명칭이 표기되어 있다. 이를 통해 초량 왜관에서 대일 무역이 이루어지던 시기 왜관의 구성과 규모를 확인할 수 있다. 변박 특별전 왜관도 화면을 넘기면 다"
77,24,cj_v41_1455,역사 자료의 분석 및 해석,역사 자료의 분석 및 해석,True,"이 자료는 개국 공신부터 보사 맞습니다. 특히 이 자료에는 그들이 공신까지의 공신과 그 자손들을 모아 기사환국과 갑술환국을 거치며 공신의 결속을 다지는 회맹 행사를 거행한 지위를 박탈당했다가 회복하는 정황이 후 그 명단 등을 담은 문서이다. 반영되어 있어, (가) 재위 시기의 보사 공신"
77,25,cj_v41_1456,역사 자료의 분석 및 해석,연대기의 파악,False,"근래 듣건대, 도고라는 방식이 새로 나와 한 사람이 물품을 독차지하면서 다른 사람은 감히 개별적으로 살 수 없게 되었다고 합니다. …… 이른바, 이익은 한 사람에게로 돌아가고 피해는 만민이 받는다는 것이다. …… 청컨대 한성부와 평시서로 하여금 엄히 금단하게 하여 도고를 없애고 다시 각"
77,26,cj_v41_1457,역사 자료의 분석 및 해석,역사 자료의 분석 및 해석,True,"□□ 신문 제△△호 2025년 ◯◯월 ◯◯일 북학의 친필 고본(稿本), 보물로 지정 수원 화성 박물관에 소장된 (가) 고본 북학의가 보물로 지정되었다. 북학의는 (가) 이/가 청의 연경에 다녀온 후 국가 제도와 정책 등 여러 분야에 대한 개혁의 필요성과 함께 실천 방안을 제시한 책이다."
77,27,cj_v41_1458,역사 자료의 분석 및 해석,역사 탐구의 설계 및 수행,False,고구려비를 품은 의 역사를 걷다 (가) ▣ 일시 : 2026년 ◯ ◯월 ◯ ◯일 16:00 ~ 20:00 ▣ 답사 경로 탑탑 평평 리리 칠칠 층층 석석 탑탑 (( 중중 앙앙 탑탑 )) 탄 금 대 임 충 민 공 충 렬 사 미륵 대원 지 (가) 지역에 대한 탐구 활동으로 가장 적절한 것은?
77,28,cj_v41_1459,역사 자료의 분석 및 해석,역사 지식의 이해,False,"진주 안핵사 박규수가 상소하였는데 대략 이르기를, “난민들이 스스로 죄에 빠진 것은 반드시 이유가 있을 것이다. …… 살을 베어 내고 뼈를 깎는 것 같은 고통은 환곡과 향곡이 으뜸이다. 진주에서 허위로 부과한 세금에 대해서는 이미 조사 결과를 임금께 아뢰었습니다. …… 병들어 가는 것은"
77,29,cj_v41_1460,역사 자료의 분석 및 해석,역사 지식의 이해,False,"적들이 성벽 아래에 당도하였다. 우리 군사들이 일제히 총을 쏘니, 그 소리가 천지를 진동하고 탄환이 빗발치듯 쏟아졌다. 적들은 우리의 매복을 전혀 예상치 못하다가, 갑자기 쏟아지는 탄환에 맞아 쓰러지는 자가 속출하였다. 적들은 더 이상 버티지 못하고 무너져 흩어졌다. 양헌수는 즉시 순무"
77,30,cj_v41_1461,역사 자료의 분석 및 해석,역사 자료의 분석 및 해석,True,"이 자료는 조선 정부에서 발행한 관보 제214호 이다. 관보의 내부(內部) 고시는 이 개혁에 따라 시행된 단발령을 알리는 내용으로, 국왕이 먼저 단발을 행하였으니 백성에게 이를 따르라고 하고 있다. 한편, 관보에 사용된 연호인 건양은 국모 시해 사건 이후 추진된 이 개혁의 일환으로 태양"
77,31,cj_v41_1462,역사 자료의 분석 및 해석,역사 자료의 분석 및 해석,True,"이 사진은 퍼시벌 로웰이 찍은 묄렌도르프의 집이다. 본래 선혜청 당상 민겸호의 집이었으나, 그가 (가) 때 피살되자 고종이 묄렌도르프에게 하사한 것이다. (가) 을/를 진압한 청의 추천을 받아 조선의 외교 고문으로 부임한 묄렌도르프는 이 집을 서양식으로 개축하여 사용하였다. (가) 사건"
77,32,cj_v41_1463,역사 자료의 분석 및 해석,역사 자료의 분석 및 해석,True,"포와유람기는 현순이 이 지역의 호놀룰루 등에서 체류한 경험을 바탕으로 쓴 견문록이다. 이 책에는 20세기 초 사탕수수 농장에 도착한 초기 한인 이민자들의 생활 모습이 잘 나타나 있으며, 포와(布哇)라고 불렸던 이 지역의 지리, 역사, 문화 등이 기록되어 있다. 포와유람기 밑줄 그은 ‘이"
77,33,cj_v41_1464,역사 자료의 분석 및 해석,역사 자료의 분석 및 해석,True,"한국사 교실 수행 과제: 오늘 학습한 조약과 관련된 자료를 조사하여 사진과 설명을 올려 주세요. ○○○ □□□ △△△ 중명전 민영환 자신회 대한 제국 시기 황실 일제의 강요로 조약이 나철, 오기호 등이 조약 도서관 등으로 이용 체결되자 이에 항거하는 에 찬성한 다섯 명의 되었던 곳으로 "
77,34,cj_v41_1465,역사 자료의 분석 및 해석,역사 자료의 분석 및 해석,True,"특별 전시 국외 독립운동의 숨은 주역, 안태국을 기억하다 우리 기념관에서는 (가) 에서 운영한 태극 서관의 주임 등을 맡았던 안태국의 공훈을 기리는 특별전을 마련하였다. 그는 안창호, 양기탁 등을 중심으로 비밀리에 결성된 (가) 에서 국외 독립군 기지 건설을 위해 군자금 모금과 이주민 "
77,35,cj_v41_1466,역사 자료의 분석 및 해석,역사 자료의 분석 및 해석,True,"주제: 근대 교육의 도입 사민필지는 영어, 산학, 지리 등을 미국인 헐버트가 주요 과목으로 개설한 이 학교의 교사 시절 한글로 이 학교에서 사용했던 지은 세계 지리서이다. 교과서이다. 밑줄 그은 ‘이 학교’에 대한 설명으로 옳은 것은?  [키워드] 교육"
77,36,cj_v41_1467,역사 자료의 분석 및 해석,역사 자료의 분석 및 해석,True,이 자료는 나석주 의사가 나석주 의사는 일제의 기관 파괴와 요인 조선 식산 은행과 동양 척식 암살 등을 목적으로 조직된 이 단체의 주식회사에 폭탄을 던진 단원으로 활동했다. 그는 경제 수탈의 사건을 다룬 기사이다. 상징인 두 기관에 폭탄을 투척하여 일제에 이에 대해 설명해 주세요. 큰 
77,37,cj_v41_1468,역사 자료의 분석 및 해석,역사 자료의 분석 및 해석,True,"오전 11:00 80% 사진과 함께하는 역사 - 임시 토지 조사국 史 한국사 채널 조회수 150,423 이 사진은 임시 토지 조사국 청사이다. 임시 토지 조사국은 일제가 식민 지배를 위한 경제적 기반 마련 등을 목적으로 이 정책을 추진하면서 설치한 기구이다. 이 기구는 토지의 조사 및 "
77,38,cj_v41_1469,역사 자료의 분석 및 해석,역사 자료의 분석 및 해석,True,"조선인 운동은 민족 운동으로 또는 사회 운동으로 표면과 이면에서 그침 없이 계속하여 오다가, 조선 민족의 총역량을 집중 하여 민족 단일당 결성을 촉진하며 (가) 이/가 조직되었다. 각도 각지에서는 지회가 속속 설치되었다. …… (가) 은/는 민중 대회를 준비하다가 발각되어 타격을 입은 "
77,39,cj_v41_1470,역사 자료의 분석 및 해석,역사 지식의 이해,False,이 기사는 일제의 정책으로 인해 피해를 입은 농촌의 모습을 다루고 있다. 대공황 이후 일제는 공업 원료 등을 확보하기 위해 한반도 남부 지방에 면화 재배를 확대하는 정책을 추진하였다. 이 정책이 시행된 시기에 있었던 사실을 말해볼까요? 일제의 강압적 면화 재배 일제가 강제하여 경작한 면
77,40,cj_v41_1471,역사 자료의 분석 및 해석,역사 자료의 분석 및 해석,True,공연 초대장 대중가요의 역사를 찾아서 일제 강점기는 라디오와 축음기가 보급 되면서 대중가요가 확산된 시기였다. 우리 오케스트라에서는 당시 발매되었던 대중가요를 관현악으로 편곡한 공연을 준비하였다. 식민지 시기를 살아간 우리 민족의 다양한 감정을 느낄 수 있는 자리에 여러분을 초대합니다.
77,41,cj_v41_1472,역사 자료의 분석 및 해석,역사 자료의 분석 및 해석,True,"국민부는 중국의 반일 단체와 연락을 취하여 대규모 항일 행동을 계획하였지만, 각지의 일본 경관대에게 단원이 검거되고 무기를 압수당하여 세력이 꺾였다. 그러나 당시 이를 피한 양세봉, 양하산 등 주요 인물이 흩어졌던 단원을 모아 국민부 산하의 무장 단체를 재편하여 행동을 재개하였다. 총사"
77,42,cj_v41_1473,역사 자료의 분석 및 해석,역사 자료의 분석 및 해석,True,어느 독립운동가의 주요 행적 1 ~ 4 는 시간 순 4 충칭 1 상하이 삼균주의에 바탕을 둔 주권이 국민에게 있음을 대한민국 임시 정부 건국 밝 힌 대 동 단 결 선언 강령 초안을 작성함. 작성에 참여함. 3 난징 2 항저우 윤봉길의 상하이 훙커우 (가) 공원 의거 이후 일제의 탄압을 
77,43,cj_v41_1474,역사 자료의 분석 및 해석,역사 자료의 분석 및 해석,True,한국사 교양 강좌 기념일에 담긴 일제 강점기 사회ㆍ문화 우리 학회에서는 일제 강점기의 힘든 현실 속에서도 우리 민족이 기리기 시작한 기념일을 중심으로 당시의 사회와 문화를 살펴보는 강연을 마련하였다. 많은 관심과 참여 바랍니다. [제1강] 어린이날 - 어린이에게서 민족의 미래를 보다 [
77,44,cj_v41_1475,역사 자료의 분석 및 해석,연대기의 파악,False,이곳은 인천 부평에 위치한 일본 육군 조병창이다. 일제가 국가 총동원법을 시행한 시기에 전쟁 무기 생산을 목적으로 설치되었다. 또한 학도 동원 실시 요강에 따라 학생들이 강제로 동원된 곳이기도 했다. 밑줄 그은 ‘시기’에 볼 수 있는 모습으로 가장 적절한 것은?  [키워드] 국가총동원법
77,45,cj_v41_1476,역사 자료의 분석 및 해석,역사 탐구의 설계 및 수행,False,농민이나 지주나 간에 중대한 위기에 봉착하고 있다. 농민은 평년 수확의 절반가량을 세금 등으로 납부하게 됨으로써 자가에서 소비할 식량도 확보할 수 없는 지경으로 우선 굶어 죽을 수는 없으니 상환을 연기하든지 분배를 취소하여 달라고 호소하고 있다. 지주 측에서는 토지 자본을 산업 자본으로
77,46,cj_v41_1477,역사 자료의 분석 및 해석,역사 자료의 분석 및 해석,True,"이 자료는 미소 공동 위원회 미국 대표단 정치고문단 소속인 ㄴ. M. 버치 중위가 좌우 합작을 주도한 (가) 을/를 추모하며 남긴 연설문이다. 엔도 정무총감과의 회담에서 사회 안정에 관한 요구 사항을 관철하는 등 해방 정국을 주도하던 (가) 이/가 암살되자, 버치 중위는 존경의 의미를 "
77,47,cj_v41_1478,역사 자료의 분석 및 해석,연대기의 파악,False,이것은 (가) 정부가 작성한 행정 수도 건설 계획의 일부이다. 수출 100억 달러를 처음으로 달성하는 등 경제 성장을 이룬 (가) 정부는 수도권 인구 과밀화 억제 등을 내세우며 행정 수도의 건설 계획을 발표했다. 당시 충남 공주시 장기면을 중심으로 연기군 일부까지 건설 대상 지역에 포함
77,48,cj_v41_1479,역사 자료의 분석 및 해석,역사 지식의 이해,False,김영삼 김영삼이 또한 신민당사에서 신민당 총재가 뉴욕 타임스와 농성하던 YH 무역 국회의원 최초로 인터뷰한 내용이 노동자들을 강제로 진압한 제명된 사건이 문제가 되었다. 정부를 비판한 것도 있었네요. 이유였다. 다음 대화에 나타난 사건 이후에 전개된 사실로 옳은 것은?  [키워드] 무역
77,49,cj_v41_1480,역사 자료의 분석 및 해석,연대기의 파악,False,"오늘도 보도 지침이 내려왔군. 이 정부의 언론 통제는 언제까지 계속되려나. 보도 지침 ◎ 대학생들, 주한 미상공회의소 점거. 오후 1시 8분에 경찰에 모두 연행 기사 밑줄 그은 ‘이 정부’ 시기에 있었던 사실로 옳은 것은?  [키워드] 보도 지침"
77,50,cj_v41_1481,역사 자료의 분석 및 해석,역사 자료의 분석 및 해석,True,"이달의 역사 용어 천도(遷都) 천도란 국가의 ‘수도’를 다른 지역으로 옮기는 것을 뜻한다. 우리 역사에서 대표적인 천도 사례는 다음과 같다. 고구려는 427년 (가) 이/가 평양으로 수도를 옮겼다. 백제는 475년 한성이 함락되자 같은 해에 (나) 이/가 웅진으로 천도하였고, 538년 "
78,1,cj_v41_1482,역사 자료의 분석 및 해석,역사 자료의 분석 및 해석,True,"오늘 소개할 곳은 여수 안도 조개더미 유적이다. 이 유적에서는 농경과 목축이 시작된 (가) 시대의 인골과 조개팔찌 등이 출토되어 당시의 매장 풍습을 확인할 수 있다. 또한 이 유적에서 출토된 덧무늬 토기, 눌러찍은 무늬 토기 등을 통해 (가) 시대에는 빗살무늬 토기 이외에도 다양한 토기"
78,2,cj_v41_1483,연대기의 파악,연대기의 파악,True,(가) 연의 장수 진개가 고조선을 침략하였다. (나) 우거왕이 한 무제가 파견한 군대에 맞서 싸웠다. (다) 위만이 진번과 임둔을 복속시키고 세력을 확장하였다. (가)~(다) 학생이 발표한 내용을 일어난 순서대로 옳게 나열한 것은?  [키워드] 고조선 우거왕 한무제 조선 위만 진번 임둔
78,3,cj_v41_1484,역사 자료의 분석 및 해석,역사 자료의 분석 및 해석,True,"(가) 해마다 5월이면 씨뿌리기를 마치고 귀신에게 제시를 지낸다. 떼를 지어 모여서 노래와 춤을 즐기며 술 마시고 노는 것을 밤낮으로 쉬지 않는다. … 귀신을 믿기 때문에 국음에 각각 한 사람씩을 세워서 천신에 대한 제시를 주관하니, 이를 천군이라 - 삼국지 위서 동이전 - (나)은력("
78,4,cj_v41_1485,역사 자료의 분석 및 해석,역사 자료의 분석 및 해석,True,"우리 군이 관산성을 공격하여 김무력01 01끄는 신라군과 전투를 벌였다는데, 어찌 되었는지 아는가? 왕께서 몸소 보병과 기병을 거느리고 구천에 이르셨는데, 신라군의 기습을 받아 돌아가셨다네. 결국 우리 군이 크게 패했다는군 밑줄 그은 '왕'에 대한 설명으로 옳은 것은?  [키워드] 신라"
78,5,cj_v41_1486,역사 자료의 분석 및 해석,역사 자료의 분석 및 해석,True,이것은 =의 쌍영총 벽화 속 공양 행렬을 모사한 것이다. 승려를 앞세워 공양에 나서고 있는 귀족 부인의 모습에서 전진의 승려 순도를 통해 불교가 수용된 이후 ~의 귀족 사회에 불교가 확산되었음을 확인할 수 있다. 4 4 (가) 국가에 대한 설명으로 옳은 것은?  [키워드] 사회 불교
78,6,cj_v41_1487,역사 자료의 분석 및 해석,역사 자료의 분석 및 해석,True,이 목간은 이 국가의 마지막 수도였던 부여의 쌍북리 유적에서 출토된 좌관대식기이다. 관청에서 곡식을 빌리고 갚은 사람들의 이름과 곡식의 양이 기록되어 있어 당시 사람들의 생활 모습을 엿볼 수 있다. 貸食記 곡식을 빌려준 기록 習利-石五斗上-石未-[石] 습리가 1석 5두를 빌려 1석은 갚
78,7,cj_v41_1488,역사 자료의 분석 및 해석,연대기의 파악,False,"겨울에 왕이 장차 백제를 쳐서 대야성에서의 싸움을 되갚으려고 이찬 김춘추를 고구려에 보내서 군사를 청하였다. 대야성 전투에서 패하였을 때 도독인 품석의 아내도 죽었는데, 바로 춘추의 딸이었다. 춘추가 이를 듣고 기둥에 기대어 서서 하루 종일 눈도 깜박이지 않았고, 사람이나 물건이 그 앞"
78,8,cj_v41_1489,역사 자료의 분석 및 해석,연대기의 파악,False,저는 경주 흥덕왕릉에 와 있다. 흥덕왕은 혜공왕 피살 이후 왕위 쟁탈전이 거듭되던 시기에 즉위하여 정국을 안정시키는 데 힘썼습니다. 하지만 그의 사후 또다시 진골 귀족들의 왕위 다툼이 반복되면서 혼란이 가중되었다. 밑줄 그은 '시기'에 있었던 사실로 옳은 것은?  [키워드] 혜공왕 왕위
78,9,cj_v41_img_78_09,역사 자료의 분석 및 해석,역사 자료의 분석 및 해석,True,"이것은 중국 지린성 룽터우산 고분군에서 출토된 (가)의 효의황후와 순목황후의 묘지입니다. 묘지에는 각각 보력과 건흥이라는 문왕 대와 선왕 대의 독자적인 연호가 기록되어 있고, 황후라는 글자가 새겨져 있어 (가) 이/가 황제국의 제도를 운용하였음을 알 수 있습니다. 효의황후 묘지, 순목황"
78,10,cj_v41_1490,역사 자료의 분석 및 해석,역사 자료의 분석 및 해석,True,"이 그림은 우리 역사 속 충신, 효자, 열녀 등의 이야기가 담긴 동국신속삼강행실도에 수록되어 있다. 여기에는 후삼국 통일 과정에서 벌어진 이 전투 당시 위기에 빠진 왕건을 구하기 위해 싸우다가 전사한 장절공 신숭겸이 그려져 있다. 밑줄 그은 '이 전투' 이후에 전개된 사실로 옳은 것은?"
78,11,cj_v41_1491,역사 자료의 분석 및 해석,역사 자료의 분석 및 해석,True,"삼국 이전에는 아직 과거(科擧)의 법이 없었고, 고려의 태조L 먼저 학교를 세웠으나 과거로 인재를 뽑기에는 겨를이 없었다. ~이/가 쌍기의 의견을 받아들여 과거로써 관리를 선발하였다. 이로부터 문풍(文風)이 비로소 일어났다. 과거에는 제술• 명경 두 업(業)과 의업 •복업 •지리업 •율"
78,12,cj_v41_1492,역사 자료의 분석 및 해석,역사 자료의 분석 및 해석,True,"U 탐구 활동 계획서 0학년 0반 이름: 스△△ 1. 주제: 00 시대의 경제 활동 2. 방법: 문헌 조사, 인터넷 검색 등 3. 내용 - 사원 수공업의 발달 - 해동통보의 주조와 발행 - 다점, 주점 등 관영 상점의 운영 (끼 (가)에 들어갈 내용으로 가장 적절한 것은?  [키워드] "
78,13,cj_v41_1493,역사 자료의 분석 및 해석,역사 자료의 분석 및 해석,True,"-이/가 승세를 타고 정주의 선덕관성에 난입하여 죽이고 노략질한 것이 셀 수 없었다. 다시 윤관을 보내 임간을 대신하여 치게 하였는데, 또 패배하니 군의 기세가 진작되지 않았다. … 숙종이 노하여 천지신명에게 고하고 신령의 도움을 빌려 적경(賊境)을 소당할 것을 빌었다. 마침내 병사들을"
78,14,cj_v41_img_78_14,역사 자료의 분석 및 해석,역사 자료의 분석 및 해석,True,"이것은 청주 흥덕사에서 간행된 직지심체요절입니다. 백운 화상이 부처와 여러 고승의 가르침에서 중요한 내용을 뽑아 편찬한 책으로, 현존하는 금속 활자 인쇄본 중 가장 오래된 것입니다. (가) 국가의 문화유산으로 옳은 것은?  [키워드] 직지심체요절"
78,15,cj_v41_1494,역사 자료의 분석 및 해석,역사 자료의 분석 및 해석,True,오늘 수업 시간에 배운 이 국가의 지방 행정 제도에 대해 말해 볼까요? 5도와 양계를 두어 지방을 통치하였다요 4 향 부곡 소라고 불리는 특수 행정 구역이 존재하였다요. 밑줄 그은 '이 국가'에서 볼 수 있는 모습으로 가장 적절한 것은?  [키워드] 통치 제도 행정
78,16,cj_v41_1495,역사 자료의 분석 및 해석,연대기의 파악,False,역적 기철이 노책 • 권겸과 함께 반역을 꾸며 나라의 화근이 되었다. 기철 등은 황후의 인척으로 상국(上國)의 위엄을 빌려서 하늘에 닿을 듯한 기세를 얻자 임금을 위협하고 억제하였다. • 또한 일당 몇 명을 시켜 상국의 사신이라 속이고 조서를 가지고 있다고 사칭하면서 궁문까지 도달하여 
78,17,cj_v41_1496,역사 자료의 분석 및 해석,역사 자료의 분석 및 해석,True,"선종을 통합하려 하였다. 또한 송, 거란 등에서 수집한 불교 서적을 정리하여 교장(敎藏)을 간행하였다. 凸弓1 밑줄 그은 '인물'의 활동으로 옳은 것은? 오전 10:20 首 한국사 대화형 인공 지능 그림 속 인물에 대해 알려 주세요 ㉦ 문종의 넷째 아들로 11세에 출가한 고려의 승려이다"
78,18,cj_v41_1497,역사 자료의 분석 및 해석,역사 자료의 분석 및 해석,True,"주제: 인물로 본 문벌 사회의 동요 방법: 문헌 조사, 데이터베이스 활용 탐구 내용 인물명 인물 소개 인종과 중첩된 혼인 관계를 (가) 맺어 권력을 강화한 외척 풍수지리설을 내세워 천도를 (나) 주장한 승려 이의방을 제거하고 최고 入H入曰 o石丁 권력자에 등극한 무신 0학년 0반 이름:"
78,19,cj_v41_1498,역사 자료의 분석 및 해석,역사 자료의 분석 및 해석,True,"이곳은 영주시 순흥면에 있는 금성대군 신단이다. 금성대군은 사육신과 함께 (가)의 복위를 추진한 혐의로 순흥에 유배되었고, 이듬해 다시 지역 유생과 (가)의 복위를 모의하다가 발각되어 죽임을 당하였다. (가) 왕의 재위 시기에 있었던 사실로 옳은 것은?  [키워드] 진한 재위"
78,20,cj_v41_1499,역사 자료의 분석 및 해석,역사 자료의 분석 및 해석,True,이 그림은 (가) 소속 관리들의 모임인 금오계를 기록한 첩(帖)의 일부이다. 조옥(詔獄) 또는 금오(金吾)라고도 불린 신입 도사들은 금오계첩을 제작하고 면신례를 치른 후 선배 도사들과 나누어 가졌습니다. 쬐구츠시•- 24 스 1 금오계첩 (가) 기구에 대한 설명으로 옳은 것은?  [키워
78,21,cj_v41_1500,역사 자료의 분석 및 해석,역사 자료의 분석 및 해석,True,그가 중대한 일을 처리하고 대의(大義)를 결단함은 마치 강이 흘러가는 것과 같아서 조야(朝野)가 의지하고 중히 여겼다. 오랫동안 예조를 관장하여 사대교린을 자신의 소임으로 삼았다. • 그는 직접 일본에 건너가 무릇 산천•관제 •풍속 등을 두루 알아서 해동제국기를 지어 올렸다. 밑줄 그은
78,22,cj_v41_1501,역사 자료의 분석 및 해석,연대기의 파악,False,"지난 10월 5일에 적이 1만 명을 셋으로 나누어 곧바로 진주를 침범하였다. … 김시민이 직접 전투를 독려하였는데, 철환이 그의 이마를 맞추니 성안이 소란해졌습니다. 적이 북문을 5~6척이나 뚫고 그곳으로부터 들어오려고 할 때 이광악이 다시 여러 장수들을 독려하여 호발을 쏘고 돌을 던졌"
78,23,cj_v41_1502,연대기의 파악,연대기의 파악,True,"청의 차사 한거원이 도성에 들어왔다. 임금이 편전에서 접견할 적에 대신들 또한 입시(人侍)하였는데, 한거원이 예부의 외교 문서를 바쳤다. 문서에 이르기를, “조선에서 조총을 잘 쏘는 사람 1백 명을 선발하여, 회령부를 경유해 가서 청의 대장군에게 통솔을 받아 나선(羅禪)을 정벌하되, 3"
78,24,cj_v41_1503,역사 자료의 분석 및 해석,역사 자료의 분석 및 해석,True,문학으로 보는 한국사 배들을 부르니 빗살처럼 잇대 와서 원양처럼 떼 지어 비늘처럼 늘어섰네 처음엔 조각조각 하나셱 흩어져 있더니 점차 구슬을 꿴 것처럼 잇대어 붙었네 일흔 일곱의 온갖 꽃배 늘어서니 밀려오는 물결 그 아래에 삼삼하네 밑줄 그은 '왕'에 대한 설명으로 옳은 것은?  [키워
78,25,cj_v41_1504,역사 자료의 분석 및 해석,연대기의 파악,False,근래 전황(錢荒)이 매우 심합니다. 십전통보를 그리하도록 하라. 만들어 상평통보와 함끼I 유통시키면 관청과 민간 양쪽 모두 편리할 것이다. 4裊 다음 대화가 이루어진 시기의 경제 상황으로 적절하지 않은 것은?  [키워드] 상평통보 경제 관청
78,26,cj_v41_img_78_26,역사 자료의 분석 및 해석,역사 자료의 분석 및 해석,True,불이선란도  이 작품은 (가) 이/가 자신만의 서예 필법으로 글씨 쓰듯이 그린 것이다. 그림 속 글과 도장을 통해 그의 예술 세계와 소장자 변동 등을 확인 할 수 있다. (가) 은/는 혹독한 제주도 유배 시절을 견뎌내며 추사체 라는 독창적 서체를 남겼다. (가) 인물의 작품으로 옳은 것
78,27,cj_v41_1505,역사 자료의 분석 및 해석,연대기의 파악,False,향전은 통렬히 금해야 할 일이다. • 그들이 향임의 권한을 빙자하여 함부로 날뛰는 조짐이 없었다면 해당 수령이 어찌 이와 같이 처결하였겠는가. 해당 군현 유생을 거듭 타일러서 각각 구습을 통렬히 혁파하고 기필코 화합하게 하라. 이와 같이 하교한 뒤에도 구향과 신향을 막론하고 본음 유생의
78,28,cj_v41_1506,역사 자료의 분석 및 해석,역사 자료의 분석 및 해석,True,"가) 체결 이후 변화한 개항장 부산의 모습이 담겨 있다. 0 (가) 조약에 대한 설명으로 옳은 것은? 이달의 소장 유물 해은일록 이 책은 부산에서 감리서 서기 등으로 일했던 민건호의 일기이다. 감리서는 개항장의 행정과 대외 관계 사무를 관장하는 기구로, 운요호 사건을 빌미로 ~이/가 체"
78,29,cj_v41_1507,역사 자료의 분석 및 해석,역사 자료의 분석 및 해석,True,0 개관: 김옥균을 비롯한 급진 개화파가 주도하여 일으킨 사건의 현장을 걷는 일정이다. 경로: 우정총국 - 일본 공사관 터 - 경우궁 터 - 창덕궁 관물현 창덕궁 관물현 경우궁 터 일본 공사관 터 우정총국 (가) 사건에 대한 설명으로 옳은 것은? 답사 안내문 十 주제: 현장을 찾아서 十
78,30,cj_v41_1508,역사 자료의 분석 및 해석,역사 자료의 분석 및 해석,True,"Ⅹ 1 2 3 4 5 제 목 동문학, 1 모둠 2모둠 - 원산 학사 3모둠 - 이화 학당, 4모둠- 오산 학교 5모둠 - 한성 사범 학교 첨부파일 (가) (나) (다) (라) (마) (가)~(마)에 들어갈 내용으로 가장 적절한 것은?  [키워드] 문학"
78,31,cj_v41_1509,역사 자료의 분석 및 해석,역사 탐구의 설계 및 수행,False,"오는 7월 1일부터 경성 화폐교환소에서 구 백동화 교환 사무를 시작하니, 혼잡을 예방하고 서로의 편의를 도모하기 위하여 청원 방법을 다음과 같이 정하였다. 교흰을 청구하고자 하는 자는 이 뜻을 준수하도록 한다. 광무 9년 6월 29일 탁지부 대신 제1항 구 백동화 교흰을 청구하고자 하는"
78,32,cj_v41_1510,역사 자료의 분석 및 해석,역사 지식의 이해,False,"지난달 일본군이 경복궁을 침범하였으며, 임금7게서 욕을 당하셨다. • 일본군이 바야흐로 청군과 서로 대적하여 짜는데, 매우 날래고 민첩하다. 지금 만약 [우리가] 섣불리 맞서 싸우게 되면 그 호는 예측할 수 없어서 종사에 미칠 수 있을 듯하다. 시세를 본 후에 기운을 북돋아 주어서 계획"
78,33,cj_v41_1511,역사 자료의 분석 및 해석,역사 자료의 분석 및 해석,True,"이인영이 3진(陣)의 장수로서 전국에 격문을 띄워 의병을 모집하였다. … 허위와 이강년의 부대를 포함하여 총 48개 진, 약 1만 명에 달하는 병력을 갖추게 되었다. 이에 허위를 군사장 으로 삼고 … 서울에 들어가고자 하였다. 다음 상황의 배경으로 가장 적절한 것은?  [키워드] 병력 "
78,34,cj_v41_1512,역사 자료의 분석 및 해석,역사 자료의 분석 및 해석,True,베델과 양기탁이 함께 창간한 신문에 대해 말해 영국인이 발행인이라 그렇기 때문에 일제의 상대 적으로 일제의 침략상을 상세히 보도할 보자. 밑줄 그은 '신문'에 대한 설명으로 옳은 것은?  [키워드] 의상 일제
78,35,cj_v41_1513,역사 자료의 분석 및 해석,역사 탐구의 설계 및 수행,False,")( 이용안내 북미 시대 현대 권역 통합검색 ⅴ 북미 시대 ~ 메모리얼 인터체인지 2002년 미주 한인 이민 100주년을 맞아 LA 코리아타운 인근 고속 도로 인터체인지에 붙여진 이름이다. 한국, 중국, 미국 등을 오가며 독립운동에 헌신한 -은/는 샌프란시스코에서 공립 협회, 흥사단 등"
78,36,cj_v41_1514,역사 자료의 분석 및 해석,연대기의 파악,False,"일제가 임시 토지 조사국을 설치하고 토지 조사 사업을 시행하던 시기에 작성된 지적원도, 토지 조사부 등을 공개하는 온라인 서비스가 시작됩니다. 토지 조사부는 당시의 지번, 지목, 소유자 주소 및 성명 등이 기재된 문서로 조상 땅 찾기, 학술 연구 등에 적극 활용될 것으로 기대됩니다. 토"
78,37,cj_v41_1515,역사 자료의 분석 및 해석,역사 자료의 분석 및 해석,True,"피고 서태석은 전라남도 무안군 암태면의 지주 가운데 특히 문재철의 부친이자 그 토지 관리자인 문태현이 고율의 소작료를 징수하는 데 분개하였다. 이에 피고 서창석과 공모하여 불평 소작인들을 규합해 2년 전 암태소작인회라는 것을 조직하고 소작료를 논 4할, 밭 3할로 저감하게 할 것, 그 "
78,38,cj_v41_1516,역사 자료의 분석 및 해석,역사 자료의 분석 및 해석,True,"제스스호 0000년 00월 00일 만세를 외치기까지의 경과 지난 6일에 모종의 계획이 발각된 이후, 이선호는 수 명의 동지를 규합하여 격문을 인쇄한 후 먼저 각 학교에 뿌려 학생들에게 독립운동의 기분을 고취하고자 하였다. 그러던 중 이선호는 경성 제국 대학의 이천진, 연희 전문 학교의 "
78,39,cj_v41_1517,역사 자료의 분석 및 해석,역사 탐구의 설계 및 수행,False,"백정 계급의 주위를 포위하고 이를 압박하는 계급은 결코 양반 계급의 그것뿐이 아니요. [백정 계급은] 중인 계급에게도 능욕과 천대를 받는 것이며, 오늘날 사회 제도의 결함으로부터 발생된 모든 계급(민족적 우월 계급, 경제적 우월 계급)에게 압박과 착취를 당하는 자이다. 한과 원망이 가슴"
78,40,cj_v41_1518,역사 자료의 분석 및 해석,연대기의 파악,False,"가장 경제적이요, 활동적인 국민 표준복과 청년단복의 구매는 조선 총독부 교화 단체 연합회 및 국민 정신 총동원 조선 연맹이 지정한 화신 (주며言)으로! 이것은 국민 표준복과 청년단복을 홍보하는 광고이다. 일제는 국가 총동원법 제정 이후 침략 전쟁을 확대하던 이 시기에 전시 생활 체제를 "
78,41,cj_v41_1519,역사 자료의 분석 및 해석,역사 탐구의 설계 및 수행,False,이것은 이극로가 1928년 소르본 대학에서 조선의 문자와 말소리 등에 대해 녹음하고 작성한 기록 카드이다. 이때 녹음된 음성을 통해 100여 년 전 한국어 발음과 표현을 확인할 수 있다. 이극로는 이듬해 고국으로 돌아와 조선어 학회의 전신인 (가) 에 가입하고 한글 수호 운동을 이어 나
78,42,cj_v41_1520,역사 자료의 분석 및 해석,역사 자료의 분석 및 해석,True,"이것은 -이/가 3•1 운동 20주년을 기넘하여 장작한 연극 「조선의 여아(女兒)」의 공연 사진이다. ~은/는 김원봉의 주도로 중국 우한(武漢)에서 결성된 한인 부대로, 다양한 선전 활동을 전개하였으며 연극은 그 핵심 수단 중 하나였다. 일제의 압박과 착취에 신음하는 우리 민족의 고통과"
78,43,cj_v41_1521,역사 자료의 분석 및 해석,역사 자료의 분석 및 해석,True,"이것은 경성 미쓰코시 백화점의 신관 개점을 알리는 광고이다 당시 개점한 미쓰코시 백화점은 지하 1층부터 지상 4층까지 각종 매장을 두고, 그 위로는 옥상 정원과 갤러리, 전망대를 갖춘 문화 공간이었습니다. 이처럼 일제 강점기에는 백화점 등 근대적 소비 • 문화 시설이 들어서면서 도시를 "
78,44,cj_v41_1522,역사 자료의 분석 및 해석,역사 자료의 분석 및 해석,True,노래에 담긴 한국사 총선거의 노래 (1절) 이해의 국민 경사는 자유의 총선거 날로 국민은 새 결심으로 다 같이 투표합시다. 세계의 참된 평화는 조선의 독립이라오. 평화를 희망하는 이 나와서 투표합시다. (2절) 선거는 국민 경사며 투표는 남녀의 동권(同權) 국민은 총신(總進)하여서 다 
78,45,cj_v41_1523,역사 자료의 분석 및 해석,역사 자료의 분석 및 해석,True,제 뒤로 보이는 장사 상륙 작전 전승 기념관은 작전 당시에 투입된 문산호를 재현하여 바다 위에 건립되었다. 이 전쟁 중 국군과 유엔군은 동해안 장사리에 상륙 작전을 전개하여 북한군을 교란하고 전력을 분•'한시궀 고자 했다. ! 41구.긾 밑줄 그은 '이 전쟁' 중에 있었던 사실로 옳은 
78,46,cj_v41_1524,역사 자료의 분석 및 해석,역사 자료의 분석 및 해석,True,참여마당 (가) 민주묘지 侖 온라인추모 온라인추모 소개 개인묘역별참배 하늘편지 이용안내 하늘편지 온라인추모 하늘편지 알림마당 독재와 3 • 15 부정 선거에 맞서 민주주의를 지켜낸 민주 영령께 추모의 글을 남기는 공간이다. 김주열 민주 열사에게 드리는 하늘편지 불의에 항거한 용기와 민주
78,47,cj_v41_1525,역사 자료의 분석 및 해석,역사 자료의 분석 및 해석,True,이것은 ~ 정부 당시 건설부 등이 경부 고속 도로 전 구간 개통일에 게재한 신문 광고이다 '뻗어가는 국력을 상징하며 조국의 石침부를 힘차게 달린다l'라는 문구가 적혀 있다 경부 고속 도로 전 구간 개통일인 7월 7일은 현재 도로의 날로 지정되어 있다. 서울 • 부 산간 고속도 로 개 들
78,48,cj_v41_1526,역사 자료의 분석 및 해석,역사 자료의 분석 및 해석,True,"대통령이 개헌은 불가능하다며 현행 헌법에 따라 정부를 이양 하겠다고 발표하였군. 평화적인 정부 이양과 서울 올림픽 대회의 성공적 개최를 명분으로 내세웠지만, 결국 시민들의 기대를 외면한 것 같네. 밑줄 그은 '현행 헌법과 대한 설명으로 옳은 것은?  [키워드] 공적"
78,49,cj_v41_1527,역사 자료의 분석 및 해석,역사 자료의 분석 및 해석,True,"지난해 9•11 테러 이후 전 세계가 불안에 휩싸였지만, 한반도에서는 안정이 유지되었다. 이산가족의 상봉과 금강산관광, 민간의 교류 확대가 이루어졌습니다. … 그리고 정부는 그러한 노력을 햇볕 정책의 이름으로 실천해 온 것이다. 한반도의 평화와 안정이 있었기에 외국인 투자도 들어오고, "
78,50,cj_v41_1528,역사 자료의 분석 및 해석,역사 자료의 분석 및 해석,True,범어사와 불교문화 [제2강] 동래성 전투와 임진왜란 [제3강] 초랑 왜관과 일본과의 무역 [제4강] 안희제의 백산 상회와 독립운동 일시: 2026년 5월 매주 금요일 16시 • 장소: 00 기념관 주관: △△ 사학회 다음 지역에서 있었던 사실로 옳은 것은?  [키워드] 임진왜란 독립운동
