rank,term_id,topic,source_era,pdf_hit_total,pdf_source_count,pdf_score,hits_에듀윌_한국사능력검정시험_빈출개념요약집_저작권_에듀윌_,hits_벼락치기_한능검_2026_심화_필수개념_노트,hits_한능검_심화1급_정리최종,hits_최태성_별별한국사_필기_공유용,topic_type,neo4j_entity_types,neo4j_themes,neo4j_eras,keyword_source,normalized_era,source_field
1,tg_001_0080,국사,삼국 시대,39,4,119,8,21,2,8,문헌,,,통시대|삼국시대|고려시대-조선시대,pdf_textbook_term,삼국,
2,tg_003_0140,노비,조선 시대,34,4,114,16,2,6,10,기타,,,통시대,pdf_textbook_term,조선,
3,tg_003_1820,사상,조선 시대,27,4,107,12,3,2,10,문헌,,,일제시기|통시대|조선시대|남북국시대,pdf_textbook_term,조선,
4,tg_003_0080,여진,조선 시대,27,4,107,17,2,2,6,기타,,,고려시대-조선시대,pdf_textbook_term,조선,
5,tg_003_1880,서원,조선 시대,26,4,106,10,4,1,11,기타,,,조선시대,pdf_textbook_term,조선,
6,tg_003_1400,의병,조선 시대,21,4,101,7,1,3,10,기타,,,통시대,pdf_textbook_term,조선,
7,tg_002_1100,서경,고려 시대,19,4,99,7,1,3,8,장소,,,고려시대|고려시대-조선시대|고대,pdf_textbook_term,고려,
8,tg_001_0320,진흥왕,삼국 시대,17,4,97,4,3,3,7,인물,,,삼국시대,pdf_textbook_term,삼국,
9,tg_002_0370,삼별초,고려 시대,14,4,94,8,2,2,2,기타,,,고려시대,pdf_textbook_term,고려,
10,tg_003_0290,상민,조선 시대,14,4,94,6,2,2,4,기타,,,조선시대,pdf_textbook_term,조선,
11,tg_003_1290,역법,고려 시대,13,4,93,6,2,1,4,기타,,,통시대,pdf_textbook_term,고려,
12,tg_003_0490,의정부,조선 시대,12,4,92,2,1,2,7,기타,,,조선시대|개항기|대한제국기,pdf_textbook_term,조선,
13,tg_003_1690,유상,조선 시대,11,4,91,2,2,3,4,인물,,,조선후기,pdf_textbook_term,조선,
14,tg_003_0420,양반,조선 시대,31,3,91,18,1,0,12,기타,,,고려시대-조선시대,pdf_textbook_term,조선,
15,tg_004_2080,독립신문,근대,10,4,90,4,1,3,2,기타,,,근대|일제시기,pdf_textbook_term,개항기,
16,tg_003_1060,반정,조선 시대,10,4,90,2,1,2,5,사건,,,고려시대-조선시대|조선시대,pdf_textbook_term,조선,
17,tg_003_0270,사직,조선 시대,10,4,90,5,1,1,3,기타,,,삼국시대-조선시대|남북국시대|조선시대|조선전기|고려시대,pdf_textbook_term,조선,
18,tg_003_1340,왜구,조선 시대,10,4,90,7,1,1,1,기타,,,통시대,pdf_textbook_term,조선,
19,tg_003_1600,공인,조선 시대,9,4,89,3,2,2,2,단체,,,조선후기|조선시대,pdf_textbook_term,조선,
20,tg_003_1700,대동법,조선 시대,9,4,89,2,2,1,4,제도,,,조선후기,pdf_textbook_term,조선,
21,tg_003_0330,서얼,조선 시대,9,4,89,4,1,2,2,기타,,,통시대,pdf_textbook_term,조선,
22,tg_001_0070,율령,삼국 시대,9,4,89,3,2,1,3,기타,,,,pdf_textbook_term,삼국,
23,tg_002_0060,팔만대장경,고려 시대,9,4,89,4,1,1,3,문화재,,,조선후기|고려후기,pdf_textbook_term,고려,
24,tg_001_0630,녹읍,삼국 시대,8,4,88,2,1,2,3,제도,,,삼국시대-고려시대,pdf_textbook_term,삼국,
25,tg_001_0100,서기,삼국 시대,8,4,88,2,1,1,4,인물,,,조선전기|삼국시대,pdf_textbook_term,삼국,
26,tg_004_1160,통감,근대,8,4,88,2,1,2,3,기타,,,대한제국기,pdf_textbook_term,개항기,
27,tg_003_2980,환국,조선 시대,8,4,88,1,1,5,1,사건,,,통시대,pdf_textbook_term,조선,
28,tg_003_0100,과전법,조선 시대,7,4,87,1,1,1,4,제도,,,고려후기-조선전기,pdf_textbook_term,조선,
29,tg_001_0580,관료전,통일 신라와 발해,7,4,87,2,1,1,3,제도,,,남북국시대,pdf_textbook_term,남북국,
30,tg_003_0990,동국여지승람,조선 시대,7,4,87,3,1,1,2,문헌,,,조선전기,pdf_textbook_term,조선,
31,tg_001_0960,화랑도,삼국 시대,7,4,87,2,1,1,3,단체,,,고대|일제시기,pdf_textbook_term,삼국,
32,tg_001_0260,황룡사,삼국 시대,7,4,87,1,1,1,4,기타,,,,pdf_textbook_term,삼국,
33,tg_003_1630,균역법,조선 시대,6,4,86,1,2,1,2,기타,,,조선후기,pdf_textbook_term,조선,
34,tg_003_0230,백정,조선 시대,6,4,86,1,1,1,3,기타,,,조선시대,pdf_textbook_term,조선,
35,tg_003_1800,보부상,조선 시대,6,4,86,1,1,1,3,단체,,,삼국시대-조선시대,pdf_textbook_term,조선,
36,tg_003_1930,속대전,조선 시대,6,4,86,1,1,3,1,문헌,,,조선후기,pdf_textbook_term,조선,
37,tg_003_2800,장용영,조선 시대,6,4,86,2,1,2,1,기타,,,조선후기,pdf_textbook_term,조선,
38,tg_001_0570,골품제,삼국 시대,5,4,85,2,1,1,1,기타,,,,pdf_textbook_term,삼국,
39,tg_004_1860,매일신보,근대,5,4,85,1,1,1,2,기타,,,일제시기,pdf_textbook_term,개항기,
40,tg_002_1090,벽란도,고려 시대,5,4,85,2,1,1,1,장소,,,고려시대,pdf_textbook_term,고려,
41,tg_002_0360,별무반,고려 시대,5,4,85,1,2,1,1,기타,,,고려시대,pdf_textbook_term,고려,
42,tg_002_0090,삼국유사,고려 시대,5,4,85,2,1,1,1,문헌,,,고려후기,pdf_textbook_term,고려,
43,tg_001_0720,상대등,삼국 시대,5,4,85,1,1,1,2,기타,,,고대,pdf_textbook_term,삼국,
44,tg_002_0350,노비안검법,고려 시대,4,4,84,1,1,1,1,기타,,,고려전기,pdf_textbook_term,고려,
45,tg_003_2410,대전통편,조선 시대,4,4,84,1,1,1,1,문헌,,,조선후기,pdf_textbook_term,조선,
46,tg_001_0670,독서삼품과,통일 신라와 발해,4,4,84,1,1,1,1,기타,,,남북국시대,pdf_textbook_term,남북국,
47,tg_003_1020,묘호,고려 시대,4,4,84,1,1,1,1,기타,,,통시대,pdf_textbook_term,고려,
48,tg_001_0020,민며느리제,삼국 이전,4,4,84,1,1,1,1,기타,,,통시대,pdf_textbook_term,선사·초기국가,
49,tg_002_0660,사심관,고려 시대,4,4,84,1,1,1,1,기타,,,고려시대,pdf_textbook_term,고려,
50,tg_002_0080,삼국사기,고려 시대,4,4,84,1,1,1,1,문헌,,,고려전기,pdf_textbook_term,고려,
51,tg_003_2580,삼전도,조선 시대,4,4,84,1,1,1,1,장소,,,조선시대,pdf_textbook_term,조선,
52,tg_001_0040,서옥제,삼국 이전,4,4,84,1,1,1,1,기타,,,삼국시대,pdf_textbook_term,선사·초기국가,
53,tg_004_0620,영선사,근대,4,4,84,1,1,1,1,기타,,,근대,pdf_textbook_term,개항기,
54,tg_004_0880,정미의병,근대,4,4,84,1,1,1,1,기타,,,근대,pdf_textbook_term,개항기,
55,tg_001_0930,책화,삼국 이전,4,4,84,1,1,1,1,제도,,,고대,pdf_textbook_term,선사·초기국가,
56,tg_001_0950,태학,삼국 시대,4,4,84,1,1,1,1,기타,,,삼국시대|고려시대,pdf_textbook_term,삼국,
57,tg_003_0020,6조,조선 시대,15,3,75,6,0,4,5,기타,,,고려후기|삼국시대|고려시대-조선시대,pdf_textbook_term,조선,
58,tg_002_0950,향리,고려 시대,12,3,72,3,0,4,5,기타,,,조선시대|고려시대,pdf_textbook_term,고려,
59,tg_003_1210,성리학,고려 시대,11,3,71,3,1,0,7,사상·종교,,,통시대,pdf_textbook_term,고려,
60,tg_002_1070,개경,고려 시대,10,3,70,5,1,0,4,장소,,,고려후기|고려시대,pdf_textbook_term,고려,
61,tg_001_0830,정전,통일 신라와 발해,10,3,70,2,1,0,7,제도,,,조선시대|남북국시대|통시대,pdf_textbook_term,남북국,
62,tg_003_0700,향약,조선 시대,10,3,70,0,2,1,7,단체,,,통시대|조선시대,pdf_textbook_term,조선,
63,tg_001_0440,5부,삼국 시대,9,3,69,3,0,2,4,기타,,,조선시대|삼국시대|고려시대,pdf_textbook_term,삼국,
64,tg_002_0860,전시과,고려 시대,9,3,69,0,2,1,6,기타,,,,pdf_textbook_term,고려,
65,tg_003_0780,4군,조선 시대,8,3,68,5,0,1,2,기타,,,조선전기,pdf_textbook_term,조선,
66,tg_003_2320,규장각,조선 시대,8,3,68,4,2,0,2,기타,,,근대,pdf_textbook_term,조선,
67,tg_003_1110,비변사,조선 시대,8,3,68,0,1,1,6,기타,,,조선시대,pdf_textbook_term,조선,
68,tg_003_0610,중인,조선 시대,8,3,68,2,1,0,5,기타,,,고려시대-조선시대,pdf_textbook_term,조선,
69,tg_003_0340,서인,조선 시대,7,3,67,1,0,1,5,단체,,,조선시대,pdf_textbook_term,조선,
70,tg_004_0720,을미개혁,근대,7,3,67,1,0,1,5,사건,,,개항기,pdf_textbook_term,개항기,
71,tg_004_2360,조광,근대,7,3,67,0,2,2,3,인물,,,고려전기|일제시기,pdf_textbook_term,개항기,
72,tg_002_0900,중추원,고려 시대,7,3,67,0,1,2,4,기타,,,고려전기|일제시기|조선전기|근대,pdf_textbook_term,고려,
73,tg_003_1480,통신사,조선 시대,7,3,67,4,0,1,2,기타,,,근대-현대|근대,pdf_textbook_term,조선,
74,tg_001_0680,마립간,삼국 시대,6,3,66,1,0,4,1,기타,,,삼국시대,pdf_textbook_term,삼국,
75,tg_003_1830,사창,조선 시대,6,3,66,0,3,1,2,기타,,,통시대|조선시대|고려전기|남북국시대|근대-현대,pdf_textbook_term,조선,
76,tg_002_0700,성균관,고려 시대,6,3,66,3,0,1,2,기타,,,조선시대|고려후기,pdf_textbook_term,고려,
77,tg_003_0380,수조권,조선 시대,6,3,66,2,0,1,3,제도,,,고려시대-조선시대,pdf_textbook_term,조선,
78,tg_003_0630,직전법,조선 시대,6,3,66,0,2,2,2,제도,,,조선전기,pdf_textbook_term,조선,
79,tg_002_0240,천리장성,고려 시대,6,3,66,2,0,1,3,기타,,,삼국시대|고려시대,pdf_textbook_term,고려,
80,tg_003_0760,3사,조선 시대,5,3,65,1,0,2,2,기타,,,조선시대|고려시대|통시대|고대,pdf_textbook_term,조선,
81,tg_001_0500,8조법,삼국 이전,5,3,65,3,0,1,1,기타,,,,pdf_textbook_term,선사·초기국가,
82,tg_003_0820,간쟁,고려 시대,5,3,65,1,0,2,2,제도,,,고려시대-조선시대,pdf_textbook_term,고려,
83,tg_003_0090,공장,조선 시대,5,3,65,3,0,1,1,기타,,,삼국시대-조선시대,pdf_textbook_term,조선,
84,tg_004_0190,기기창,근대,5,3,65,2,0,2,1,기타,,,개항기,pdf_textbook_term,개항기,
85,tg_004_0370,박문국,근대,5,3,65,1,0,2,2,기타,,,개항기,pdf_textbook_term,개항기,
86,tg_003_2510,발해고,조선 시대,5,3,65,2,0,1,2,문헌,,,대한제국기|조선후기,pdf_textbook_term,조선,
87,tg_003_2590,서학,조선 시대,5,3,65,3,0,1,1,사상·종교,,,고려시대|조선후기,pdf_textbook_term,조선,
88,tg_001_0300,설총,삼국 시대,5,3,65,0,1,1,3,인물,,,남북국시대,pdf_textbook_term,삼국,
89,tg_003_1710,송상,조선 시대,5,3,65,2,1,0,2,단체,,,고려시대-조선시대,pdf_textbook_term,조선,
90,tg_004_2350,어린이,근대,5,3,65,2,0,2,1,문헌,,,일제시기,pdf_textbook_term,개항기,
91,tg_003_0510,의창,고려 시대,5,3,65,0,1,1,3,기타,,,고려시대-조선시대,pdf_textbook_term,고려,
92,tg_002_0380,정방,고려 시대,5,3,65,0,1,2,2,기타,,,통시대|고려후기,pdf_textbook_term,고려,
93,tg_003_0680,향교,조선 시대,5,3,65,1,0,2,2,기타,,,고려시대-조선시대,pdf_textbook_term,조선,
94,tg_004_1470,황성신문,근대,5,3,65,2,0,1,2,기타,,,근대,pdf_textbook_term,개항기,
95,tg_002_0400,12목,고려 시대,4,3,64,1,0,1,2,기타,,,고려전기,pdf_textbook_term,고려,
96,tg_001_0380,15부,통일 신라와 발해,4,3,64,1,0,1,2,기타,,,남북국시대,pdf_textbook_term,남북국,
97,tg_002_0200,건원중보,고려 시대,4,3,64,2,1,1,0,기타,,,고려시대,pdf_textbook_term,고려,
98,tg_003_0920,관찰사,조선 시대,4,3,64,1,0,1,2,기타,,,근세-근대,pdf_textbook_term,조선,
99,tg_003_2340,기유약조,조선 시대,4,3,64,0,1,2,1,기타,,,조선후기,pdf_textbook_term,조선,
100,tg_003_1760,내상,조선 시대,4,3,64,1,0,1,2,단체,,,조선시대,pdf_textbook_term,조선,
101,tg_003_1000,동국통감,조선 시대,4,3,64,2,0,1,1,문헌,,,조선전기,pdf_textbook_term,조선,
102,tg_004_0380,방곡령,근대,4,3,64,0,1,1,2,제도,,,개항기,pdf_textbook_term,개항기,
103,tg_004_0510,수신사,근대,4,3,64,1,0,1,2,기타,,,개항기,pdf_textbook_term,개항기,
104,tg_002_0720,승과,고려 시대,4,3,64,1,1,0,2,기타,,,고려시대-조선시대,pdf_textbook_term,고려,
105,tg_003_1260,승정원,조선 시대,4,3,64,2,0,1,1,기타,,,조선시대,pdf_textbook_term,조선,
106,tg_002_0750,쌍성총관부,고려 시대,4,3,64,2,1,0,1,기타,,,고려후기,pdf_textbook_term,고려,
107,tg_002_0790,양현고,고려 시대,4,3,64,0,1,2,1,단체,,,고려시대|조선시대,pdf_textbook_term,고려,
108,tg_003_2030,영정법,조선 시대,4,3,64,0,2,1,1,기타,,,조선후기,pdf_textbook_term,조선,
109,tg_003_1370,유향소,조선 시대,4,3,64,1,0,1,2,단체,,,조선전기,pdf_textbook_term,조선,
110,tg_002_0250,이규보,고려 시대,4,3,64,0,1,1,2,인물,,,고려후기,pdf_textbook_term,고려,
111,tg_001_0900,진대법,삼국 시대,4,3,64,2,0,1,1,기타,,,삼국시대,pdf_textbook_term,삼국,
112,tg_003_0650,춘추관,고려 시대,4,3,64,1,0,1,2,기타,,,조선시대|고려시대,pdf_textbook_term,고려,
113,tg_002_1120,팔관회,고려 시대,4,3,64,2,0,1,1,기타,,,고대-고려시대,pdf_textbook_term,고려,
114,tg_003_0720,현량과,조선 시대,4,3,64,0,1,1,2,기타,,,조선전기,pdf_textbook_term,조선,
115,tg_001_0350,화왕계,통일 신라와 발해,4,3,64,0,1,1,2,기타,,,남북국시대,pdf_textbook_term,남북국,
116,tg_003_2220,훈련도감,조선 시대,4,3,64,0,1,1,2,기타,,,조선후기,pdf_textbook_term,조선,
117,tg_001_0410,22담로,삼국 시대,3,3,63,1,0,1,1,기타,,,삼국시대,pdf_textbook_term,삼국,
118,tg_003_0840,갑자사화,조선 시대,3,3,63,0,1,1,1,사건,,,조선전기,pdf_textbook_term,조선,
119,tg_003_0890,계해약조,조선 시대,3,3,63,0,1,1,1,기타,,,조선전기,pdf_textbook_term,조선,
120,tg_002_0520,광군,고려 시대,3,3,63,0,1,1,1,기타,,,고려전기,pdf_textbook_term,고려,
121,tg_001_0990,국내성,삼국 시대,3,3,63,1,0,1,1,기타,,,,pdf_textbook_term,삼국,
122,tg_003_0940,기묘사화,조선 시대,3,3,63,0,1,1,1,사건,,,조선전기,pdf_textbook_term,조선,
123,tg_001_0620,내성,삼국 시대,3,3,63,1,0,1,1,기타,,,고대|통시대|고대-조선시대,pdf_textbook_term,삼국,
124,tg_001_0290,도선,통일 신라와 발해,3,3,63,1,1,0,1,인물,,,조선시대|남북국시대,pdf_textbook_term,남북국,
125,tg_002_0180,돈오점수,고려 시대,3,3,63,0,1,1,1,사상·종교,,,통시대,pdf_textbook_term,고려,
126,tg_002_0290,동명왕편,고려 시대,3,3,63,1,1,1,0,기타,,,고려후기,pdf_textbook_term,고려,
127,tg_003_1030,무오사화,조선 시대,3,3,63,0,1,1,1,사건,,,조선전기,pdf_textbook_term,조선,
128,tg_003_1860,삼정이정청,조선 시대,3,3,63,0,1,1,1,기타,,,조선후기,pdf_textbook_term,조선,
129,tg_002_1140,수선사,고려 시대,3,3,63,0,1,1,1,사건,,,고려후기,pdf_textbook_term,고려,
130,tg_004_0850,전환국,근대,3,3,63,1,0,1,1,단체,,,근대,pdf_textbook_term,개항기,
131,tg_002_0110,제왕운기,고려 시대,3,3,63,1,1,0,1,문헌,,,고려후기,pdf_textbook_term,고려,
132,tg_003_1430,조선경국전,조선 시대,3,3,63,0,1,1,1,문헌,,,조선전기,pdf_textbook_term,조선,
133,tg_001_0240,천마총,삼국 시대,3,3,63,1,0,1,1,기타,,,삼국시대,pdf_textbook_term,삼국,
134,tg_003_2890,초계문신제,조선 시대,3,3,63,0,1,1,1,사상·종교,,,조선시대,pdf_textbook_term,조선,
135,tg_002_0140,해동고승전,고려 시대,3,3,63,0,1,1,1,문헌,,,고려후기,pdf_textbook_term,고려,
136,tg_002_0960,혜민국,고려 시대,3,3,63,0,1,1,1,기타,,,고려시대,pdf_textbook_term,고려,
137,tg_001_0330,흑치상지,삼국 시대,3,3,63,1,1,1,0,인물,,,삼국시대,pdf_textbook_term,삼국,
138,tg_003_0430,양인,조선 시대,9,2,49,6,0,0,3,기타,,,,pdf_textbook_term,조선,
139,tg_003_0810,간의,조선 시대,8,2,48,7,0,1,0,기타,,,조선시대,pdf_textbook_term,조선,
140,tg_001_0470,6부,삼국 시대,7,2,47,0,0,2,5,기타,,,고려후기|남북국시대|삼국시대,pdf_textbook_term,삼국,
141,tg_001_0880,중시,삼국 시대,7,2,47,5,0,2,0,기타,,,조선시대|고대|고려시대,pdf_textbook_term,삼국,
142,tg_003_0800,6진,조선 시대,6,2,46,5,0,0,1,기타,,,조선전기,pdf_textbook_term,조선,
143,tg_003_0060,공납,조선 시대,6,2,46,0,0,2,4,제도,,,남북국시대-조선시대,pdf_textbook_term,조선,
144,tg_002_1130,연등회,고려 시대,6,2,46,4,0,0,2,사건,,,고려시대,pdf_textbook_term,고려,
145,tg_003_1140,사림,조선 시대,5,2,45,0,1,0,4,단체,,,고려후기-조선시대,pdf_textbook_term,조선,
146,tg_003_0580,종묘,조선 시대,5,2,45,3,0,0,2,문화재,,,조선전기,pdf_textbook_term,조선,
147,tg_002_1050,9성,고려 시대,4,2,44,3,0,1,0,기타,,,고려전기|통시대,pdf_textbook_term,고려,
148,tg_003_0860,경연,조선 시대,4,2,44,0,0,2,2,기타,,,고려시대-조선시대,pdf_textbook_term,조선,
149,tg_001_0600,국학,삼국 시대,4,2,44,1,0,0,3,기타,,,남북국시대|일제시기-현대|고려후기,pdf_textbook_term,삼국,
150,tg_003_0130,군역,조선 시대,4,2,44,0,1,0,3,제도,,,통시대,pdf_textbook_term,조선,
151,tg_004_1690,권업회,근대,4,2,44,0,0,3,1,기타,,,,pdf_textbook_term,개항기,
152,tg_003_1660,난전,조선 시대,4,2,44,0,1,0,3,기타,,,조선시대,pdf_textbook_term,조선,
153,tg_001_0280,단군왕검,삼국 이전,4,2,44,3,1,0,0,인물,,,고대,pdf_textbook_term,선사·초기국가,
154,tg_003_2930,시사,조선 시대,4,2,44,0,1,0,3,단체,,,고려시대|고려시대-조선시대|조선시대|통시대,pdf_textbook_term,조선,
155,tg_003_0930,국조오례의,조선 시대,3,2,43,0,1,0,2,문헌,,,조선전기,pdf_textbook_term,조선,
156,tg_003_2370,납속,조선 시대,3,2,43,0,1,0,2,기타,,,조선시대,pdf_textbook_term,조선,
157,tg_003_1720,덕대,조선 시대,3,2,43,0,1,0,2,기타,,,조선후기,pdf_textbook_term,조선,
158,tg_002_0440,도호부,고려 시대,3,2,43,0,2,0,1,기타,,,조선시대|고려시대,pdf_textbook_term,고려,
159,tg_003_1770,만상,조선 시대,3,2,43,2,0,0,1,단체,,,조선후기,pdf_textbook_term,조선,
160,tg_003_2490,목민심서,조선 시대,3,2,43,2,0,0,1,문헌,,,조선후기,pdf_textbook_term,조선,
161,tg_001_0090,무구정광대다라니경,통일 신라와 발해,3,2,43,0,1,0,2,문화재,,,남북국시대,pdf_textbook_term,남북국,
162,tg_003_0220,방납,조선 시대,3,2,43,0,1,0,2,제도,,,조선시대,pdf_textbook_term,조선,
163,tg_002_0640,병마사,고려 시대,3,2,43,0,0,1,2,기타,,,고려시대,pdf_textbook_term,고려,
164,tg_001_0700,빈공과,통일 신라와 발해,3,2,43,0,0,1,2,기타,,,고대-근세,pdf_textbook_term,남북국,
165,tg_003_1160,사병,고려 시대,3,2,43,2,0,0,1,기타,,,통시대|고려전기|남북국시대,pdf_textbook_term,고려,
166,tg_003_0300,상소,조선 시대,3,2,43,0,0,2,1,제도,,,고려시대-조선시대,pdf_textbook_term,조선,
167,tg_002_0690,상평창,고려 시대,3,2,43,0,0,1,2,단체,,,고려시대-조선시대,pdf_textbook_term,고려,
168,tg_003_1200,서경권,고려 시대,3,2,43,0,0,2,1,기타,,,고려시대,pdf_textbook_term,고려,
169,tg_003_2600,성호사설,조선 시대,3,2,43,1,0,0,2,문헌,,,조선후기,pdf_textbook_term,조선,
170,tg_003_0360,수군,조선 시대,3,2,43,2,0,0,1,사상·종교,,,고려시대-조선시대,pdf_textbook_term,조선,
171,tg_003_1950,신해통공,조선 시대,3,2,43,0,1,0,2,제도,,,조선후기,pdf_textbook_term,조선,
172,tg_003_2700,양명학,조선 시대,3,2,43,0,1,0,2,사상·종교,,,중세,pdf_textbook_term,조선,
173,tg_004_0680,우금치 전투,근대,3,2,43,2,1,0,0,기타,,,,pdf_textbook_term,개항기,
174,tg_004_0740,을사의병,근대,3,2,43,1,0,0,2,기타,,,근대,pdf_textbook_term,개항기,
175,tg_003_0570,족보,조선 시대,3,2,43,2,0,0,1,기타,,,통시대,pdf_textbook_term,조선,
176,tg_001_0860,좌평,삼국 시대,3,2,43,0,1,2,0,기타,,,삼국시대,pdf_textbook_term,삼국,
177,tg_004_2830,진단학회,근대,3,2,43,0,0,1,2,단체,,,일제시기-현대,pdf_textbook_term,개항기,
178,tg_001_0940,촌주,삼국 시대,3,2,43,2,0,0,1,기타,,,고대,pdf_textbook_term,삼국,
179,tg_001_0370,10정,통일 신라와 발해,2,2,42,1,0,0,1,기타,,,남북국시대,pdf_textbook_term,남북국,
180,tg_001_0400,17관등,삼국 시대,2,2,42,0,0,1,1,제도,,,고대,pdf_textbook_term,삼국,
181,tg_001_0450,5소경,통일 신라와 발해,2,2,42,1,0,0,1,기타,,,고대,pdf_textbook_term,남북국,
182,tg_001_0460,62주,통일 신라와 발해,2,2,42,1,0,0,1,기타,,,남북국시대,pdf_textbook_term,남북국,
183,tg_001_0510,9서당,통일 신라와 발해,2,2,42,1,0,0,1,기타,,,남북국시대,pdf_textbook_term,남북국,
184,tg_001_0520,9주,통일 신라와 발해,2,2,42,1,0,0,1,사상·종교,,,통시대|남북국시대|고대,pdf_textbook_term,남북국,
185,tg_004_2290,개벽,근대,2,2,42,1,0,1,0,문헌,,,일제시기,pdf_textbook_term,개항기,
186,tg_003_1530,객주,조선 시대,2,2,42,0,0,1,1,단체,,,고려시대-조선시대,pdf_textbook_term,조선,
187,tg_001_0530,거서간,삼국 시대,2,2,42,1,0,0,1,기타,,,삼국시대,pdf_textbook_term,삼국,
188,tg_003_1550,결작,조선 시대,2,2,42,0,1,0,1,제도,,,조선후기,pdf_textbook_term,조선,
189,tg_003_0870,경재소,조선 시대,2,2,42,0,0,1,1,기타,,,조선시대,pdf_textbook_term,조선,
190,tg_003_0880,계유정난,조선 시대,2,2,42,0,1,0,1,사건,,,조선전기,pdf_textbook_term,조선,
191,tg_002_0500,공음전,고려 시대,2,2,42,1,0,0,1,제도,,,고려시대,pdf_textbook_term,고려,
192,tg_002_0170,교관겸수,고려 시대,2,2,42,0,1,0,1,사상·종교,,,고려전기,pdf_textbook_term,고려,
193,tg_002_0330,교정도감,고려 시대,2,2,42,0,1,0,1,기타,,,고려후기,pdf_textbook_term,고려,
194,tg_002_0340,국자감,고려 시대,2,2,42,0,1,0,1,기타,,,고려시대|고대-근대,pdf_textbook_term,고려,
195,tg_003_1640,금난전권,조선 시대,2,2,42,0,1,0,1,제도,,,조선후기,pdf_textbook_term,조선,
196,tg_003_1650,금위영,조선 시대,2,2,42,0,1,0,1,기타,,,조선후기,pdf_textbook_term,조선,
197,tg_001_0640,대대로,삼국 시대,2,2,42,1,0,1,0,기타,,,조선시대|삼국시대,pdf_textbook_term,삼국,
198,tg_002_0590,도병마사,고려 시대,2,2,42,0,0,1,1,기타,,,고려시대,pdf_textbook_term,고려,
199,tg_004_1630,독립의군부,근대,2,2,42,0,1,0,1,기타,,,일제시기,pdf_textbook_term,개항기,
200,tg_004_0310,동문학,근대,2,2,42,0,0,1,1,기타,,,개항기,pdf_textbook_term,개항기,
201,tg_003_2440,동문휘고,조선 시대,2,2,42,1,1,0,0,문헌,,,조선후기,pdf_textbook_term,조선,
202,tg_003_0200,두레,조선 시대,2,2,42,0,0,1,1,단체,,,조선시대,pdf_textbook_term,조선,
203,tg_003_2480,마과회통,조선 시대,2,2,42,0,0,1,1,문헌,,,조선후기,pdf_textbook_term,조선,
204,tg_002_0010,만권당,고려 시대,2,2,42,0,1,0,1,기타,,,고려후기,pdf_textbook_term,고려,
205,tg_003_2500,반계수록,조선 시대,2,2,42,1,0,0,1,문헌,,,조선후기,pdf_textbook_term,조선,
206,tg_001_0690,병부,삼국 시대,2,2,42,0,1,0,1,기타,,,남북국시대-고려전기|고려후기|삼국시대,pdf_textbook_term,삼국,
207,tg_002_0650,부곡,고려 시대,2,2,42,0,1,0,1,기타,,,고대-조선시대,pdf_textbook_term,고려,
208,tg_003_2570,사문난적,조선 시대,2,2,42,0,0,1,1,사상·종교,,,조선시대,pdf_textbook_term,조선,
209,tg_003_1150,사민,조선 시대,2,2,42,0,0,1,1,기타,,,조선전기,pdf_textbook_term,조선,
210,tg_003_0280,사초,조선 시대,2,2,42,1,0,0,1,기타,,,고려시대-조선시대,pdf_textbook_term,조선,
211,tg_002_0680,삼사,고려 시대,2,2,42,0,0,1,1,기타,,,고려시대-조선전기,pdf_textbook_term,고려,
212,tg_003_1900,선무군관포,조선 시대,2,2,42,0,1,0,1,기타,,,조선후기,pdf_textbook_term,조선,
213,tg_003_1220,소격서,조선 시대,2,2,42,0,0,1,1,기타,,,조선시대,pdf_textbook_term,조선,
214,tg_001_0050,소도,삼국 이전,2,2,42,1,1,0,0,기타,,,고대,pdf_textbook_term,선사·초기국가,
215,tg_003_0370,수신전,조선 시대,2,2,42,0,1,0,1,제도,,,고려후기-조선전기,pdf_textbook_term,조선,
216,tg_004_0540,신문지법,근대,2,2,42,0,0,1,1,기타,,,근대,pdf_textbook_term,개항기,
217,tg_001_0110,신집,삼국 시대,2,2,42,0,1,1,0,인물,,,조선후기|삼국시대,pdf_textbook_term,삼국,
218,tg_002_0800,어사대,고려 시대,2,2,42,0,0,1,1,기타,,,고려시대,pdf_textbook_term,고려,
219,tg_003_1980,어영청,조선 시대,2,2,42,0,1,0,1,기타,,,조선후기,pdf_textbook_term,조선,
220,tg_003_1990,여각,조선 시대,2,2,42,0,0,1,1,단체,,,조선시대,pdf_textbook_term,조선,
221,tg_003_2000,여전론,조선 시대,2,2,42,1,0,0,1,사상·종교,,,조선후기,pdf_textbook_term,조선,
222,tg_003_0440,열녀,조선 시대,2,2,42,1,0,0,1,기타,,,통시대,pdf_textbook_term,조선,
223,tg_001_0060,우경,삼국 시대,2,2,42,0,0,1,1,기타,,,통시대,pdf_textbook_term,삼국,
224,tg_003_2060,원납전,조선 시대,2,2,42,0,0,1,1,기타,,,조선후기,pdf_textbook_term,조선,
225,tg_003_1350,위화도 회군,조선 시대,2,2,42,1,1,0,0,기타,,,,pdf_textbook_term,조선,
226,tg_003_1390,을사사화,조선 시대,2,2,42,0,1,0,1,사건,,,조선전기,pdf_textbook_term,조선,
227,tg_001_0800,이사금,삼국 시대,2,2,42,1,0,0,1,기타,,,삼국시대,pdf_textbook_term,삼국,
228,tg_002_0850,전민변정도감,고려 시대,2,2,42,0,1,0,1,기타,,,고려후기,pdf_textbook_term,고려,
229,tg_001_0810,정당성,통일 신라와 발해,2,2,42,0,0,1,1,기타,,,남북국시대,pdf_textbook_term,남북국,
230,tg_002_0190,정혜쌍수,고려 시대,2,2,42,0,1,1,0,사상·종교,,,고려시대,pdf_textbook_term,고려,
231,tg_002_0890,제위보,고려 시대,2,2,42,0,1,0,1,기타,,,고려시대,pdf_textbook_term,고려,
232,tg_003_0560,조의제문,조선 시대,2,2,42,0,1,0,1,기타,,,조선시대,pdf_textbook_term,조선,
233,tg_002_1030,주현,고려 시대,2,2,42,0,0,1,1,기타,,,,pdf_textbook_term,고려,
234,tg_001_0230,진흥왕 순수비,삼국 시대,2,2,42,1,0,1,0,기타,,,,pdf_textbook_term,삼국,
235,tg_001_0910,집사부,삼국 시대,2,2,42,1,0,0,1,기타,,,고대,pdf_textbook_term,삼국,
236,tg_001_0920,차차웅,삼국 시대,2,2,42,1,0,0,1,기타,,,삼국시대,pdf_textbook_term,삼국,
237,tg_002_0930,첨의부,고려 시대,2,2,42,0,0,1,1,기타,,,고려후기,pdf_textbook_term,고려,
238,tg_004_1140,태극서관,근대,2,2,42,0,1,0,1,기타,,,근대,pdf_textbook_term,개항기,
239,tg_004_1170,통리기무아문,근대,2,2,42,0,1,0,1,기타,,,개항기,pdf_textbook_term,개항기,
240,tg_004_2390,한국독립운동지혈사,근대,2,2,42,0,0,1,1,문헌,,,일제시기,pdf_textbook_term,개항기,
241,tg_003_2960,홍경래의 난,조선 시대,2,2,42,0,1,1,0,기타,,,,pdf_textbook_term,조선,
242,tg_003_1510,5군영,조선 시대,5,1,25,0,0,0,5,기타,,,조선후기,pdf_textbook_term,조선,
243,tg_003_0790,5위,조선 시대,4,1,24,0,0,0,4,기타,,,조선전기,pdf_textbook_term,조선,
244,tg_002_1060,강동 6주,고려 시대,4,1,24,4,0,0,0,기타,,,,pdf_textbook_term,고려,
245,tg_002_0570,대간,고려 시대,4,1,24,0,0,0,4,기타,,,고려시대-조선시대,pdf_textbook_term,고려,
246,tg_003_0190,동인,조선 시대,4,1,24,0,0,0,4,단체,,,통시대|조선시대,pdf_textbook_term,조선,
247,tg_003_0260,사족,조선 시대,4,1,24,0,0,0,4,기타,,,고려시대-조선시대,pdf_textbook_term,조선,
248,tg_003_2610,세도 정치,조선 시대,4,1,24,4,0,0,0,기타,,,,pdf_textbook_term,조선,
249,tg_003_0740,호적,조선 시대,4,1,24,0,0,0,4,제도,,,조선시대|통시대,pdf_textbook_term,조선,
250,tg_003_0470,요역,조선 시대,3,1,23,0,0,0,3,기타,,,통시대,pdf_textbook_term,조선,
251,tg_004_0860,절영도,근대,3,1,23,0,0,0,3,장소,,,,pdf_textbook_term,개항기,
252,tg_003_2910,탕평책,조선 시대,3,1,23,3,0,0,0,기타,,,,pdf_textbook_term,조선,
253,tg_004_1260,한러은행,근대,3,1,23,0,0,0,3,단체,,,근대,pdf_textbook_term,개항기,
254,tg_003_1490,훈구,조선 시대,3,1,23,0,0,0,3,단체,,,조선시대,pdf_textbook_term,조선,
255,tg_001_0390,16관등,삼국 시대,2,1,22,0,0,2,0,제도,,,삼국시대,pdf_textbook_term,삼국,
256,tg_002_0420,2성,고려 시대,2,1,22,0,0,0,2,기타,,,고려시대,pdf_textbook_term,고려,
257,tg_003_0770,3포,조선 시대,2,1,22,0,0,0,2,기타,,,,pdf_textbook_term,조선,
258,tg_002_0450,5도,고려 시대,2,1,22,0,0,0,2,기타,,,고려시대,pdf_textbook_term,고려,
259,tg_003_0830,감영,조선 시대,2,1,22,0,0,0,2,기타,,,조선시대,pdf_textbook_term,조선,
260,tg_002_0510,과거 제도,고려 시대,2,1,22,2,0,0,0,기타,,,,pdf_textbook_term,고려,
261,tg_004_2700,국민부,근대,2,1,22,0,0,0,2,기타,,,일제시기,pdf_textbook_term,개항기,
262,tg_003_2520,남인,조선 시대,2,1,22,0,0,0,2,단체,,,조선후기,pdf_textbook_term,조선,
263,tg_003_2380,노론,조선 시대,2,1,22,0,0,0,2,단체,,,조선후기,pdf_textbook_term,조선,
264,tg_002_0580,도방,고려 시대,2,1,22,0,0,0,2,기타,,,고려후기,pdf_textbook_term,고려,
265,tg_002_0600,도평의사사,고려 시대,2,1,22,0,0,0,2,기타,,,고려후기,pdf_textbook_term,고려,
266,tg_004_1510,보안법,근대,2,1,22,0,0,0,2,기타,,,근대,pdf_textbook_term,개항기,
267,tg_003_1810,부농,조선 시대,2,1,22,0,0,0,2,기타,,,,pdf_textbook_term,조선,
268,tg_004_1940,산미 증식 계획,근대,2,1,22,2,0,0,0,기타,,,,pdf_textbook_term,개항기,
269,tg_003_1840,삼수병,조선 시대,2,1,22,0,0,0,2,기타,,,조선후기,pdf_textbook_term,조선,
270,tg_003_2620,소론,조선 시대,2,1,22,0,0,0,2,단체,,,조선후기,pdf_textbook_term,조선,
271,tg_003_2630,속오군,조선 시대,2,1,22,0,0,0,2,기타,,,조선후기,pdf_textbook_term,조선,
272,tg_004_2560,신사 참배,근대,2,1,22,2,0,0,0,기타,,,,pdf_textbook_term,개항기,
273,tg_003_2100,은결,조선 시대,2,1,22,0,0,2,0,제도,,,조선시대,pdf_textbook_term,조선,
274,tg_003_1380,을묘왜변,조선 시대,2,1,22,0,0,0,2,기타,,,조선전기,pdf_textbook_term,조선,
275,tg_002_0820,음서 제도,고려 시대,2,1,22,2,0,0,0,기타,,,,pdf_textbook_term,고려,
276,tg_003_2140,임원경제지,조선 시대,2,1,22,0,0,0,2,문헌,,,조선후기,pdf_textbook_term,조선,
277,tg_002_1000,잡과,고려 시대,2,1,22,0,0,0,2,기타,,,고려시대|조선시대,pdf_textbook_term,고려,
278,tg_004_0840,전주 화약,근대,2,1,22,2,0,0,0,기타,,,,pdf_textbook_term,개항기,
279,tg_004_2880,조선 총독,근대,2,1,22,2,0,0,0,기타,,,,pdf_textbook_term,개항기,
280,tg_002_0390,중방,고려 시대,2,1,22,0,0,0,2,기타,,,고려시대|삼국시대,pdf_textbook_term,고려,
281,tg_003_2900,추사체,조선 시대,2,1,22,0,0,0,2,기타,,,조선후기,pdf_textbook_term,조선,
282,tg_004_1360,한성주보,근대,2,1,22,0,0,2,0,기타,,,개항기,pdf_textbook_term,개항기,
283,tg_002_0050,향도,고려 시대,2,1,22,0,0,0,2,단체,,,통시대,pdf_textbook_term,고려,
284,tg_004_1450,혜상공국,근대,2,1,22,0,0,0,2,단체,,,근대,pdf_textbook_term,개항기,
285,tg_003_2250,환곡,조선 시대,2,1,22,0,0,0,2,기타,,,,pdf_textbook_term,조선,
286,tg_003_2260,후시,조선 시대,2,1,22,0,0,0,2,기타,,,조선후기,pdf_textbook_term,조선,
287,tg_002_0990,훈요 10조,고려 시대,2,1,22,2,0,0,0,기타,,,,pdf_textbook_term,고려,
288,tg_001_0420,22부,삼국 시대,1,1,21,0,0,1,0,기타,,,삼국시대,pdf_textbook_term,삼국,
289,tg_002_0410,2군,고려 시대,1,1,21,0,0,0,1,기타,,,고려시대,pdf_textbook_term,고려,
290,tg_002_0430,3경,고려 시대,1,1,21,0,0,0,1,사상·종교,,,삼국시대|고려시대|통시대,pdf_textbook_term,고려,
291,tg_001_0430,5방,삼국 시대,1,1,21,0,0,0,1,기타,,,삼국시대,pdf_textbook_term,삼국,
292,tg_002_0470,6위,고려 시대,1,1,21,0,0,0,1,기타,,,고려시대,pdf_textbook_term,고려,
293,tg_003_0030,6조 직계제,조선 시대,1,1,21,1,0,0,0,기타,,,,pdf_textbook_term,조선,
294,tg_003_2270,강화학파,조선 시대,1,1,21,0,1,0,0,사상·종교,,,조선후기,pdf_textbook_term,조선,
295,tg_003_1520,개시,조선 시대,1,1,21,0,0,0,1,기타,,,조선후기,pdf_textbook_term,조선,
296,tg_004_0060,거문도 사건,근대,1,1,21,0,1,0,0,기타,,,,pdf_textbook_term,개항기,
297,tg_004_0070,건양,근대,1,1,21,0,0,0,1,기타,,,개항기,pdf_textbook_term,개항기,
298,tg_003_2280,검서관,조선 시대,1,1,21,0,0,1,0,기타,,,조선후기,pdf_textbook_term,조선,
299,tg_003_2660,격문,조선 시대,1,1,21,0,0,1,0,기타,,,통시대,pdf_textbook_term,조선,
300,tg_003_1540,견종법,조선 시대,1,1,21,1,0,0,0,기타,,,통시대,pdf_textbook_term,조선,
301,timeline:-1000000:상원 검은모루 동굴 유적,상원 검은모루 동굴 유적,선사·초기국가,0,0,0,,,,,문화재,,,선사·초기국가,history_timeline,선사·초기국가,유물·유적
302,timeline:-300000:구석기 시대 생활상,구석기 시대 생활상,선사·초기국가,0,0,0,,,,,사건,,,선사·초기국가,history_timeline,선사·초기국가,사건
303,timeline:-300000:연천 전곡리 유적,연천 전곡리 유적,선사·초기국가,0,0,0,,,,,문화재,,,선사·초기국가,history_timeline,선사·초기국가,유물·유적
304,timeline:-300000:주먹도끼,주먹도끼,선사·초기국가,0,0,0,,,,,문화재,,,선사·초기국가,history_timeline,선사·초기국가,유물·유적
305,timeline:-100000:굴포리 서포항 유적,굴포리 서포항 유적,선사·초기국가,0,0,0,,,,,문화재,,,선사·초기국가,history_timeline,선사·초기국가,유물·유적
306,timeline:-60000:공주 석장리 유적,공주 석장리 유적,선사·초기국가,0,0,0,,,,,문화재,,,선사·초기국가,history_timeline,선사·초기국가,유물·유적
307,timeline:-40000:슴베찌르개,슴베찌르개,선사·초기국가,0,0,0,,,,,문화재,,,선사·초기국가,history_timeline,선사·초기국가,유물·유적
308,timeline:-25000:좀돌날 석기,좀돌날 석기,선사·초기국가,0,0,0,,,,,문화재,,,선사·초기국가,history_timeline,선사·초기국가,유물·유적
309,timeline:-10000:이행기의 구석기 유적,이행기의 구석기 유적,선사·초기국가,0,0,0,,,,,문화재,,,선사·초기국가,history_timeline,선사·초기국가,유물·유적
310,timeline:-8000:빗살무늬토기,빗살무늬토기,선사·초기국가,0,0,0,,,,,문화재,,,선사·초기국가,history_timeline,선사·초기국가,유물·유적
311,timeline:-8000:신석기 시대 석기,신석기 시대 석기,선사·초기국가,0,0,0,,,,,문화재,,,선사·초기국가,history_timeline,선사·초기국가,유물·유적
312,timeline:-8000:제주 고산리 유적,제주 고산리 유적,선사·초기국가,0,0,0,,,,,문화재,,,선사·초기국가,history_timeline,선사·초기국가,유물·유적
313,timeline:-6000:신석기 시대 대외 교류,신석기 시대 대외 교류,선사·초기국가,0,0,0,,,,,사건,,,선사·초기국가,history_timeline,선사·초기국가,사건
314,timeline:-6000:신석기 시대 조개더미 유적(패총),신석기 시대 조개더미 유적(패총),선사·초기국가,0,0,0,,,,,문화재,,,선사·초기국가,history_timeline,선사·초기국가,유물·유적
315,timeline:-5000:궁산 유적,궁산 유적,선사·초기국가,0,0,0,,,,,문화재,,,선사·초기국가,history_timeline,선사·초기국가,유물·유적
316,timeline:-5000:부산 동삼동 유적,부산 동삼동 유적,선사·초기국가,0,0,0,,,,,문화재,,,선사·초기국가,history_timeline,선사·초기국가,유물·유적
317,timeline:-5000:북한 지역의 신석기 시대 유적과 유물,북한 지역의 신석기 시대 유적과 유물,선사·초기국가,0,0,0,,,,,문화재,,,선사·초기국가,history_timeline,선사·초기국가,유물·유적
318,timeline:-5000:서울 암사동 유적,서울 암사동 유적,선사·초기국가,0,0,0,,,,,문화재,,,선사·초기국가,history_timeline,선사·초기국가,유물·유적
319,timeline:-5000:신석기 시대 집과 마을,신석기 시대 집과 마을,선사·초기국가,0,0,0,,,,,문화재,,,선사·초기국가,history_timeline,선사·초기국가,유물·유적
320,timeline:-5000:양양 오산리 유적,양양 오산리 유적,선사·초기국가,0,0,0,,,,,문화재,,,선사·초기국가,history_timeline,선사·초기국가,유물·유적
321,timeline:-3500:신석기 시대 농경,신석기 시대 농경,선사·초기국가,0,0,0,,,,,사건,,,선사·초기국가,history_timeline,선사·초기국가,사건
322,timeline:-2500:단군,단군,선사·초기국가,0,0,0,,,,,인물,,,선사·초기국가,history_timeline,선사·초기국가,인물
323,timeline:-1500:무산 범의구석 유적,무산 범의구석 유적,선사·초기국가,0,0,0,,,,,문화재,,,선사·초기국가,history_timeline,선사·초기국가,유물·유적
324,timeline:-1500:정선 아우라지 여량리 유적,정선 아우라지 여량리 유적,선사·초기국가,0,0,0,,,,,문화재,,,선사·초기국가,history_timeline,선사·초기국가,유물·유적
325,timeline:-1500:진주 대평 유적,진주 대평 유적,선사·초기국가,0,0,0,,,,,문화재,,,선사·초기국가,history_timeline,선사·초기국가,유물·유적
326,timeline:-1400:솽퉈즈[雙砣子] 유적,솽퉈즈[雙砣子] 유적,선사·초기국가,0,0,0,,,,,문화재,,,선사·초기국가,history_timeline,선사·초기국가,유물·유적
327,timeline:-1300:시퇀산[西團山] 문화,시퇀산[西團山] 문화,선사·초기국가,0,0,0,,,,,문화재,,,선사·초기국가,history_timeline,선사·초기국가,유물·유적
328,timeline:-1200:여주 흔암리 유적,여주 흔암리 유적,선사·초기국가,0,0,0,,,,,문화재,,,선사·초기국가,history_timeline,선사·초기국가,유물·유적
329,timeline:-1200:평양 남경 유적,평양 남경 유적,선사·초기국가,0,0,0,,,,,문화재,,,선사·초기국가,history_timeline,선사·초기국가,유물·유적
330,timeline:-1100:펑청[鳳城] 둥산[東山]·시산[西山] 유적,펑청[鳳城] 둥산[東山]·시산[西山] 유적,선사·초기국가,0,0,0,,,,,문화재,,,선사·초기국가,history_timeline,선사·초기국가,유물·유적
331,timeline:-1000:강상[崗上]·러우상[樓上] 돌무지무덤,강상[崗上]·러우상[樓上] 돌무지무덤,선사·초기국가,0,0,0,,,,,문화재,,,선사·초기국가,history_timeline,선사·초기국가,유물·유적
332,timeline:-1000:마청쯔[馬城子] 문화,마청쯔[馬城子] 문화,선사·초기국가,0,0,0,,,,,문화재,,,선사·초기국가,history_timeline,선사·초기국가,유물·유적
333,timeline:-1000:황주 침촌리 유적,황주 침촌리 유적,선사·초기국가,0,0,0,,,,,문화재,,,선사·초기국가,history_timeline,선사·초기국가,유물·유적
334,timeline:-900:화순 고인돌 유적,화순 고인돌 유적,선사·초기국가,0,0,0,,,,,문화재,,,선사·초기국가,history_timeline,선사·초기국가,유물·유적
335,timeline:-800:비파형동검,비파형동검,선사·초기국가,0,0,0,,,,,문화재,,,선사·초기국가,history_timeline,선사·초기국가,유물·유적
336,timeline:-700:부여 송국리 돌널무덤,부여 송국리 돌널무덤,선사·초기국가,0,0,0,,,,,문화재,,,선사·초기국가,history_timeline,선사·초기국가,유물·유적
337,timeline:-700:사천 이금동 유적,사천 이금동 유적,선사·초기국가,0,0,0,,,,,문화재,,,선사·초기국가,history_timeline,선사·초기국가,유물·유적
338,timeline:-700:여수 적량동·월내동 유적,여수 적량동·월내동 유적,선사·초기국가,0,0,0,,,,,문화재,,,선사·초기국가,history_timeline,선사·초기국가,유물·유적
339,timeline:-700:울산 검단리 유적,울산 검단리 유적,선사·초기국가,0,0,0,,,,,문화재,,,선사·초기국가,history_timeline,선사·초기국가,유물·유적
340,timeline:-700:울산 무거동 옥현 유적,울산 무거동 옥현 유적,선사·초기국가,0,0,0,,,,,문화재,,,선사·초기국가,history_timeline,선사·초기국가,유물·유적
341,timeline:-700:청도 진라리 유적,청도 진라리 유적,선사·초기국가,0,0,0,,,,,문화재,,,선사·초기국가,history_timeline,선사·초기국가,유물·유적
342,timeline:-400:대전 괴정동 유적,대전 괴정동 유적,선사·초기국가,0,0,0,,,,,문화재,,,선사·초기국가,history_timeline,선사·초기국가,유물·유적
343,timeline:-400:양평 상자포리 고인돌,양평 상자포리 고인돌,선사·초기국가,0,0,0,,,,,문화재,,,선사·초기국가,history_timeline,선사·초기국가,유물·유적
344,timeline:-300:고령 장기리 암각화,고령 장기리 암각화,선사·초기국가,0,0,0,,,,,문화재,,,선사·초기국가,history_timeline,선사·초기국가,유물·유적
345,timeline:-300:세형동검,세형동검,선사·초기국가,0,0,0,,,,,문화재,,,선사·초기국가,history_timeline,선사·초기국가,유물·유적
346,timeline:-300:완주 갈동 유적,완주 갈동 유적,선사·초기국가,0,0,0,,,,,문화재,,,선사·초기국가,history_timeline,선사·초기국가,유물·유적
347,timeline:-300:울주 반구대 암각화,울주 반구대 암각화,선사·초기국가,0,0,0,,,,,문화재,,,선사·초기국가,history_timeline,선사·초기국가,유물·유적
348,timeline:-300:함평 초포리 유적,함평 초포리 유적,선사·초기국가,0,0,0,,,,,문화재,,,선사·초기국가,history_timeline,선사·초기국가,유물·유적
349,timeline:-200:당진 소소리 유적,당진 소소리 유적,선사·초기국가,0,0,0,,,,,문화재,,,선사·초기국가,history_timeline,선사·초기국가,유물·유적
350,timeline:-200:사천 늑도 유적,사천 늑도 유적,선사·초기국가,0,0,0,,,,,문화재,,,선사·초기국가,history_timeline,선사·초기국가,유물·유적
351,timeline:-200:완주 신풍 유적,완주 신풍 유적,선사·초기국가,0,0,0,,,,,문화재,,,선사·초기국가,history_timeline,선사·초기국가,유물·유적
352,timeline:-190:위만,위만,선사·초기국가,0,0,0,,,,,인물,,,선사·초기국가,history_timeline,선사·초기국가,인물
353,timeline:-100:고조선·한 전쟁,고조선·한 전쟁,선사·초기국가,0,0,0,,,,,사건,,,선사·초기국가,history_timeline,선사·초기국가,사건
354,timeline:-100:경산 양지리 유적,경산 양지리 유적,선사·초기국가,0,0,0,,,,,문화재,,,선사·초기국가,history_timeline,선사·초기국가,유물·유적
355,timeline:-100:경주 조양동 유적,경주 조양동 유적,선사·초기국가,0,0,0,,,,,문화재,,,선사·초기국가,history_timeline,선사·초기국가,유물·유적
356,timeline:-100:창원 다호리 유적,창원 다호리 유적,선사·초기국가,0,0,0,,,,,문화재,,,선사·초기국가,history_timeline,선사·초기국가,유물·유적
357,timeline:-50:박혁거세,박혁거세,선사·초기국가,0,0,0,,,,,인물,,,선사·초기국가,history_timeline,선사·초기국가,인물
358,timeline:-50:신라 건국,신라 건국,선사·초기국가,0,0,0,,,,,사건,,,선사·초기국가,history_timeline,선사·초기국가,사건
359,timeline:-30:동명성왕,동명성왕,선사·초기국가,0,0,0,,,,,인물,,,선사·초기국가,history_timeline,선사·초기국가,인물
360,timeline:-30:고구려 건국,고구려 건국,선사·초기국가,0,0,0,,,,,사건,,,선사·초기국가,history_timeline,선사·초기국가,사건
361,timeline:-30:오녀산성,오녀산성,선사·초기국가,0,0,0,,,,,문화재,,,선사·초기국가,history_timeline,선사·초기국가,유물·유적
362,timeline:-10:백제 건국,백제 건국,선사·초기국가,0,0,0,,,,,사건,,,선사·초기국가,history_timeline,선사·초기국가,사건
363,timeline:-10:온조왕,온조왕,선사·초기국가,0,0,0,,,,,인물,,,선사·초기국가,history_timeline,선사·초기국가,인물
364,timeline:-10:풍납토성,풍납토성,선사·초기국가,0,0,0,,,,,문화재,,,선사·초기국가,history_timeline,선사·초기국가,유물·유적
365,timeline:10:대무신왕,대무신왕,선사·초기국가,0,0,0,,,,,인물,,,선사·초기국가,history_timeline,선사·초기국가,인물
366,timeline:30:신라 6부,신라 6부,선사·초기국가,0,0,0,,,,,단체,,,선사·초기국가,history_timeline,선사·초기국가,조직·단체
367,timeline:40:김수로왕,김수로왕,선사·초기국가,0,0,0,,,,,인물,,,선사·초기국가,history_timeline,선사·초기국가,인물
368,timeline:50:태조대왕,태조대왕,선사·초기국가,0,0,0,,,,,인물,,,선사·초기국가,history_timeline,선사·초기국가,인물
369,timeline:50:탈해이사금,탈해이사금,선사·초기국가,0,0,0,,,,,인물,,,선사·초기국가,history_timeline,선사·초기국가,인물
370,timeline:100:경주 월성,경주 월성,선사·초기국가,0,0,0,,,,,문화재,,,선사·초기국가,history_timeline,선사·초기국가,유물·유적
371,timeline:100:철정,철정,선사·초기국가,0,0,0,,,,,문화재,,,선사·초기국가,history_timeline,선사·초기국가,유물·유적
372,timeline:110:석촌동 고분군,석촌동 고분군,선사·초기국가,0,0,0,,,,,문화재,,,선사·초기국가,history_timeline,선사·초기국가,유물·유적
373,timeline:170:고국천왕,고국천왕,선사·초기국가,0,0,0,,,,,인물,,,선사·초기국가,history_timeline,선사·초기국가,인물
374,timeline:190:김수로왕릉,김수로왕릉,선사·초기국가,0,0,0,,,,,문화재,,,선사·초기국가,history_timeline,선사·초기국가,유물·유적
375,timeline:190:을파소,을파소,선사·초기국가,0,0,0,,,,,인물,,,선사·초기국가,history_timeline,선사·초기국가,인물
376,timeline:200:포상팔국의 난,포상팔국의 난,선사·초기국가,0,0,0,,,,,사건,,,선사·초기국가,history_timeline,선사·초기국가,사건
377,timeline:220:동천왕,동천왕,선사·초기국가,0,0,0,,,,,인물,,,선사·초기국가,history_timeline,선사·초기국가,인물
378,timeline:230:고이왕,고이왕,선사·초기국가,0,0,0,,,,,인물,,,선사·초기국가,history_timeline,선사·초기국가,인물
379,timeline:230:고구려 5부,고구려 5부,선사·초기국가,0,0,0,,,,,단체,,,선사·초기국가,history_timeline,선사·초기국가,조직·단체
380,timeline:230:고구려돌무지무덤,고구려돌무지무덤,선사·초기국가,0,0,0,,,,,문화재,,,선사·초기국가,history_timeline,선사·초기국가,유물·유적
381,timeline:300:미천왕,미천왕,삼국,0,0,0,,,,,인물,,,삼국,history_timeline,삼국,인물
382,timeline:330:고국원왕,고국원왕,삼국,0,0,0,,,,,인물,,,삼국,history_timeline,삼국,인물
383,timeline:340:근초고왕,근초고왕,삼국,0,0,0,,,,,인물,,,삼국,history_timeline,삼국,인물
384,timeline:350:내물마립간,내물마립간,삼국,0,0,0,,,,,인물,,,삼국,history_timeline,삼국,인물
385,timeline:350:부안 죽막동 제사유적,부안 죽막동 제사유적,삼국,0,0,0,,,,,문화재,,,삼국,history_timeline,삼국,유물·유적
386,timeline:350:신라 돌무지 덧널 무덤,신라 돌무지 덧널 무덤,삼국,0,0,0,,,,,문화재,,,삼국,history_timeline,삼국,유물·유적
387,timeline:360:칠지도,칠지도,삼국,0,0,0,,,,,문화재,,,삼국,history_timeline,삼국,유물·유적
388,timeline:370:율령 반포,율령 반포,삼국,0,0,0,,,,,사건,,,삼국,history_timeline,삼국,사건
389,timeline:370:소수림왕,소수림왕,삼국,0,0,0,,,,,인물,,,삼국,history_timeline,삼국,인물
390,timeline:370:불교의 전래와 공인,불교의 전래와 공인,삼국,0,0,0,,,,,사건,,,삼국,history_timeline,삼국,사건
391,timeline:370:왕인,왕인,삼국,0,0,0,,,,,인물,,,삼국,history_timeline,삼국,인물
392,timeline:370:고구려 사찰,고구려 사찰,삼국,0,0,0,,,,,문화재,,,삼국,history_timeline,삼국,유물·유적
393,timeline:390:광개토왕,광개토왕,삼국,0,0,0,,,,,인물,,,삼국,history_timeline,삼국,인물
394,timeline:390:아신왕,아신왕,삼국,0,0,0,,,,,인물,,,삼국,history_timeline,삼국,인물
395,timeline:390:광개토왕의 정복 전쟁,광개토왕의 정복 전쟁,삼국,0,0,0,,,,,사건,,,삼국,history_timeline,삼국,사건
396,timeline:400:전지왕,전지왕,삼국,0,0,0,,,,,인물,,,삼국,history_timeline,삼국,인물
397,timeline:400:가야 갑주,가야 갑주,삼국,0,0,0,,,,,문화재,,,삼국,history_timeline,삼국,유물·유적
398,timeline:400:고령 지산동 고분군,고령 지산동 고분군,삼국,0,0,0,,,,,문화재,,,삼국,history_timeline,삼국,유물·유적
399,timeline:400:김해 대성동 고분군,김해 대성동 고분군,삼국,0,0,0,,,,,문화재,,,삼국,history_timeline,삼국,유물·유적
400,timeline:400:몽촌토성,몽촌토성,삼국,0,0,0,,,,,문화재,,,삼국,history_timeline,삼국,유물·유적
401,timeline:400:부산 복천동 고분군,부산 복천동 고분군,삼국,0,0,0,,,,,문화재,,,삼국,history_timeline,삼국,유물·유적
402,timeline:400:신라 금관,신라 금관,삼국,0,0,0,,,,,문화재,,,삼국,history_timeline,삼국,유물·유적
403,timeline:400:집안고구려비,집안고구려비,삼국,0,0,0,,,,,문화재,,,삼국,history_timeline,삼국,유물·유적
404,timeline:410:장수왕,장수왕,삼국,0,0,0,,,,,인물,,,삼국,history_timeline,삼국,인물
405,timeline:410:광개토대왕릉비,광개토대왕릉비,삼국,0,0,0,,,,,문화재,,,삼국,history_timeline,삼국,유물·유적
406,timeline:410:눌지마립간,눌지마립간,삼국,0,0,0,,,,,인물,,,삼국,history_timeline,삼국,인물
407,timeline:410:화백 회의,화백 회의,삼국,0,0,0,,,,,단체,,,삼국,history_timeline,삼국,조직·단체
408,timeline:410:장군총,장군총,삼국,0,0,0,,,,,문화재,,,삼국,history_timeline,삼국,유물·유적
409,timeline:410:호우명 그릇,호우명 그릇,삼국,0,0,0,,,,,문화재,,,삼국,history_timeline,삼국,유물·유적
410,timeline:420:고구려의 천도,고구려의 천도,삼국,0,0,0,,,,,사건,,,삼국,history_timeline,삼국,사건
411,timeline:420:경당,경당,삼국,0,0,0,,,,,단체,,,삼국,history_timeline,삼국,조직·단체
412,timeline:430:나제동맹,나제동맹,삼국,0,0,0,,,,,사건,,,삼국,history_timeline,삼국,사건
413,timeline:450:개로왕,개로왕,삼국,0,0,0,,,,,인물,,,삼국,history_timeline,삼국,인물
414,timeline:450:경주 황남대총,경주 황남대총,삼국,0,0,0,,,,,문화재,,,삼국,history_timeline,삼국,유물·유적
415,timeline:450:신라 고분 출토 유리제품,신라 고분 출토 유리제품,삼국,0,0,0,,,,,문화재,,,삼국,history_timeline,삼국,유물·유적
416,timeline:470:소지마립간,소지마립간,삼국,0,0,0,,,,,인물,,,삼국,history_timeline,삼국,인물
417,timeline:470:동성왕,동성왕,삼국,0,0,0,,,,,인물,,,삼국,history_timeline,삼국,인물
418,timeline:490:충주 고구려비,충주 고구려비,삼국,0,0,0,,,,,문화재,,,삼국,history_timeline,삼국,유물·유적
419,timeline:500:지증왕,지증왕,삼국,0,0,0,,,,,인물,,,삼국,history_timeline,삼국,인물
420,timeline:500:무령왕,무령왕,삼국,0,0,0,,,,,인물,,,삼국,history_timeline,삼국,인물
421,timeline:500:포항 냉수리 신라비,포항 냉수리 신라비,삼국,0,0,0,,,,,문화재,,,삼국,history_timeline,삼국,유물·유적
422,timeline:500:포항 중성리 신라비,포항 중성리 신라비,삼국,0,0,0,,,,,문화재,,,삼국,history_timeline,삼국,유물·유적
423,timeline:500:함안 말이산 고분군,함안 말이산 고분군,삼국,0,0,0,,,,,문화재,,,삼국,history_timeline,삼국,유물·유적
424,timeline:510:법흥왕,법흥왕,삼국,0,0,0,,,,,인물,,,삼국,history_timeline,삼국,인물
425,timeline:520:울진 봉평 신라비,울진 봉평 신라비,삼국,0,0,0,,,,,문화재,,,삼국,history_timeline,삼국,유물·유적
426,timeline:520:경주 흥륜사지,경주 흥륜사지,삼국,0,0,0,,,,,문화재,,,삼국,history_timeline,삼국,유물·유적
427,timeline:520:성왕,성왕,삼국,0,0,0,,,,,인물,,,삼국,history_timeline,삼국,인물
428,timeline:520:무령왕릉,무령왕릉,삼국,0,0,0,,,,,문화재,,,삼국,history_timeline,삼국,유물·유적
429,timeline:530:정사암 회의,정사암 회의,삼국,0,0,0,,,,,사건,,,삼국,history_timeline,삼국,사건
430,timeline:530:이사부,이사부,삼국,0,0,0,,,,,인물,,,삼국,history_timeline,삼국,인물
431,timeline:530:부소산성,부소산성,삼국,0,0,0,,,,,문화재,,,삼국,history_timeline,삼국,유물·유적
432,timeline:530:울주 천전리 서석,울주 천전리 서석,삼국,0,0,0,,,,,문화재,,,삼국,history_timeline,삼국,유물·유적
433,timeline:550:위덕왕,위덕왕,삼국,0,0,0,,,,,인물,,,삼국,history_timeline,삼국,인물
434,timeline:550:경주 황룡사지,경주 황룡사지,삼국,0,0,0,,,,,문화재,,,삼국,history_timeline,삼국,유물·유적
435,timeline:550:관산성전투,관산성전투,삼국,0,0,0,,,,,사건,,,삼국,history_timeline,삼국,사건
436,timeline:550:거칠부,거칠부,삼국,0,0,0,,,,,인물,,,삼국,history_timeline,삼국,인물
437,timeline:550:단양 신라 적성비,단양 신라 적성비,삼국,0,0,0,,,,,문화재,,,삼국,history_timeline,삼국,유물·유적
438,timeline:550:신라 석실분과 순장의 폐지,신라 석실분과 순장의 폐지,삼국,0,0,0,,,,,문화재,,,삼국,history_timeline,삼국,유물·유적
439,timeline:560:대가야 멸망,대가야 멸망,삼국,0,0,0,,,,,사건,,,삼국,history_timeline,삼국,사건
440,timeline:560:부여 능산리 고분군,부여 능산리 고분군,삼국,0,0,0,,,,,문화재,,,삼국,history_timeline,삼국,유물·유적
441,timeline:570:진평왕,진평왕,삼국,0,0,0,,,,,인물,,,삼국,history_timeline,삼국,인물
442,timeline:580:장안성[평양성],장안성[평양성],삼국,0,0,0,,,,,문화재,,,삼국,history_timeline,삼국,유물·유적
443,timeline:590:고구려·수 전쟁,고구려·수 전쟁,삼국,0,0,0,,,,,사건,,,삼국,history_timeline,삼국,사건
444,timeline:590:온달,온달,삼국,0,0,0,,,,,인물,,,삼국,history_timeline,삼국,인물
445,timeline:590:법왕,법왕,삼국,0,0,0,,,,,인물,,,삼국,history_timeline,삼국,인물
446,timeline:590:반가사유상,반가사유상,삼국,0,0,0,,,,,문화재,,,삼국,history_timeline,삼국,유물·유적
447,timeline:600:무왕,무왕,삼국,0,0,0,,,,,인물,,,삼국,history_timeline,삼국,인물
448,timeline:600:원광,원광,삼국,0,0,0,,,,,인물,,,삼국,history_timeline,삼국,인물
449,timeline:600:미륵사지,미륵사지,삼국,0,0,0,,,,,문화재,,,삼국,history_timeline,삼국,유물·유적
450,timeline:600:부여 정림사지 오층석탑,부여 정림사지 오층석탑,삼국,0,0,0,,,,,문화재,,,삼국,history_timeline,삼국,유물·유적
451,timeline:600:서산 용현리 마애여래삼존상,서산 용현리 마애여래삼존상,삼국,0,0,0,,,,,문화재,,,삼국,history_timeline,삼국,유물·유적
452,timeline:600:태안 동문리 마애삼존불입상,태안 동문리 마애삼존불입상,삼국,0,0,0,,,,,문화재,,,삼국,history_timeline,삼국,유물·유적
453,timeline:610:살수대첩,살수대첩,삼국,0,0,0,,,,,사건,,,삼국,history_timeline,삼국,사건
454,timeline:610:을지문덕,을지문덕,삼국,0,0,0,,,,,인물,,,삼국,history_timeline,삼국,인물
455,timeline:610:임신서기석,임신서기석,삼국,0,0,0,,,,,문화재,,,삼국,history_timeline,삼국,유물·유적
456,timeline:630:선덕여왕,선덕여왕,삼국,0,0,0,,,,,인물,,,삼국,history_timeline,삼국,인물
457,timeline:630:익산 왕궁리 유적,익산 왕궁리 유적,삼국,0,0,0,,,,,문화재,,,삼국,history_timeline,삼국,유물·유적
458,timeline:640:자장,자장,삼국,0,0,0,,,,,인물,,,삼국,history_timeline,삼국,인물
459,timeline:640:대야성 전투,대야성 전투,삼국,0,0,0,,,,,사건,,,삼국,history_timeline,삼국,사건
460,timeline:640:고구려·당 전쟁,고구려·당 전쟁,삼국,0,0,0,,,,,사건,,,삼국,history_timeline,삼국,사건
461,timeline:680:경주 감은사지,경주 감은사지,남북국,0,0,0,,,,,문화재,,,남북국,history_timeline,남북국,유물·유적
462,timeline:680:신문왕,신문왕,남북국,0,0,0,,,,,인물,,,남북국,history_timeline,남북국,인물
463,timeline:680:대왕암,대왕암,남북국,0,0,0,,,,,문화재,,,남북국,history_timeline,남북국,유물·유적
464,timeline:690:발해 건국,발해 건국,남북국,0,0,0,,,,,사건,,,남북국,history_timeline,남북국,사건
465,timeline:690:고왕 대조영,고왕 대조영,남북국,0,0,0,,,,,인물,,,남북국,history_timeline,남북국,인물
466,timeline:690:신라촌락문서,신라촌락문서,남북국,0,0,0,,,,,문화재,,,남북국,history_timeline,남북국,유물·유적
467,timeline:720:혜초,혜초,남북국,0,0,0,,,,,인물,,,남북국,history_timeline,남북국,인물
468,timeline:720:발해·일본 관계,발해·일본 관계,남북국,0,0,0,,,,,사건,,,남북국,history_timeline,남북국,사건
469,timeline:730:발해·당 전쟁,발해·당 전쟁,남북국,0,0,0,,,,,사건,,,남북국,history_timeline,남북국,사건
470,timeline:730:문왕,문왕,남북국,0,0,0,,,,,인물,,,남북국,history_timeline,남북국,인물
471,timeline:740:경덕왕,경덕왕,남북국,0,0,0,,,,,인물,,,남북국,history_timeline,남북국,인물
472,timeline:750:불국사,불국사,남북국,0,0,0,,,,,문화재,,,남북국,history_timeline,남북국,유물·유적
473,timeline:750:석굴암,석굴암,남북국,0,0,0,,,,,문화재,,,남북국,history_timeline,남북국,유물·유적
474,timeline:760:혜공왕,혜공왕,남북국,0,0,0,,,,,인물,,,남북국,history_timeline,남북국,인물
475,timeline:760:96각간의 난,96각간의 난,남북국,0,0,0,,,,,사건,,,남북국,history_timeline,남북국,사건
476,timeline:760:진표,진표,남북국,0,0,0,,,,,인물,,,남북국,history_timeline,남북국,인물
477,timeline:770:성덕대왕신종,성덕대왕신종,남북국,0,0,0,,,,,문화재,,,남북국,history_timeline,남북국,유물·유적
478,timeline:770:정혜공주묘,정혜공주묘,남북국,0,0,0,,,,,문화재,,,남북국,history_timeline,남북국,유물·유적
479,timeline:780:원성왕,원성왕,남북국,0,0,0,,,,,인물,,,남북국,history_timeline,남북국,인물
480,timeline:790:정효공주묘,정효공주묘,남북국,0,0,0,,,,,문화재,,,남북국,history_timeline,남북국,유물·유적
481,timeline:790:발해의 천도,발해의 천도,남북국,0,0,0,,,,,사건,,,남북국,history_timeline,남북국,사건
482,timeline:800:헌덕왕,헌덕왕,남북국,0,0,0,,,,,인물,,,남북국,history_timeline,남북국,인물
483,timeline:800:집사성,집사성,남북국,0,0,0,,,,,단체,,,남북국,history_timeline,남북국,조직·단체
484,timeline:810:선왕,선왕,남북국,0,0,0,,,,,인물,,,남북국,history_timeline,남북국,인물
485,timeline:820:김헌창의 난,김헌창의 난,남북국,0,0,0,,,,,사건,,,남북국,history_timeline,남북국,사건
486,timeline:820:청해진,청해진,남북국,0,0,0,,,,,문화재,,,남북국,history_timeline,남북국,유물·유적
487,timeline:820:장보고,장보고,남북국,0,0,0,,,,,인물,,,남북국,history_timeline,남북국,인물
488,timeline:820:구산선문,구산선문,남북국,0,0,0,,,,,단체,,,남북국,history_timeline,남북국,조직·단체
489,timeline:860:경문왕,경문왕,남북국,0,0,0,,,,,인물,,,남북국,history_timeline,남북국,인물
490,timeline:880:최치원,최치원,남북국,0,0,0,,,,,인물,,,남북국,history_timeline,남북국,인물
491,timeline:880:견훤,견훤,남북국,0,0,0,,,,,인물,,,남북국,history_timeline,남북국,인물
492,timeline:880:사산비명,사산비명,남북국,0,0,0,,,,,문화재,,,남북국,history_timeline,남북국,유물·유적
493,timeline:880:진성여왕,진성여왕,남북국,0,0,0,,,,,인물,,,남북국,history_timeline,남북국,인물
494,timeline:900:후백제의 건국,후백제의 건국,남북국,0,0,0,,,,,사건,,,남북국,history_timeline,남북국,사건
495,timeline:900:후고구려의 건국,후고구려의 건국,남북국,0,0,0,,,,,사건,,,남북국,history_timeline,남북국,사건
496,timeline:900:궁예,궁예,남북국,0,0,0,,,,,인물,,,남북국,history_timeline,남북국,인물
497,timeline:920:발해 멸망,발해 멸망,남북국,0,0,0,,,,,사건,,,남북국,history_timeline,남북국,사건
498,timeline:920:발해 부흥 운동,발해 부흥 운동,남북국,0,0,0,,,,,사건,,,남북국,history_timeline,남북국,사건
499,timeline:920:경순왕,경순왕,남북국,0,0,0,,,,,인물,,,남북국,history_timeline,남북국,인물
500,timeline:936:후삼국의 통일,후삼국의 통일,남북국,0,0,0,,,,,사건,,,남북국,history_timeline,남북국,사건
501,timeline:910:태조왕건,태조왕건,고려,0,0,0,,,,,인물,,,고려,history_timeline,고려,인물
502,timeline:910:칭제건원,칭제건원,고려,0,0,0,,,,,사건,,,고려,history_timeline,고려,사건
503,timeline:910:만월대,만월대,고려,0,0,0,,,,,문화재,,,고려,history_timeline,고려,유물·유적
504,timeline:910:거란(요)의 건국과 발전,거란(요)의 건국과 발전,고려,0,0,0,,,,,사건,,,고려,history_timeline,고려,사건
505,timeline:910:강진 도요지,강진 도요지,고려,0,0,0,,,,,문화재,,,고려,history_timeline,고려,유물·유적
506,timeline:910:고려불화,고려불화,고려,0,0,0,,,,,문화재,,,고려,history_timeline,고려,유물·유적
507,timeline:920:신숭겸,신숭겸,고려,0,0,0,,,,,인물,,,고려,history_timeline,고려,인물
508,timeline:930:최언위,최언위,고려,0,0,0,,,,,인물,,,고려,history_timeline,고려,인물
509,timeline:930:개태사,개태사,고려,0,0,0,,,,,문화재,,,고려,history_timeline,고려,유물·유적
510,timeline:940:혜종,혜종,고려,0,0,0,,,,,인물,,,고려,history_timeline,고려,인물
511,timeline:940:정종,정종,고려,0,0,0,,,,,인물,,,고려,history_timeline,고려,인물
512,timeline:940:광종,광종,고려,0,0,0,,,,,인물,,,고려,history_timeline,고려,인물
513,timeline:950:서필,서필,고려,0,0,0,,,,,인물,,,고려,history_timeline,고려,인물
514,timeline:950:균여,균여,고려,0,0,0,,,,,인물,,,고려,history_timeline,고려,인물
515,timeline:950:고려 과거제,고려 과거제,고려,0,0,0,,,,,사건,,,고려,history_timeline,고려,사건
516,timeline:960:귀법사,귀법사,고려,0,0,0,,,,,문화재,,,고려,history_timeline,고려,유물·유적
517,timeline:960:관촉사 석조미륵보살입상,관촉사 석조미륵보살입상,고려,0,0,0,,,,,문화재,,,고려,history_timeline,고려,유물·유적
518,timeline:970:경종,경종,고려,0,0,0,,,,,인물,,,고려,history_timeline,고려,인물
519,timeline:980:최승로,최승로,고려,0,0,0,,,,,인물,,,고려,history_timeline,고려,인물
520,timeline:980:성종,성종,고려,0,0,0,,,,,인물,,,고려,history_timeline,고려,인물
521,timeline:990:서희,서희,고려,0,0,0,,,,,인물,,,고려,history_timeline,고려,인물
522,timeline:990:목종,목종,고려,0,0,0,,,,,인물,,,고려,history_timeline,고려,인물
523,timeline:990:거란의 고려침입,거란의 고려침입,고려,0,0,0,,,,,사건,,,고려,history_timeline,고려,사건
524,timeline:1000:현종,현종,고려,0,0,0,,,,,인물,,,고려,history_timeline,고려,인물
525,timeline:1000:강조의 정변,강조의 정변,고려,0,0,0,,,,,사건,,,고려,history_timeline,고려,사건
526,timeline:1010:강감찬,강감찬,고려,0,0,0,,,,,인물,,,고려,history_timeline,고려,인물
527,timeline:1010:귀주대첩,귀주대첩,고려,0,0,0,,,,,사건,,,고려,history_timeline,고려,사건
528,timeline:1010:현화사,현화사,고려,0,0,0,,,,,문화재,,,고려,history_timeline,고려,유물·유적
529,timeline:1010:양규,양규,고려,0,0,0,,,,,인물,,,고려,history_timeline,고려,인물
530,timeline:1010:지채문,지채문,고려,0,0,0,,,,,인물,,,고려,history_timeline,고려,인물
531,timeline:1010:초조대장경,초조대장경,고려,0,0,0,,,,,문화재,,,고려,history_timeline,고려,유물·유적
532,timeline:1020:최충,최충,고려,0,0,0,,,,,인물,,,고려,history_timeline,고려,인물
533,timeline:1020:불국사 석탑 중수문서,불국사 석탑 중수문서,고려,0,0,0,,,,,문화재,,,고려,history_timeline,고려,유물·유적
534,timeline:1030:덕종,덕종,고려,0,0,0,,,,,인물,,,고려,history_timeline,고려,인물
535,timeline:1030:천리장성 수축,천리장성 수축,고려,0,0,0,,,,,사건,,,고려,history_timeline,고려,사건
536,timeline:1040:문종,문종,고려,0,0,0,,,,,인물,,,고려,history_timeline,고려,인물
537,timeline:1050:이자연,이자연,고려,0,0,0,,,,,인물,,,고려,history_timeline,고려,인물
538,timeline:1060:왕안석,왕안석,고려,0,0,0,,,,,인물,,,고려,history_timeline,고려,인물
539,timeline:1060:흥왕사,흥왕사,고려,0,0,0,,,,,문화재,,,고려,history_timeline,고려,유물·유적
540,timeline:1080:순종,순종,고려,0,0,0,,,,,인물,,,고려,history_timeline,고려,인물
541,timeline:1080:선종,선종,고려,0,0,0,,,,,인물,,,고려,history_timeline,고려,인물
542,timeline:1090:숙종,숙종,고려,0,0,0,,,,,인물,,,고려,history_timeline,고려,인물
543,timeline:1090:의천,의천,고려,0,0,0,,,,,인물,,,고려,history_timeline,고려,인물
544,timeline:1090:헌종,헌종,고려,0,0,0,,,,,인물,,,고려,history_timeline,고려,인물
545,timeline:1100:오연총,오연총,고려,0,0,0,,,,,인물,,,고려,history_timeline,고려,인물
546,timeline:1100:예종,예종,고려,0,0,0,,,,,인물,,,고려,history_timeline,고려,인물
547,timeline:1100:윤관의 9성 설치,윤관의 9성 설치,고려,0,0,0,,,,,사건,,,고려,history_timeline,고려,사건
548,timeline:1100:윤관,윤관,고려,0,0,0,,,,,인물,,,고려,history_timeline,고려,인물
549,timeline:1100:김인존,김인존,고려,0,0,0,,,,,인물,,,고려,history_timeline,고려,인물
550,timeline:1100:척준경,척준경,고려,0,0,0,,,,,인물,,,고려,history_timeline,고려,인물
551,timeline:1100:승군[승병],승군[승병],고려,0,0,0,,,,,단체,,,고려,history_timeline,고려,조직·단체
552,timeline:1110:여진족이 건국한 금(金)의 팽창,여진족이 건국한 금(金)의 팽창,고려,0,0,0,,,,,사건,,,고려,history_timeline,고려,사건
553,timeline:1120:인종,인종,고려,0,0,0,,,,,인물,,,고려,history_timeline,고려,인물
554,timeline:1120:고려도경,고려도경,고려,0,0,0,,,,,문화재,,,고려,history_timeline,고려,유물·유적
555,timeline:1120:이자겸의 난,이자겸의 난,고려,0,0,0,,,,,사건,,,고려,history_timeline,고려,사건
556,timeline:1120:서경천도운동,서경천도운동,고려,0,0,0,,,,,사건,,,고려,history_timeline,고려,사건
557,timeline:1120:묘청,묘청,고려,0,0,0,,,,,인물,,,고려,history_timeline,고려,인물
558,timeline:1130:김부식,김부식,고려,0,0,0,,,,,인물,,,고려,history_timeline,고려,인물
559,timeline:1130:정지상,정지상,고려,0,0,0,,,,,인물,,,고려,history_timeline,고려,인물
560,timeline:1140:의종,의종,고려,0,0,0,,,,,인물,,,고려,history_timeline,고려,인물
561,timeline:1150:월정사 팔각구층석탑,월정사 팔각구층석탑,고려,0,0,0,,,,,문화재,,,고려,history_timeline,고려,유물·유적
562,timeline:1170:정중부,정중부,고려,0,0,0,,,,,인물,,,고려,history_timeline,고려,인물
563,timeline:1170:명종,명종,고려,0,0,0,,,,,인물,,,고려,history_timeline,고려,인물
564,timeline:1170:경대승,경대승,고려,0,0,0,,,,,인물,,,고려,history_timeline,고려,인물
565,timeline:1170:무신정변,무신정변,고려,0,0,0,,,,,사건,,,고려,history_timeline,고려,사건
566,timeline:1170:김보당의 난,김보당의 난,고려,0,0,0,,,,,사건,,,고려,history_timeline,고려,사건
567,timeline:1170:조위총의 난,조위총의 난,고려,0,0,0,,,,,사건,,,고려,history_timeline,고려,사건
568,timeline:1170:망이·망소이의 난,망이·망소이의 난,고려,0,0,0,,,,,사건,,,고려,history_timeline,고려,사건
569,timeline:1170:이의방,이의방,고려,0,0,0,,,,,인물,,,고려,history_timeline,고려,인물
570,timeline:1170:주희와 성리학의 성립,주희와 성리학의 성립,고려,0,0,0,,,,,사건,,,고려,history_timeline,고려,사건
571,timeline:1180:이인로,이인로,고려,0,0,0,,,,,인물,,,고려,history_timeline,고려,인물
572,timeline:1180:이의민,이의민,고려,0,0,0,,,,,인물,,,고려,history_timeline,고려,인물
573,timeline:1180:두경승,두경승,고려,0,0,0,,,,,인물,,,고려,history_timeline,고려,인물
574,timeline:1190:신종,신종,고려,0,0,0,,,,,인물,,,고려,history_timeline,고려,인물
575,timeline:1190:최충헌,최충헌,고려,0,0,0,,,,,인물,,,고려,history_timeline,고려,인물
576,timeline:1190:지눌,지눌,고려,0,0,0,,,,,인물,,,고려,history_timeline,고려,인물
577,timeline:1190:수선사 결사,수선사 결사,고려,0,0,0,,,,,단체,,,고려,history_timeline,고려,조직·단체
578,timeline:1190:만적의 난,만적의 난,고려,0,0,0,,,,,사건,,,고려,history_timeline,고려,사건
579,timeline:1190:만적,만적,고려,0,0,0,,,,,인물,,,고려,history_timeline,고려,인물
580,timeline:1200:희종,희종,고려,0,0,0,,,,,인물,,,고려,history_timeline,고려,인물
581,timeline:1370:신진사대부,신진사대부,조선,0,0,0,,,,,단체,,,조선,history_timeline,조선,조직·단체
582,timeline:1390:무학대사,무학대사,조선,0,0,0,,,,,인물,,,조선,history_timeline,조선,인물
583,timeline:1390:심덕부,심덕부,조선,0,0,0,,,,,인물,,,조선,history_timeline,조선,인물
584,timeline:1390:이지란,이지란,조선,0,0,0,,,,,인물,,,조선,history_timeline,조선,인물
585,timeline:1390:태조이성계,태조이성계,조선,0,0,0,,,,,인물,,,조선,history_timeline,조선,인물
586,timeline:1390:신의왕후,신의왕후,조선,0,0,0,,,,,인물,,,조선,history_timeline,조선,인물
587,timeline:1390:김사형,김사형,조선,0,0,0,,,,,인물,,,조선,history_timeline,조선,인물
588,timeline:1390:정도전,정도전,조선,0,0,0,,,,,인물,,,조선,history_timeline,조선,인물
589,timeline:1390:조준,조준,조선,0,0,0,,,,,인물,,,조선,history_timeline,조선,인물
590,timeline:1390:남재,남재,조선,0,0,0,,,,,인물,,,조선,history_timeline,조선,인물
591,timeline:1390:권근,권근,조선,0,0,0,,,,,인물,,,조선,history_timeline,조선,인물
592,timeline:1390:남은,남은,조선,0,0,0,,,,,인물,,,조선,history_timeline,조선,인물
593,timeline:1390:조선왕조실록,조선왕조실록,조선,0,0,0,,,,,문화재,,,조선,history_timeline,조선,유물·유적
594,timeline:1390:사대교린,사대교린,조선,0,0,0,,,,,사건,,,조선,history_timeline,조선,사건
595,timeline:1390:사헌부,사헌부,조선,0,0,0,,,,,단체,,,조선,history_timeline,조선,조직·단체
596,timeline:1390:표전문제,표전문제,조선,0,0,0,,,,,사건,,,조선,history_timeline,조선,사건
597,timeline:1390:사역원,사역원,조선,0,0,0,,,,,단체,,,조선,history_timeline,조선,조직·단체
598,timeline:1390:종계변무,종계변무,조선,0,0,0,,,,,사건,,,조선,history_timeline,조선,사건
599,timeline:1390:한양 천도,한양 천도,조선,0,0,0,,,,,사건,,,조선,history_timeline,조선,사건
600,timeline:1390:경복궁,경복궁,조선,0,0,0,,,,,문화재,,,조선,history_timeline,조선,유물·유적
601,timeline:1390:사직단,사직단,조선,0,0,0,,,,,문화재,,,조선,history_timeline,조선,유물·유적
602,timeline:1390:숭례문,숭례문,조선,0,0,0,,,,,문화재,,,조선,history_timeline,조선,유물·유적
603,timeline:1390:천상열차분야지도,천상열차분야지도,조선,0,0,0,,,,,문화재,,,조선,history_timeline,조선,유물·유적
604,timeline:1390:한양도성,한양도성,조선,0,0,0,,,,,문화재,,,조선,history_timeline,조선,유물·유적
605,timeline:1390:흥인지문,흥인지문,조선,0,0,0,,,,,문화재,,,조선,history_timeline,조선,유물·유적
606,timeline:1390:왕자의 난,왕자의 난,조선,0,0,0,,,,,사건,,,조선,history_timeline,조선,사건
607,timeline:1390:사고,사고,조선,0,0,0,,,,,문화재,,,조선,history_timeline,조선,유물·유적
608,timeline:1390:신덕왕후,신덕왕후,조선,0,0,0,,,,,인물,,,조선,history_timeline,조선,인물
609,timeline:1390:회안대군,회안대군,조선,0,0,0,,,,,인물,,,조선,history_timeline,조선,인물
610,timeline:1390:육조,육조,조선,0,0,0,,,,,단체,,,조선,history_timeline,조선,조직·단체
611,timeline:1390:대명률,대명률,조선,0,0,0,,,,,문화재,,,조선,history_timeline,조선,유물·유적
612,timeline:1390:어진,어진,조선,0,0,0,,,,,문화재,,,조선,history_timeline,조선,유물·유적
613,timeline:1400:민제,민제,조선,0,0,0,,,,,인물,,,조선,history_timeline,조선,인물
614,timeline:1400:하륜,하륜,조선,0,0,0,,,,,인물,,,조선,history_timeline,조선,인물
615,timeline:1400:원경왕후,원경왕후,조선,0,0,0,,,,,인물,,,조선,history_timeline,조선,인물
616,timeline:1400:태종,태종,조선,0,0,0,,,,,인물,,,조선,history_timeline,조선,인물
617,timeline:1400:사간원,사간원,조선,0,0,0,,,,,단체,,,조선,history_timeline,조선,조직·단체
618,timeline:1400:신문고 설치,신문고 설치,조선,0,0,0,,,,,사건,,,조선,history_timeline,조선,사건
619,timeline:1400:혼일강리역대국도지도,혼일강리역대국도지도,조선,0,0,0,,,,,문화재,,,조선,history_timeline,조선,유물·유적
620,timeline:1400:민무구의 옥,민무구의 옥,조선,0,0,0,,,,,사건,,,조선,history_timeline,조선,사건
621,timeline:1400:박포,박포,조선,0,0,0,,,,,인물,,,조선,history_timeline,조선,인물
622,timeline:1400:민무구,민무구,조선,0,0,0,,,,,인물,,,조선,history_timeline,조선,인물
623,timeline:1400:여진 정벌,여진 정벌,조선,0,0,0,,,,,사건,,,조선,history_timeline,조선,사건
624,timeline:1400:조선 왕릉,조선 왕릉,조선,0,0,0,,,,,문화재,,,조선,history_timeline,조선,유물·유적
625,timeline:1410:이종무,이종무,조선,0,0,0,,,,,인물,,,조선,history_timeline,조선,인물
626,timeline:1410:변계량,변계량,조선,0,0,0,,,,,인물,,,조선,history_timeline,조선,인물
627,timeline:1410:이숙번,이숙번,조선,0,0,0,,,,,인물,,,조선,history_timeline,조선,인물
628,timeline:1410:심온,심온,조선,0,0,0,,,,,인물,,,조선,history_timeline,조선,인물
629,timeline:1410:대마도 정벌,대마도 정벌,조선,0,0,0,,,,,사건,,,조선,history_timeline,조선,사건
630,timeline:1410:양녕대군,양녕대군,조선,0,0,0,,,,,인물,,,조선,history_timeline,조선,인물
631,timeline:1410:소헌왕후,소헌왕후,조선,0,0,0,,,,,인물,,,조선,history_timeline,조선,인물
632,timeline:1410:세종,세종,조선,0,0,0,,,,,인물,,,조선,history_timeline,조선,인물
633,timeline:1410:의금부,의금부,조선,0,0,0,,,,,단체,,,조선,history_timeline,조선,조직·단체
634,timeline:1410:강상인의 옥,강상인의 옥,조선,0,0,0,,,,,사건,,,조선,history_timeline,조선,사건
635,timeline:1410:육의전,육의전,조선,0,0,0,,,,,단체,,,조선,history_timeline,조선,조직·단체
636,timeline:1420:맹사성,맹사성,조선,0,0,0,,,,,인물,,,조선,history_timeline,조선,인물
637,timeline:1420:황희,황희,조선,0,0,0,,,,,인물,,,조선,history_timeline,조선,인물
638,timeline:1420:박연,박연,조선,0,0,0,,,,,인물,,,조선,history_timeline,조선,인물
639,timeline:1420:집현전,집현전,조선,0,0,0,,,,,단체,,,조선,history_timeline,조선,조직·단체
640,timeline:1420:농사직설,농사직설,조선,0,0,0,,,,,문화재,,,조선,history_timeline,조선,유물·유적
641,timeline:1420:장영실,장영실,조선,0,0,0,,,,,인물,,,조선,history_timeline,조선,인물
642,timeline:1430:최윤덕,최윤덕,조선,0,0,0,,,,,인물,,,조선,history_timeline,조선,인물
643,timeline:1430:김종서,김종서,조선,0,0,0,,,,,인물,,,조선,history_timeline,조선,인물
644,timeline:1430:자격루,자격루,조선,0,0,0,,,,,문화재,,,조선,history_timeline,조선,유물·유적
645,timeline:1430:향약집성방,향약집성방,조선,0,0,0,,,,,문화재,,,조선,history_timeline,조선,유물·유적
646,timeline:1430:4군 6진 개척,4군 6진 개척,조선,0,0,0,,,,,사건,,,조선,history_timeline,조선,사건
647,timeline:1430:삼강행실도,삼강행실도,조선,0,0,0,,,,,문화재,,,조선,history_timeline,조선,유물·유적
648,timeline:1430:앙부일구,앙부일구,조선,0,0,0,,,,,문화재,,,조선,history_timeline,조선,유물·유적
649,timeline:1440:강희안,강희안,조선,0,0,0,,,,,인물,,,조선,history_timeline,조선,인물
650,timeline:1440:수표와 수표교,수표와 수표교,조선,0,0,0,,,,,문화재,,,조선,history_timeline,조선,유물·유적
651,timeline:1440:공법의 실시,공법의 실시,조선,0,0,0,,,,,사건,,,조선,history_timeline,조선,사건
652,timeline:1440:칠정산,칠정산,조선,0,0,0,,,,,문화재,,,조선,history_timeline,조선,유물·유적
653,timeline:1440:의방유취,의방유취,조선,0,0,0,,,,,문화재,,,조선,history_timeline,조선,유물·유적
654,timeline:1440:용비어천가,용비어천가,조선,0,0,0,,,,,문화재,,,조선,history_timeline,조선,유물·유적
655,timeline:1440:훈민정음,훈민정음,조선,0,0,0,,,,,문화재,,,조선,history_timeline,조선,유물·유적
656,timeline:1440:몽유도원도,몽유도원도,조선,0,0,0,,,,,문화재,,,조선,history_timeline,조선,유물·유적
657,timeline:1440:석보상절,석보상절,조선,0,0,0,,,,,문화재,,,조선,history_timeline,조선,유물·유적
658,timeline:1440:월인천강지곡,월인천강지곡,조선,0,0,0,,,,,문화재,,,조선,history_timeline,조선,유물·유적
659,timeline:1440:동국정운,동국정운,조선,0,0,0,,,,,문화재,,,조선,history_timeline,조선,유물·유적
660,timeline:1880:장승업,장승업,개항기,0,0,0,,,,,인물,,,개항기,history_timeline,개항기,인물
661,timeline:1890:이제마,이제마,개항기,0,0,0,,,,,인물,,,개항기,history_timeline,개항기,인물
662,timeline:1900:대한제국의 독도 정책,대한제국의 독도 정책,개항기,0,0,0,,,,,사건,,,개항기,history_timeline,개항기,사건
663,timeline:1900:증보문헌비고,증보문헌비고,개항기,0,0,0,,,,,문화재,,,개항기,history_timeline,개항기,유물·유적
664,"timeline:1840:1, 2차 아편전쟁","1, 2차 아편전쟁",개항기,0,0,0,,,,,사건,,,개항기,history_timeline,개항기,사건
665,timeline:1860:박규수,박규수,개항기,0,0,0,,,,,인물,,,개항기,history_timeline,개항기,인물
666,timeline:1860:흥선대원군,흥선대원군,개항기,0,0,0,,,,,인물,,,개항기,history_timeline,개항기,인물
667,timeline:1860:최제우,최제우,개항기,0,0,0,,,,,인물,,,개항기,history_timeline,개항기,인물
668,timeline:1860:최시형,최시형,개항기,0,0,0,,,,,인물,,,개항기,history_timeline,개항기,인물
669,timeline:1860:오경석,오경석,개항기,0,0,0,,,,,인물,,,개항기,history_timeline,개항기,인물
670,timeline:1860:명성황후,명성황후,개항기,0,0,0,,,,,인물,,,개항기,history_timeline,개항기,인물
671,timeline:1860:고종,고종,개항기,0,0,0,,,,,인물,,,개항기,history_timeline,개항기,인물
672,timeline:1860:동학의 창시,동학의 창시,개항기,0,0,0,,,,,사건,,,개항기,history_timeline,개항기,사건
673,timeline:1860:양무운동,양무운동,개항기,0,0,0,,,,,사건,,,개항기,history_timeline,개항기,사건
674,timeline:1860:운현궁,운현궁,개항기,0,0,0,,,,,문화재,,,개항기,history_timeline,개항기,유물·유적
675,timeline:1860:메이지 유신,메이지 유신,개항기,0,0,0,,,,,사건,,,개항기,history_timeline,개항기,사건
676,timeline:1860:위정척사운동,위정척사운동,개항기,0,0,0,,,,,사건,,,개항기,history_timeline,개항기,사건
677,timeline:1870:신헌,신헌,개항기,0,0,0,,,,,인물,,,개항기,history_timeline,개항기,인물
678,timeline:1870:어재연,어재연,개항기,0,0,0,,,,,인물,,,개항기,history_timeline,개항기,인물
679,timeline:1870:정한론,정한론,개항기,0,0,0,,,,,사건,,,개항기,history_timeline,개항기,사건
680,timeline:1870:운요호 사건,운요호 사건,개항기,0,0,0,,,,,사건,,,개항기,history_timeline,개항기,사건
681,timeline:1870:강화도 조약,강화도 조약,개항기,0,0,0,,,,,사건,,,개항기,history_timeline,개항기,사건
682,timeline:1870:개화파,개화파,개항기,0,0,0,,,,,단체,,,개항기,history_timeline,개항기,조직·단체
683,timeline:1880:김윤식,김윤식,개항기,0,0,0,,,,,인물,,,개항기,history_timeline,개항기,인물
684,timeline:1880:김홍집,김홍집,개항기,0,0,0,,,,,인물,,,개항기,history_timeline,개항기,인물
685,timeline:1880:어윤중,어윤중,개항기,0,0,0,,,,,인물,,,개항기,history_timeline,개항기,인물
686,timeline:1880:김옥균,김옥균,개항기,0,0,0,,,,,인물,,,개항기,history_timeline,개항기,인물
687,timeline:1880:홍영식,홍영식,개항기,0,0,0,,,,,인물,,,개항기,history_timeline,개항기,인물
688,timeline:1880:알렌,알렌,개항기,0,0,0,,,,,인물,,,개항기,history_timeline,개항기,인물
689,timeline:1880:서광범,서광범,개항기,0,0,0,,,,,인물,,,개항기,history_timeline,개항기,인물
690,timeline:1880:박영효,박영효,개항기,0,0,0,,,,,인물,,,개항기,history_timeline,개항기,인물
691,timeline:1880:조선책략,조선책략,개항기,0,0,0,,,,,문화재,,,개항기,history_timeline,개항기,유물·유적
692,timeline:1880:겐요샤,겐요샤,개항기,0,0,0,,,,,단체,,,개항기,history_timeline,개항기,조직·단체
693,timeline:1880:신사유람단,신사유람단,개항기,0,0,0,,,,,단체,,,개항기,history_timeline,개항기,조직·단체
694,timeline:1880:임오군란,임오군란,개항기,0,0,0,,,,,사건,,,개항기,history_timeline,개항기,사건
695,timeline:1880:불평등조약체제,불평등조약체제,개항기,0,0,0,,,,,사건,,,개항기,history_timeline,개항기,사건
696,timeline:1880:갑신정변,갑신정변,개항기,0,0,0,,,,,사건,,,개항기,history_timeline,개항기,사건
697,timeline:1880:배재학당,배재학당,개항기,0,0,0,,,,,단체,,,개항기,history_timeline,개항기,조직·단체
698,timeline:1880:육영공원,육영공원,개항기,0,0,0,,,,,단체,,,개항기,history_timeline,개항기,조직·단체
699,timeline:1880:이화학당,이화학당,개항기,0,0,0,,,,,단체,,,개항기,history_timeline,개항기,조직·단체
700,timeline:1880:서유견문,서유견문,개항기,0,0,0,,,,,문화재,,,개항기,history_timeline,개항기,유물·유적
701,timeline:1890:유인석,유인석,개항기,0,0,0,,,,,인물,,,개항기,history_timeline,개항기,인물
702,timeline:1890:이상재,이상재,개항기,0,0,0,,,,,인물,,,개항기,history_timeline,개항기,인물
703,timeline:1890:전봉준,전봉준,개항기,0,0,0,,,,,인물,,,개항기,history_timeline,개항기,인물
704,timeline:1890:유길준,유길준,개항기,0,0,0,,,,,인물,,,개항기,history_timeline,개항기,인물
705,timeline:1890:정교,정교,개항기,0,0,0,,,,,인물,,,개항기,history_timeline,개항기,인물
706,timeline:1890:손화중,손화중,개항기,0,0,0,,,,,인물,,,개항기,history_timeline,개항기,인물
707,timeline:1890:서재필,서재필,개항기,0,0,0,,,,,인물,,,개항기,history_timeline,개항기,인물
708,timeline:1890:명동성당,명동성당,개항기,0,0,0,,,,,문화재,,,개항기,history_timeline,개항기,유물·유적
709,timeline:1890:갑오개혁,갑오개혁,개항기,0,0,0,,,,,사건,,,개항기,history_timeline,개항기,사건
710,timeline:1890:동학농민운동,동학농민운동,개항기,0,0,0,,,,,사건,,,개항기,history_timeline,개항기,사건
711,timeline:1890:청일전쟁,청일전쟁,개항기,0,0,0,,,,,사건,,,개항기,history_timeline,개항기,사건
712,timeline:1890:단발령,단발령,개항기,0,0,0,,,,,사건,,,개항기,history_timeline,개항기,사건
713,timeline:1890:을미의병,을미의병,개항기,0,0,0,,,,,사건,,,개항기,history_timeline,개항기,사건
714,timeline:1890:내장원,내장원,개항기,0,0,0,,,,,단체,,,개항기,history_timeline,개항기,조직·단체
715,timeline:1890:독립신문 창간,독립신문 창간,개항기,0,0,0,,,,,사건,,,개항기,history_timeline,개항기,사건
716,timeline:1890:아관파천,아관파천,개항기,0,0,0,,,,,사건,,,개항기,history_timeline,개항기,사건
717,timeline:1890:독립협회,독립협회,개항기,0,0,0,,,,,단체,,,개항기,history_timeline,개항기,조직·단체
718,timeline:1890:독립문,독립문,개항기,0,0,0,,,,,문화재,,,개항기,history_timeline,개항기,유물·유적
719,timeline:1890:탑골공원,탑골공원,개항기,0,0,0,,,,,문화재,,,개항기,history_timeline,개항기,유물·유적
720,timeline:1890:대한제국과 광무개혁,대한제국과 광무개혁,개항기,0,0,0,,,,,사건,,,개항기,history_timeline,개항기,사건
721,timeline:1890:환구단,환구단,개항기,0,0,0,,,,,문화재,,,개항기,history_timeline,개항기,유물·유적
722,timeline:1890:만민공동회,만민공동회,개항기,0,0,0,,,,,사건,,,개항기,history_timeline,개항기,사건
723,timeline:1890:한성전기회사,한성전기회사,개항기,0,0,0,,,,,단체,,,개항기,history_timeline,개항기,조직·단체
724,timeline:1890:대한국국제,대한국국제,개항기,0,0,0,,,,,사건,,,개항기,history_timeline,개항기,사건
725,timeline:1890:대한천일은행,대한천일은행,개항기,0,0,0,,,,,단체,,,개항기,history_timeline,개항기,조직·단체
726,timeline:1890:황국협회,황국협회,개항기,0,0,0,,,,,단체,,,개항기,history_timeline,개항기,조직·단체
727,timeline:1900:최익현,최익현,개항기,0,0,0,,,,,인물,,,개항기,history_timeline,개항기,인물
728,timeline:1900:이토 히로부미,이토 히로부미,개항기,0,0,0,,,,,인물,,,개항기,history_timeline,개항기,인물
729,timeline:1900:이기,이기,개항기,0,0,0,,,,,인물,,,개항기,history_timeline,개항기,인물
730,timeline:1900:이용익,이용익,개항기,0,0,0,,,,,인물,,,개항기,history_timeline,개항기,인물
731,timeline:1900:허위,허위,개항기,0,0,0,,,,,인물,,,개항기,history_timeline,개항기,인물
732,timeline:1900:황현,황현,개항기,0,0,0,,,,,인물,,,개항기,history_timeline,개항기,인물
733,timeline:1900:이강년,이강년,개항기,0,0,0,,,,,인물,,,개항기,history_timeline,개항기,인물
734,timeline:1900:이완용,이완용,개항기,0,0,0,,,,,인물,,,개항기,history_timeline,개항기,인물
735,timeline:1900:이준,이준,개항기,0,0,0,,,,,인물,,,개항기,history_timeline,개항기,인물
736,timeline:1900:민영환,민영환,개항기,0,0,0,,,,,인물,,,개항기,history_timeline,개항기,인물
737,timeline:1900:이인직,이인직,개항기,0,0,0,,,,,인물,,,개항기,history_timeline,개항기,인물
738,timeline:1900:나철,나철,개항기,0,0,0,,,,,인물,,,개항기,history_timeline,개항기,인물
739,timeline:1900:장지연,장지연,개항기,0,0,0,,,,,인물,,,개항기,history_timeline,개항기,인물
740,timeline:1930:여유당전서,여유당전서,일제강점기,0,0,0,,,,,문화재,,,일제강점기,history_timeline,일제강점기,유물·유적
741,timeline:1910:곽종석,곽종석,일제강점기,0,0,0,,,,,인물,,,일제강점기,history_timeline,일제강점기,인물
742,timeline:1910:데라우치 마사타케,데라우치 마사타케,일제강점기,0,0,0,,,,,인물,,,일제강점기,history_timeline,일제강점기,인물
743,timeline:1910:강우규,강우규,일제강점기,0,0,0,,,,,인물,,,일제강점기,history_timeline,일제강점기,인물
744,timeline:1910:이상룡,이상룡,일제강점기,0,0,0,,,,,인물,,,일제강점기,history_timeline,일제강점기,인물
745,timeline:1910:사이토 마코토,사이토 마코토,일제강점기,0,0,0,,,,,인물,,,일제강점기,history_timeline,일제강점기,인물
746,timeline:1910:손병희,손병희,일제강점기,0,0,0,,,,,인물,,,일제강점기,history_timeline,일제강점기,인물
747,timeline:1910:권동진,권동진,일제강점기,0,0,0,,,,,인물,,,일제강점기,history_timeline,일제강점기,인물
748,timeline:1910:이승훈,이승훈,일제강점기,0,0,0,,,,,인물,,,일제강점기,history_timeline,일제강점기,인물
749,timeline:1910:오세창,오세창,일제강점기,0,0,0,,,,,인물,,,일제강점기,history_timeline,일제강점기,인물
750,timeline:1910:이회영,이회영,일제강점기,0,0,0,,,,,인물,,,일제강점기,history_timeline,일제강점기,인물
751,timeline:1910:김교헌,김교헌,일제강점기,0,0,0,,,,,인물,,,일제강점기,history_timeline,일제강점기,인물
752,timeline:1910:이시영,이시영,일제강점기,0,0,0,,,,,인물,,,일제강점기,history_timeline,일제강점기,인물
753,timeline:1910:한용운,한용운,일제강점기,0,0,0,,,,,인물,,,일제강점기,history_timeline,일제강점기,인물
754,timeline:1910:박용만,박용만,일제강점기,0,0,0,,,,,인물,,,일제강점기,history_timeline,일제강점기,인물
755,timeline:1910:김규식,김규식,일제강점기,0,0,0,,,,,인물,,,일제강점기,history_timeline,일제강점기,인물
756,timeline:1910:안희제,안희제,일제강점기,0,0,0,,,,,인물,,,일제강점기,history_timeline,일제강점기,인물
757,timeline:1910:김마리아,김마리아,일제강점기,0,0,0,,,,,인물,,,일제강점기,history_timeline,일제강점기,인물
758,timeline:1910:유관순,유관순,일제강점기,0,0,0,,,,,인물,,,일제강점기,history_timeline,일제강점기,인물
759,timeline:1910:일제의 무단통치,일제의 무단통치,일제강점기,0,0,0,,,,,사건,,,일제강점기,history_timeline,일제강점기,사건
760,timeline:1910:회사령,회사령,일제강점기,0,0,0,,,,,사건,,,일제강점기,history_timeline,일제강점기,사건
761,timeline:1910:일제의 한국병합,일제의 한국병합,일제강점기,0,0,0,,,,,사건,,,일제강점기,history_timeline,일제강점기,사건
762,timeline:1910:대한인 국민회,대한인 국민회,일제강점기,0,0,0,,,,,단체,,,일제강점기,history_timeline,일제강점기,조직·단체
763,timeline:1910:조선총독부,조선총독부,일제강점기,0,0,0,,,,,단체,,,일제강점기,history_timeline,일제강점기,조직·단체
764,timeline:1910:105인 사건,105인 사건,일제강점기,0,0,0,,,,,사건,,,일제강점기,history_timeline,일제강점기,사건
765,timeline:1910:신해혁명,신해혁명,일제강점기,0,0,0,,,,,사건,,,일제강점기,history_timeline,일제강점기,사건
766,timeline:1910:조선교육령,조선교육령,일제강점기,0,0,0,,,,,사건,,,일제강점기,history_timeline,일제강점기,사건
767,timeline:1910:조선은행,조선은행,일제강점기,0,0,0,,,,,단체,,,일제강점기,history_timeline,일제강점기,조직·단체
768,timeline:1910:조선민사령,조선민사령,일제강점기,0,0,0,,,,,사건,,,일제강점기,history_timeline,일제강점기,사건
769,timeline:1910:조선태형령,조선태형령,일제강점기,0,0,0,,,,,사건,,,일제강점기,history_timeline,일제강점기,사건
770,timeline:1910:조선토지조사사업,조선토지조사사업,일제강점기,0,0,0,,,,,사건,,,일제강점기,history_timeline,일제강점기,사건
771,timeline:1910:흥사단,흥사단,일제강점기,0,0,0,,,,,단체,,,일제강점기,history_timeline,일제강점기,조직·단체
772,timeline:1910:러시아 혁명,러시아 혁명,일제강점기,0,0,0,,,,,사건,,,일제강점기,history_timeline,일제강점기,사건
773,timeline:1910:러시아 내전과 연합국의 군사 개입,러시아 내전과 연합국의 군사 개입,일제강점기,0,0,0,,,,,사건,,,일제강점기,history_timeline,일제강점기,사건
774,timeline:1910:신한청년당,신한청년당,일제강점기,0,0,0,,,,,단체,,,일제강점기,history_timeline,일제강점기,조직·단체
775,timeline:1910:조선식산은행,조선식산은행,일제강점기,0,0,0,,,,,단체,,,일제강점기,history_timeline,일제강점기,조직·단체
776,timeline:1910:파리강화회의,파리강화회의,일제강점기,0,0,0,,,,,사건,,,일제강점기,history_timeline,일제강점기,사건
777,timeline:1910:신흥무관학교,신흥무관학교,일제강점기,0,0,0,,,,,단체,,,일제강점기,history_timeline,일제강점기,조직·단체
778,timeline:1910:연통제의 실시,연통제의 실시,일제강점기,0,0,0,,,,,사건,,,일제강점기,history_timeline,일제강점기,사건
779,timeline:1910:상해독립신문,상해독립신문,일제강점기,0,0,0,,,,,단체,,,일제강점기,history_timeline,일제강점기,조직·단체
780,timeline:1910:2·8 독립선언,2·8 독립선언,일제강점기,0,0,0,,,,,사건,,,일제강점기,history_timeline,일제강점기,사건
781,timeline:1910:3·1 운동,3·1 운동,일제강점기,0,0,0,,,,,사건,,,일제강점기,history_timeline,일제강점기,사건
782,timeline:1910:무오독립선언서,무오독립선언서,일제강점기,0,0,0,,,,,사건,,,일제강점기,history_timeline,일제강점기,사건
783,timeline:1910:일제의 ‘문화정치’,일제의 ‘문화정치’,일제강점기,0,0,0,,,,,사건,,,일제강점기,history_timeline,일제강점기,사건
784,timeline:1910:제암리 사건,제암리 사건,일제강점기,0,0,0,,,,,사건,,,일제강점기,history_timeline,일제강점기,사건
785,timeline:1910:파리장서사건,파리장서사건,일제강점기,0,0,0,,,,,사건,,,일제강점기,history_timeline,일제강점기,사건
786,timeline:1910:구미위원부,구미위원부,일제강점기,0,0,0,,,,,단체,,,일제강점기,history_timeline,일제강점기,조직·단체
787,timeline:1910:대한국민의회,대한국민의회,일제강점기,0,0,0,,,,,단체,,,일제강점기,history_timeline,일제강점기,조직·단체
788,timeline:1910:대한민국 임시정부,대한민국 임시정부,일제강점기,0,0,0,,,,,단체,,,일제강점기,history_timeline,일제강점기,조직·단체
789,timeline:1910:북로군정서,북로군정서,일제강점기,0,0,0,,,,,단체,,,일제강점기,history_timeline,일제강점기,조직·단체
790,timeline:1910:서로군정서,서로군정서,일제강점기,0,0,0,,,,,단체,,,일제강점기,history_timeline,일제강점기,조직·단체
791,timeline:1910:의열단,의열단,일제강점기,0,0,0,,,,,단체,,,일제강점기,history_timeline,일제강점기,조직·단체
792,timeline:1910:임시의정원,임시의정원,일제강점기,0,0,0,,,,,단체,,,일제강점기,history_timeline,일제강점기,조직·단체
793,timeline:1910:토막민과 화전민,토막민과 화전민,일제강점기,0,0,0,,,,,사건,,,일제강점기,history_timeline,일제강점기,사건
794,timeline:1910:재조일본인,재조일본인,일제강점기,0,0,0,,,,,단체,,,일제강점기,history_timeline,일제강점기,조직·단체
795,timeline:1910:조선군,조선군,일제강점기,0,0,0,,,,,단체,,,일제강점기,history_timeline,일제강점기,조직·단체
796,timeline:1920:박은식,박은식,일제강점기,0,0,0,,,,,인물,,,일제강점기,history_timeline,일제강점기,인물
797,timeline:1920:홍범도,홍범도,일제강점기,0,0,0,,,,,인물,,,일제강점기,history_timeline,일제강점기,인물
798,timeline:1920:이동녕,이동녕,일제강점기,0,0,0,,,,,인물,,,일제강점기,history_timeline,일제강점기,인물
799,timeline:1920:이동휘,이동휘,일제강점기,0,0,0,,,,,인물,,,일제강점기,history_timeline,일제강점기,인물
800,timeline:1920:노백린,노백린,일제강점기,0,0,0,,,,,인물,,,일제강점기,history_timeline,일제강점기,인물
801,timeline:1920:김구,김구,일제강점기,0,0,0,,,,,인물,,,일제강점기,history_timeline,일제강점기,인물
802,timeline:1920:김동삼,김동삼,일제강점기,0,0,0,,,,,인물,,,일제강점기,history_timeline,일제강점기,인물
803,timeline:1920:최린,최린,일제강점기,0,0,0,,,,,인물,,,일제강점기,history_timeline,일제강점기,인물
804,timeline:1920:김창숙,김창숙,일제강점기,0,0,0,,,,,인물,,,일제강점기,history_timeline,일제강점기,인물
805,timeline:1920:김병로,김병로,일제강점기,0,0,0,,,,,인물,,,일제강점기,history_timeline,일제강점기,인물
806,timeline:1920:홍명희,홍명희,일제강점기,0,0,0,,,,,인물,,,일제강점기,history_timeline,일제강점기,인물
807,timeline:1920:김좌진,김좌진,일제강점기,0,0,0,,,,,인물,,,일제강점기,history_timeline,일제강점기,인물
808,timeline:1920:안재홍,안재홍,일제강점기,0,0,0,,,,,인물,,,일제강점기,history_timeline,일제강점기,인물
809,timeline:1920:나석주,나석주,일제강점기,0,0,0,,,,,인물,,,일제강점기,history_timeline,일제강점기,인물
810,timeline:1920:김활란,김활란,일제강점기,0,0,0,,,,,인물,,,일제강점기,history_timeline,일제강점기,인물
811,timeline:1920:민립대학설립운동,민립대학설립운동,일제강점기,0,0,0,,,,,사건,,,일제강점기,history_timeline,일제강점기,사건
812,timeline:1920:국민대표회,국민대표회,일제강점기,0,0,0,,,,,단체,,,일제강점기,history_timeline,일제강점기,조직·단체
813,timeline:1920:물산장려운동,물산장려운동,일제강점기,0,0,0,,,,,사건,,,일제강점기,history_timeline,일제강점기,사건
814,timeline:1920:민족실력양성운동,민족실력양성운동,일제강점기,0,0,0,,,,,사건,,,일제강점기,history_timeline,일제강점기,사건
815,timeline:1920:조선물산장려회,조선물산장려회,일제강점기,0,0,0,,,,,단체,,,일제강점기,history_timeline,일제강점기,조직·단체
816,timeline:1920:산미증식계획,산미증식계획,일제강점기,0,0,0,,,,,사건,,,일제강점기,history_timeline,일제강점기,사건
817,timeline:1920:간도참변,간도참변,일제강점기,0,0,0,,,,,사건,,,일제강점기,history_timeline,일제강점기,사건
818,timeline:1920:봉오동 전투,봉오동 전투,일제강점기,0,0,0,,,,,사건,,,일제강점기,history_timeline,일제강점기,사건
819,timeline:1920:청산리 대첩,청산리 대첩,일제강점기,0,0,0,,,,,사건,,,일제강점기,history_timeline,일제강점기,사건
820,timeline:1940:이승만,이승만,현대,0,0,0,,,,,인물,,,현대,history_timeline,현대,인물
821,timeline:1940:미소공동위원회,미소공동위원회,현대,0,0,0,,,,,단체,,,현대,history_timeline,현대,조직·단체
822,timeline:1940:군정의 실시(미군정청),군정의 실시(미군정청),현대,0,0,0,,,,,사건,,,현대,history_timeline,현대,사건
823,timeline:1940:신탁통치 반대운동,신탁통치 반대운동,현대,0,0,0,,,,,사건,,,현대,history_timeline,현대,사건
824,timeline:1940:건국준비위원회(인민위원회),건국준비위원회(인민위원회),현대,0,0,0,,,,,단체,,,현대,history_timeline,현대,조직·단체
825,timeline:1940:좌우합작위원회,좌우합작위원회,현대,0,0,0,,,,,단체,,,현대,history_timeline,현대,조직·단체
826,timeline:1940:남조선과도입법의원,남조선과도입법의원,현대,0,0,0,,,,,단체,,,현대,history_timeline,현대,조직·단체
827,timeline:1940:제주 4·3 사건,제주 4·3 사건,현대,0,0,0,,,,,사건,,,현대,history_timeline,현대,사건
828,timeline:1940:반민족행위특별조사위원회,반민족행위특별조사위원회,현대,0,0,0,,,,,단체,,,현대,history_timeline,현대,조직·단체
829,timeline:1940:5·10총선거,5·10총선거,현대,0,0,0,,,,,사건,,,현대,history_timeline,현대,사건
830,timeline:1940:대한민국 정부 수립,대한민국 정부 수립,현대,0,0,0,,,,,사건,,,현대,history_timeline,현대,사건
831,timeline:1940:신한공사와 적산처리,신한공사와 적산처리,현대,0,0,0,,,,,사건,,,현대,history_timeline,현대,사건
832,timeline:1940:여수·순천 사건,여수·순천 사건,현대,0,0,0,,,,,사건,,,현대,history_timeline,현대,사건
833,timeline:1940:제헌헌법,제헌헌법,현대,0,0,0,,,,,사건,,,현대,history_timeline,현대,사건
834,timeline:1940:중국 국공내전,중국 국공내전,현대,0,0,0,,,,,사건,,,현대,history_timeline,현대,사건
835,timeline:1940:냉전체제,냉전체제,현대,0,0,0,,,,,사건,,,현대,history_timeline,현대,사건
836,timeline:1940:북한 정권의 탄생,북한 정권의 탄생,현대,0,0,0,,,,,사건,,,현대,history_timeline,현대,사건
837,timeline:1940:지방자치제도의 시행,지방자치제도의 시행,현대,0,0,0,,,,,사건,,,현대,history_timeline,현대,사건
838,timeline:1950:신익희,신익희,현대,0,0,0,,,,,인물,,,현대,history_timeline,현대,인물
839,timeline:1950:조봉암,조봉암,현대,0,0,0,,,,,인물,,,현대,history_timeline,현대,인물
840,timeline:1950:장면,장면,현대,0,0,0,,,,,인물,,,현대,history_timeline,현대,인물
841,timeline:1950:6·25전쟁,6·25전쟁,현대,0,0,0,,,,,사건,,,현대,history_timeline,현대,사건
842,timeline:1950:부산정치파동,부산정치파동,현대,0,0,0,,,,,사건,,,현대,history_timeline,현대,사건
843,timeline:1950:정전협정의 체결,정전협정의 체결,현대,0,0,0,,,,,사건,,,현대,history_timeline,현대,사건
844,timeline:1950:한미상호방위조약,한미상호방위조약,현대,0,0,0,,,,,사건,,,현대,history_timeline,현대,사건
845,timeline:1950:1954년 제네바회담,1954년 제네바회담,현대,0,0,0,,,,,사건,,,현대,history_timeline,현대,사건
846,timeline:1950:사사오입개헌,사사오입개헌,현대,0,0,0,,,,,사건,,,현대,history_timeline,현대,사건
847,timeline:1950:진보당,진보당,현대,0,0,0,,,,,단체,,,현대,history_timeline,현대,조직·단체
848,timeline:1950:1950년대 원조경제체제,1950년대 원조경제체제,현대,0,0,0,,,,,사건,,,현대,history_timeline,현대,사건
849,timeline:1950:거제도 포로수용소와 전쟁 포로,거제도 포로수용소와 전쟁 포로,현대,0,0,0,,,,,사건,,,현대,history_timeline,현대,사건
850,timeline:1950:농지개혁,농지개혁,현대,0,0,0,,,,,사건,,,현대,history_timeline,현대,사건
851,timeline:1950:삼백산업,삼백산업,현대,0,0,0,,,,,사건,,,현대,history_timeline,현대,사건
852,timeline:1960:윤보선,윤보선,현대,0,0,0,,,,,인물,,,현대,history_timeline,현대,인물
853,timeline:1960:장기려,장기려,현대,0,0,0,,,,,인물,,,현대,history_timeline,현대,인물
854,timeline:1960:베트남전쟁,베트남전쟁,현대,0,0,0,,,,,사건,,,현대,history_timeline,현대,사건
855,timeline:1960:3‧15부정선거,3‧15부정선거,현대,0,0,0,,,,,사건,,,현대,history_timeline,현대,사건
856,timeline:1960:4·19혁명,4·19혁명,현대,0,0,0,,,,,사건,,,현대,history_timeline,현대,사건
857,timeline:1960:5·16 군사정변,5·16 군사정변,현대,0,0,0,,,,,사건,,,현대,history_timeline,현대,사건
858,timeline:1960:경제개발 5개년 계획,경제개발 5개년 계획,현대,0,0,0,,,,,사건,,,현대,history_timeline,현대,사건
859,timeline:1960:한일회담 반대운동,한일회담 반대운동,현대,0,0,0,,,,,사건,,,현대,history_timeline,현대,사건
860,timeline:1960:경부고속도로 개통,경부고속도로 개통,현대,0,0,0,,,,,사건,,,현대,history_timeline,현대,사건
861,timeline:1960:계획도시의 등장,계획도시의 등장,현대,0,0,0,,,,,사건,,,현대,history_timeline,현대,사건
862,timeline:1960:아파트의 등장과 주거생활 변화,아파트의 등장과 주거생활 변화,현대,0,0,0,,,,,사건,,,현대,history_timeline,현대,사건
863,timeline:1960:한강의 기적,한강의 기적,현대,0,0,0,,,,,사건,,,현대,history_timeline,현대,사건
864,timeline:1960:구로공단,구로공단,현대,0,0,0,,,,,문화재,,,현대,history_timeline,현대,유물·유적
865,timeline:1970:전태일,전태일,현대,0,0,0,,,,,인물,,,현대,history_timeline,현대,인물
866,timeline:1970:새마을운동,새마을운동,현대,0,0,0,,,,,사건,,,현대,history_timeline,현대,사건
867,timeline:1970:통일벼 개발과 녹색 혁명,통일벼 개발과 녹색 혁명,현대,0,0,0,,,,,사건,,,현대,history_timeline,현대,사건
868,timeline:1970:10월 유신,10월 유신,현대,0,0,0,,,,,사건,,,현대,history_timeline,현대,사건
869,timeline:1970:7·4 남북공동성명,7·4 남북공동성명,현대,0,0,0,,,,,사건,,,현대,history_timeline,현대,사건
870,timeline:1970:중동 건설 붐,중동 건설 붐,현대,0,0,0,,,,,사건,,,현대,history_timeline,현대,사건
871,timeline:1970:1970년대 중화학공업 정책,1970년대 중화학공업 정책,현대,0,0,0,,,,,사건,,,현대,history_timeline,현대,사건
872,timeline:1970:10·26과 12·12,10·26과 12·12,현대,0,0,0,,,,,사건,,,현대,history_timeline,현대,사건
873,timeline:1970:YH사건,YH사건,현대,0,0,0,,,,,사건,,,현대,history_timeline,현대,사건
874,timeline:1970:부마민주항쟁,부마민주항쟁,현대,0,0,0,,,,,사건,,,현대,history_timeline,현대,사건
875,timeline:1970:1970년대 석유파동,1970년대 석유파동,현대,0,0,0,,,,,사건,,,현대,history_timeline,현대,사건
876,timeline:1970:유신 시기의 문화,유신 시기의 문화,현대,0,0,0,,,,,사건,,,현대,history_timeline,현대,사건
877,timeline:1970:신군부,신군부,현대,0,0,0,,,,,단체,,,현대,history_timeline,현대,조직·단체
878,timeline:1980:1980년 언론 통폐합,1980년 언론 통폐합,현대,0,0,0,,,,,사건,,,현대,history_timeline,현대,사건
879,timeline:1980:5·18 광주 민주화운동,5·18 광주 민주화운동,현대,0,0,0,,,,,사건,,,현대,history_timeline,현대,사건
880,timeline:1980:이산가족 만남,이산가족 만남,현대,0,0,0,,,,,사건,,,현대,history_timeline,현대,사건
881,timeline:1980:1987년 6월 항쟁,1987년 6월 항쟁,현대,0,0,0,,,,,사건,,,현대,history_timeline,현대,사건
882,timeline:1980:서울올림픽,서울올림픽,현대,0,0,0,,,,,사건,,,현대,history_timeline,현대,사건
883,timeline:1980:1980년대 문화예술,1980년대 문화예술,현대,0,0,0,,,,,사건,,,현대,history_timeline,현대,사건
884,timeline:1980:냉전체제의 종식과 북방외교,냉전체제의 종식과 북방외교,현대,0,0,0,,,,,사건,,,현대,history_timeline,현대,사건
885,"timeline:1980:판자촌, 달동네, 철거민","판자촌, 달동네, 철거민",현대,0,0,0,,,,,사건,,,현대,history_timeline,현대,사건
886,timeline:1990:남북기본합의서,남북기본합의서,현대,0,0,0,,,,,사건,,,현대,history_timeline,현대,사건
887,timeline:1990:금융실명제,금융실명제,현대,0,0,0,,,,,사건,,,현대,history_timeline,현대,사건
888,timeline:1990:역사바로세우기,역사바로세우기,현대,0,0,0,,,,,사건,,,현대,history_timeline,현대,사건
889,timeline:1990:IMF 사태,IMF 사태,현대,0,0,0,,,,,사건,,,현대,history_timeline,현대,사건
890,timeline:1990:정주영의 소떼 방북과 김대중 정부의 ‘햇볕정책’,정주영의 소떼 방북과 김대중 정부의 ‘햇볕정책’,현대,0,0,0,,,,,사건,,,현대,history_timeline,현대,사건
891,timeline:2000:호주제,호주제,현대,0,0,0,,,,,사건,,,현대,history_timeline,현대,사건
