ml_sequence_index,round_no,question_no,problem_id,true_label,pred_label,is_correct,text_preview
630,59,30,cj_v41_0596,사건,사건,True,"북경 주재 프랑스 공사가 청에 보내온 문서에 의하면, “조선에서 프랑스 주교 2명 및 선교사 9명과 조선의 많은 천주교 신자가 처형되었다. 이에 제독에게 요청하여 며칠 안으로 군대를 일으키도록 할 것이다.”라고 되어 있다. 1863 고종 즉위 1868 1871 1875 1882 1886"
1023,67,23,cj_v41_0969,경제,경제,True,만상 임상옥이 인삼 무역으로 큰 수익을 거두었 다고 하네 그러 게. 중국 상인들이 연행사를 따라오는 상인들에게 인삼을 대량으 로 구매하려고 인삼국을 차렸다는군 만 상(灣商) 임상옥(1779~ 다음 가상 대화가 이루어진 시기에 볼 수 있는 모습으로 적 절하지 않은 것은?  [키워드] 무역
434,55,34,cj_v41_0410,정치,정치,True,△△ 박물관 환수된 황제지보 특별 전시전 초대의 글 우리 박물관에서는 고종이 황제로 즉위한 이후인 (가) 시기에 사용하였던 국새인 황제지보(皇帝之寶)를 공개합니다. 미국으로 불법 반출되었다가 지난 2014년 문화재청과 미국 당국의 공조로 60여 년 만에 환수된 것이다. 많은 관람 바랍니
601,59,1,cj_v41_0569,정치,정치,True,"충청북도 청주시 오송읍에서 주먹도끼, 찍개 등 이 시대의 대표적 유물인 뗀석기가 다수 발굴되었다. 이번 발굴로 청주시 일대에 이 시대의 유적이 다수 분포되어 있음을 알 수 있다. 청주시 오송읍에서 뗀석기 다수 발굴 '이 시대'의 생활 모습으로 옳은 것은?  [키워드] 주먹도끼 뗀석기"
358,54,8,cj_v41_0339,사건,사건,True,"(가) 도적들이 나라의 서남쪽에서 일어났는데, 붉은색 바지를 입어 모습을 다르게 하였기 때문에 적고적(赤袴賊)이라고 불렸다. 그들은 주와 현을 도륙하고, 수도의 서부 모량리까지 와서 민기를 노략질하고 돌아갔다. (나)응천주 도독 헌창은 그의 아버지 주원이 임금이 되지 못하였다는 이유로 "
1307,73,7,cj_v41_1246,정치,사건,False,"이것은 보령 성주사지 대낭혜화상탑비로, 진성여왕의 명을 받아 최치원이 비문을 작성했다. 혜공왕 피살 이후 왕위 쟁탈전이 치열했던 시기에 당에서 수행하고 돌아와 9산 선문 중 하나인 성주산문을 개창한 낭혜화상의 행적이 기록되어 있다. 1 1 4 밑줄 그은 '시기'에 있었던 사실로 옳은 것"
333,53,33,cj_v41_0316,사건,사건,True,군국가무처 의안에서 공노비와 사노비에 대한 법을 제지한다는 내용을 보았다. 그대로 시행하도록 하라. 〈보 기〉 ㄱ. 별기군이 창설되었다. ㄴ. 한성순보가 발행되었다. 다 교육 입국 조서가 반포되었다. ㄹ. 재판소를 설치하여 사법권을 독립시켰다. 분부를 받들겠습니다. 다음 대화 이후에 전
957,66,7,cj_v41_0906,정치,사건,False,"(가) 선덕왕이 죽었는데 아들이 없자, 여러 신하들이 회의를 한 후에 왕의 조카인 김주원을 옹립하고자 하였다. 주원의 집은 왕경 에서 북쪽으로 20리 떨어진 곳에 있었는데, 마침 큰비가 와서 알천의 물이 넘쳐 주원이 건너 오지 못하였다. … - 여러 사람들의 뜻이 모아져 김경신이 왕위를"
1428,75,28,cj_v41_1364,정치,사건,False,김옥균 등은 청이 우리 자주권을 침해하는 데 분노하여 일본 공사와 (가) 을/를 일으켜 ‘일본당’으로 지목되었다. (가) 이/가 실패하자 온 나라가 그를 역적이라 하였다. 나는 조정에 몸을 담고 있어 그를 토벌하여 죽여야 한다는 것 외에 다른 목소리를 낼 수 없었다. 그러나 김옥균과 나
1541,77,41,cj_v41_1472,인물,인물,True,"국민부는 중국의 반일 단체와 연락을 취하여 대규모 항일 행동을 계획하였지만, 각지의 일본 경관대에게 단원이 검거되고 무기를 압수당하여 세력이 꺾였다. 그러나 당시 이를 피한 양세봉, 양하산 등 주요 인물이 흩어졌던 단원을 모아 국민부 산하의 무장 단체를 재편하여 행동을 재개하였다. 총사"
1440,75,40,cj_v41_1376,사건,사건,True,"이 자료는 전라남도 신안군(당시 무안군)의 한 섬에서 발생한 사건의 결과로, 소작인회 대표와 지주 문재철 사이에 맺어진 화해 조건이다. 소작인들은 고율의 소작료를 징수하는 지주에게 1년여에 걸쳐 저항하여 소작료를 낮추는 성과를 거두었습니다. 이 사건 이후의 사실에 대해 말해 볼까요? 1"
1037,67,37,cj_v41_0983,정치,인물,False,"오복영 외 1인으로 는 주문이 나와 있다. 이어 판결 이유로 1. 대정 11년( 11월 중 김상옥, 안홍한 등이 조선 독립 자금 강탈을 목적으로 권총, 볼온문 서 등을 가지고 조선에 오는 것을 알고 천진에서 여비 40원을 조달함 으로써 동인 등으로 하여금 조선으로 들어오게 하고 2. 대"
779,62,29,cj_v41_0739,문화,문화,True,"이 그림은 책과 함께 도자기, 문방구 등이 놓인 책가를 그린 책가도이다. 책가도가 유행한 시기에는 다양한 주제의 민화가 왕실과 사대부뿐만 아니라 서민들에게도 인기를 골었습니다. '시기'에 볼 수 있는 모습으로 옳지 않은 것은?  [키워드] 도자기 그림"
673,60,23,cj_v41_0638,인물,인물,True,"(가) 특별전 〈연보〉 - 1501년 경상도 예안현 출생 - 1534년 문과 급제 - 1552년 성균관 대사성에 임명 - 1561년 도산 서당 설립 및 제자 양성 - 1570년 별세 전시 자료: 제1태극도, 제2서명도, 제3소학도 (가) 인물에 대한 설명으로 옳은 것은?  [키워드] 인"
320,53,20,cj_v41_0304,사건,인물,False,얼마 전 노산군이 이곳 영월에 유배를 왔다고 하네 성삼문 등이 주도한 복위 운동에 연루되어 이곳으로 보내졌다더군 다음 가상 대화의 배경에 대한 탐구 활동으로 적절한 것은?  [키워드] 이이 활동 운동
506,57,6,cj_v41_0478,인물,인물,True,대한민국 방방곡곡 - 한국사 채널 이번에 소개할 곳은 함양 상림이다. 이 숲은 당에서 귀국한 (가)이/가 천령군(현 함양군) 태수로 부임하였을 때 홍수 피해를 막기 위해 조성하였다고 합니다. 백성들의 삶을 직접 살펴본 (가)은/는 개혁 방안을 담은 시무책 10여 조를 진성 여왕에게 올렸
1577,78,27,cj_v41_1505,사회,사회,True,향전은 통렬히 금해야 할 일이다. • 그들이 향임의 권한을 빙자하여 함부로 날뛰는 조짐이 없었다면 해당 수령이 어찌 이와 같이 처결하였겠는가. 해당 군현 유생을 거듭 타일러서 각각 구습을 통렬히 혁파하고 기필코 화합하게 하라. 이와 같이 하교한 뒤에도 구향과 신향을 막론하고 본음 유생의
1114,69,14,cj_v41_1059,정치,인물,False,남쪽에서 도적들이 봉기하였다. 가장 심한 자들은 운 문을 거점으로 한 김사미와 초전을 거점으로 한 효심이었다. 이들은 유랑민을 불러 모아 주현을 습격하여 노략질하였다 원율 사람인 이연년이 백적도원수라 자칭하며 많 은 사람을 불러 모아 여러 주군을 공격하여 노략질하니 최린이 지휘 사 김경
363,54,13,cj_v41_0344,문화,문화,True,이번에 욈영을 받아 편찬한 역사서에 대해 설명해 주세의 이 책은 묘청의 난을 진압한 뒤. 우리나라의 역사를 종 더 잘 알이야 한다는 폐하의 말씀에 따라 유교 사관을 바탕으로 삼국의 역사를 충실히 기특하였다. ‘역사서’에 대한 설명으로 옳은 것은?  [키워드] 역사서 묘청 유교
741,61,41,cj_v41_0703,사건,사건,True,0 00 박물관 사이버 전시실 이 포스터는 일제가 미국과 플」뙤 영국등연힙국을상대로한 44(휹 강제로공출하기 위한홍보용 으로 제작되었다. 쌀 공출 선전 포스터 (0 메가타의 주도로 화폐 정리 사업이 실시되었다. (가) 만주 군벌과 일제 사이에 미쓰야 협정이 체결되었다. 여자 정신 근로령
891,64,41,cj_v41_0844,군사,인물,False,이것은 (가) 편련 계획 대강의 일부로 병력 모집에 대한 구체적인 계획이 담겨 있다 이를 바탕으로 대한민국 임시 정부는 충칭에서 지청천을 총사령으로 하는 (가) 총사령부를 창설하였다 1. 연내에 동북 방면에서 중국 관내로 들어와 화북 각지에 분포되어 있는 독립군 중에서 모집한다. 3. 
903,65,3,cj_v41_0856,문화,인물,False,(가) 에 전 백 을 제그합 미상~477 고구려 장수왕의 공격으로 백제의 수도 한성이 피괴되고 개로왕이 전사하였다. 그에 이어 즉위한 문주왕은 위기를 수습하고자 -의로 도읍을 옮겼다. (가) 지역에 대한 탐구 활동으로 가장 적절한 것은?  [키워드] 고구려 장수왕 백제 즉위 활동
1090,68,40,cj_v41_1036,군사,인물,False,(가) 훈련 교본 최해*가 직접 쓴 독립군 교본으로 강령·총칙·도수·집총 등의 내용이 실려 있다 최해는 1915년 신흥 강습소(신흥 무관 학교)를 졸업하였다. 그는 김좌 진이 지휘하는 (가)의 여단장이 되어 청산리 전투에 참가하였다 (가) 부대에 대한 설명으로 옳은 것은?  [키워드] 
1561,78,11,cj_v41_1491,정치,인물,False,"삼국 이전에는 아직 과거(科擧)의 법이 없었고, 고려의 태조L 먼저 학교를 세웠으나 과거로 인재를 뽑기에는 겨를이 없었다. ~이/가 쌍기의 의견을 받아들여 과거로써 관리를 선발하였다. 이로부터 문풍(文風)이 비로소 일어났다. 과거에는 제술• 명경 두 업(業)과 의업 •복업 •지리업 •율"
396,54,46,cj_v41_0373,사건,사건,True,송탄유(松炭수刹 자재 공출 명령서 일제가 태평양 전쟁으로 물자 부족에 시달리던 시기에 송탄유와 목탄의 할당량 공출을 영령한 문서 ‘시기’에 볼 수 있는 모습으로 적절하지 않은 것은?  [키워드] 송탄유 일제 전쟁
739,61,39,cj_v41_0701,인물,인물,True,"서울 앨버트 테일러 가옥, 딜쿠샤 '딜쿠샤'가 복원되어 전시관으로 개관합니다. 많은 관람 부탁드립니다. 주소: 서울시 종로구 사직로2길 17 (가)에 대한 설명으로 옳은 것을 보기에서 고른 것은?  [키워드] 대한민국 임시정부"
225,51,25,cj_v41_0215,제도,제도,True,명릉은 이 왕과 왕비인 인현 왕후의 무덤이다. 이 왕에 대해서 알고 있는 사실을 대화 창에 올려 주세요. 대화 창 - 경신환국 등 여러 차례 환국을 통해서 정국을 주도하였다요. - 대동법을 황해도까지 확대 시행하였다요. ‘이 왕’이 추진한 정책으로 옳은 것은?  [키워드] 대동법 경신환
1211,71,11,cj_v41_1154,제도,사건,False,"(가) 처음으로 역분전을 정하였다. 통일할 때 조정의 관리들과 군사들 에게 관계(官階)는 논하지 않고, 그 사람의 성품과 행동이 착하고 악함과 공로가 크고 작음을 참작하여 차등 있게 주었다. (나) 12월에 문무 양반 및 군인들의 전시과를 개정하였다. 제1과는 전지 100결, 시지 70"
960,66,10,cj_v41_0909,제도,제도,True,"문종 3년 5월 양민 공음전시법을 정하였니. 1품은 문하시랑평장소 이상으로 전지 25결, 시지 15결이니. 2품은참정 이상으로 전지 22결, 시지 12결이다. 3품은 전지 20결, 시지 10결이다. 4품은 전지 표결, 시지 일이다. 5품은 전지 15결, 시지 5결이다. 이를 모두 자손에"
1121,69,21,cj_v41_1066,인물,인물,True,"이곳은 경기도 용인시에 있는 심곡 서원이다 반정 공신의 위훈 삭제 등 개혁을 추진하다가 사사 된 인물의 학문과 덕행을 추모하기 위해 세워졌습니다. 이 인물 에 대해 알고 있는 내용을 대화창에 올려주세요 호는 정암으로, 소격서 폐지에 앞장섰어요 (가)에 들어갈 내용으로 가장 적절한 것은?"
752,62,2,cj_v41_0713,문화,문화,True,"지도에 표시된 쑹화강 유역을 중심으로 성장한 이 나라는 평원과 구릉, 넓은 못이 많았습니다. 농업과 목축을 생업으로 하며 12월에 영고라는 제천 행사를 열었습니다. 이 나라에 대해 알고 있는 내용을 대화창에 올려 주세요. 대화창 ON 命 명마, 적옥, 담비 가죽 등이 생산되었다요. 형이"
1474,76,24,cj_v41_1408,인물,인물,True,곽우는 이 책에는 영업전을 벼슬이 없는 자의 설정하고 그 매매를 이 인물이 걱정이란 뜻이래. 금지하는 한전론에 대한 저술한 곽우록에 내용 등이 담겨 있어. 대해 말해보자. 밑줄 그은 ‘이 인물’에 대한 설명으로 옳은 것은?  [키워드] 인물
809,63,9,cj_v41_0768,제도,사건,False,청교역(靑郊驛) 서리 3인이 최충헌 부지를 죽일 것을 모의히면서 거짓 공접(2公牒)을 만들어 여러 사원의 승려들을 불러 모았다. 공첩을 받은 귀법사 승려들은 그 공첩을 가져온 사람을 집아서 최충헌에게 고해바셨다. [최충헌은] 즉시 영은관에 교정별감을 둔 후 성문을 폐쇄하고 대대적으로 그
1119,69,19,cj_v41_1064,경제,인물,False,"양역의 편중이 실로 양민에게 큰 폐단이 되었다. 전하께서 이를 불쌍하게 여겨 2필의 역을 특별히 1필로 감하였으니, 이는 천지와 같은 큰 은덕이다. 그러나 이미 포를 감하였으니 마땅히 그 대신할 것을 보충해야 하나 나라의 재원은 한정되어 있다. 밑줄 그은 '대책'에 대한 탐구 활동으로 "
1359,74,9,cj_v41_1295,인물,인물,True,"○○○, 동아시아를 무대로 활약하다 신라인으로서 동아시아를 무대로 활약한 ○○○의 생애를 다룬 동영상을 제작하여, 당시의 상황과 그의 활동을 살펴본다 #1. 당으로 건너가 무령군 소장이 되다 #3. 청해진을 설치하고 동아시 아 무역을 주도하다 #4. 왕위 쟁탈전에 휘말려 암살당하다 (가"
1449,75,49,cj_v41_1385,인물,정치,False,신문 제△△호 ◯◯◯◯년 ◯◯월 ◯◯일 군대 내 사조직 ‘하나회’ 청산 매듭 어제 단행된 군 장성 정기 인사를 통해 하나회 회원으로 알려진 중장급 이상 장성 전원이 보직 해임되었다. 이번 인사는 문민정부 출범 직후인 지난해 3월 8일 육군 참모총장과 기무사령관을 전격적으로 예편 조치함으
56,48,6,cj_v41_0051,인물,인물,True,한국사 데이터베이스 삼국사기 신라본기 (가) 1년 김흠돌 등이 반란을 도모하다 죽임을 당하다. 2년 국학을 세우다. 5년 서원소경을 설치하다. 9년 달구벌로 천도하려 하다. (가) 왕의 재위 기간에 있었던 사실로 옳은 것은?  [키워드] 삼국사기 신라 국학 서원 반란 재위
844,63,44,cj_v41_0801,제도,사건,False,(가) 제1조 대한민국은 민주 공화국이다. 대한민국의 주권은 국민에게 있고 모든 권력은 국민으로부터 나온다. 대통령은 국민의 보통·평등·직접·비밀 선거에 의하여 선출한다. 대통령의 임기는 4년으로 하고 계속 재임은 3기에 한한다. (나) 제1조 대한민국은 민주 공화국이다. 대한민국의 주
442,55,42,cj_v41_0418,정치,정치,True,이것은 (가) 이/가 1933년에 만든 한글 맞춤법 통일안의 총론이다. 기관지 한글을 간행하고 외래어 표기법 통일안을 마련하는 등 (가) 단체에 대한 설명으로 옳은 것은?  [키워드] 한글맞춤법통일안 통일
162,50,12,cj_v41_0155,문화,문화,True,"제△△호 (가) 0000년 00월 00일 범어사본, 국보로 승격 부산 범어사가 소장한 권4~5가 보물에서 국보로 승격 되었다. 이번에 국보로 승격된 범어사 소장본은 일연이 저술한 (가) 의 현존 판각본 중 가장 이른 시기의 것으로 추정된다. 특히 이미 국보로 지정된 판각본의 누락돤 부분"
950,65,50,cj_v41_0900,정치,정치,True,"대통령은 오늘 도쿄에서 오부치 일본 총리와 21세기 새로운 한일 파트너십 공동 선언에 합의하였다. 이 공동 선언문에는 일본이 과거 한때 식민지 지배로 인하여 한국 국민에게 다대한 손해와 고통을 안겨주었다는 역사적 사실을 겸허히 받아들이면서, 이에 대한 통절한 반성과 마음으로부터 사죄라는"
103,49,3,cj_v41_0098,사건,문화,False,"신지, 읍차 등의 지배자가 있었던 나라에 대해 발표해 볼까요? 벼농사가 발달하였고, 씨뿌리기가 끝난 5월과 추수를 마친 10월에 제천 행사를 열었습니다. (가) (가)에 들어갈 내용으로 옳은 것은?  [키워드] 신지 읍차"
1597,78,47,cj_v41_1525,경제,정치,False,이것은 ~ 정부 당시 건설부 등이 경부 고속 도로 전 구간 개통일에 게재한 신문 광고이다 '뻗어가는 국력을 상징하며 조국의 石침부를 힘차게 달린다l'라는 문구가 적혀 있다 경부 고속 도로 전 구간 개통일인 7월 7일은 현재 도로의 날로 지정되어 있다. 서울 • 부 산간 고속도 로 개 들
848,63,48,cj_v41_0804,사건,사건,True,박종철 군 고문 살인 은폐 조작과 호헌 조치를 규탄하는 국민 대회 당시의 모습이야. 정부의 원천 봉쇄 방침에도 각 지역에서 시위가 일어났어. 이 대회를 주최한 민주 헌법 쟁취 국민 운동 본부는 4·13 호헌 조치가 무효라고 선언하였지. 이후 민주화를 요구하는 시민들의 시위가 전국 각지에
1598,78,48,cj_v41_1526,인물,정치,False,"대통령이 개헌은 불가능하다며 현행 헌법에 따라 정부를 이양 하겠다고 발표하였군. 평화적인 정부 이양과 서울 올림픽 대회의 성공적 개최를 명분으로 내세웠지만, 결국 시민들의 기대를 외면한 것 같네. 밑줄 그은 '현행 헌법과 대한 설명으로 옳은 것은?  [키워드] 공적"
74,48,24,cj_v41_0069,제도,사회,False,"민응수가 말하였다. ""지금 돈이 귀해진 것은 공가에서 거두어 숨겨 두고 부민들이 쌓아 두어 유통되지 않기 때문이다. 관가의 돈을 쌓아 두는 폐단을 없애고 민간의 돈을 유통하게 해야 합니다."" 임금은 더 주조하는 방안을 의논하게 하였다. 다음 상황이 나타난 시기에 볼 수 있는 모습으로 옳"
470,56,20,cj_v41_0445,인물,인물,True,이곳은 창경궁의 정문인 홍화문이다. 창경궁은 (가)이/가 정희 왕후 등 세 분의 대비를 모시기 위해 수강궁을 수리하여 조성한 궁궐이다. (가)은/는 경국대전 완성 등 많은 업적을 남겼습니다. (가) 왕의 재위 기간에 있었던 사실로 옳은 것은?  [키워드] 경국대전 재위 업적
715,61,15,cj_v41_0680,사상·종교,인물,False,(가)는 화엄 사상의 요지를 정리한 화엄일승법계도를 저술하였다. 또한 부석사를 비롯한 여러 사원을 건립하였고 관음 신앙을 강조하였다. (나)는 왕명에 따라 민중을 교화하고 불법을 널리 펴기 위해 노력하였다. 또한 향가인 보현십원가 11수를 지어 화엄 사상을 대중에게 전파하였다. (다)는
1525,77,25,cj_v41_1456,경제,사회,False,"근래 듣건대, 도고라는 방식이 새로 나와 한 사람이 물품을 독차지하면서 다른 사람은 감히 개별적으로 살 수 없게 되었다고 합니다. …… 이른바, 이익은 한 사람에게로 돌아가고 피해는 만민이 받는다는 것이다. …… 청컨대 한성부와 평시서로 하여금 엄히 금단하게 하여 도고를 없애고 다시 각"
924,65,24,cj_v41_0874,인물,인물,True,이 시는 (가)이/가 현륭원을 참배하고 화성 행궁에 머물다가 환궁하는 길에 지은 것이다. 아버지인 사도세자에 대한 마음이 잘 표현되어 있다. 혼정신성*의 그리움 다할 길 없어 오늘 또 화성에 와 보니 궂은 비는 침원에 부슬부슬 내리고 이 마음은 재전을 끝없이 배회하누나 어찌하여 사흘 밤
1494,76,44,cj_v41_1427,사건,사건,True,휘문중학 운동장에서 (가) 의 수반인 여운형 씨가 5천여 군중 앞에서 해방의 제일성을 힘있게 외쳤다. “조선 민족 해방의 날은 왔다. …… 어제 15일 아침 8시에 엔도 조선 총독부 정무총감의 초청을 받아 …… 나는 다섯 가지 요구를 제안하여 무조건 승낙을 받았다. 1. 전 조선 각지에
775,62,25,cj_v41_0735,사건,사건,True,권율이 정병 4천 명을 뽑아 행한 위에 진을 치고는 책(柵)을 설치하여 방비하였다. ------ 적은 올려다보고 공격하는 처지가 되어 탄환도 맞히지 못亏梠데 반해 호남의 씩씩한 군사들은 모두 활쓰기를 잘하여 쓰는 대로 적중시켰다. ------ 적이 결국 패해 후퇴하였다. - 선조수정실록
737,61,37,cj_v41_0699,인물,제도,False,이것은 일제가 임시 토지 조사국을 설치하고 토지 조사 사업을 진행하던 시기에 작성한 지적 원도의 일부이다. 토지를 측량해 그 위치와 경계 및 지번 등을 표시하였다. 부 2 1 (가) 단체에 대한 설명으로 옳은 것은?  [키워드] 토지 조사 사업 일제 토지
324,53,24,cj_v41_0307,사건,사회,False,"가만히 살펴보니, 최근 여자들이 서로 다투어 즐겨하는 것이 오직 패설(稗說)*을 숭상하는 일이다. 패설은 날로 달로 증가하여 그 종류가 이미 엄청나게 되었다. 세책가에서는 패설을 깨끗이 필사하여, 빌려 보는 자가 있으면 그 값을 받아서 이익으로 삼는다. 부녀들은 …… [패설을] 서로 다"
179,50,29,cj_v41_0171,인물,인물,True,"신(臣) 병창이 (가) 앞에 나아가 품의했더니, 이르기를 ""성묘(聖廟) 동서무(東西廡)에 배향된 제현 및 충절과 대의가 매우 빛나 영원토록 높이 받들기에 합당한 47곳의 서원 외에는 모두 향사(享祀)를 중단하고 사액을 철폐하라""고 하였다. 지시를 받들어 이미 사액된 서원 중 앞으로 계속"
457,56,7,cj_v41_0433,인물,인물,True,"당에 유학하고 돌아와 영주에 부석사를 세우고 많은 제자를 양성하였다. 두 분의 고승을 모시고 어떤 활동을 하셨는지 들어 보겠습니다. 무애가를 지어 세상에 퍼뜨렸고, 이로 인해 많은 사람이 '나무아미타불을 외우게 되었지요. 올로그램의星 떨팋난들의사 인물 (가) (나) (가), (나) 인물"
1034,67,34,cj_v41_0980,제도,인물,False,"초대 주미 공사 특별전 초대 주미 공사인 (가)은/는 미국 대통령에게 고종의 국서를 전달하는 등 외교 활동을 펼친 후 귀국 하여 미속습유를 집필하였다 그는 이 책에서 미국의 문물과 제도를 소개하였으며, 미국과의 외교 관계를 강 조하였다 (가) 인물의 활동으로 옳은 것은?  [키워드] 고"
318,53,18,cj_v41_0302,문화,문화,True,"(역사 다큐엔터리 제작 기획안〉 15세기 조선, 과학을 꽃 피우다 1.기획 의도 조선 초, 부국강병과 민생 안정을 위해 과학 기술 분야에서 노력한 모습을 살펴본다. 2.구성 1부 태양의 그림자로 시간을 보는 앙부일구 (가) 3부 외적의 침입에 대비한 신무기, 신기전과 화차 (가)에 들어"
104,49,4,cj_v41_0099,문화,문화,True,문화유산 답사 안내 우리 지역의 역사 유적이 유적로 세계유산에 등재된 지 5년이 되었다. 이를 기념하여 답사를 준비하였으니 많은 관심과 참여 바랍니다. 답사 경로 (출발 - 도착 - 능산리 고분군 관북리 유적 정림 사지 나성 다음 지역에 대한 탐구 활동으로 적절한 것은?  [키워드] 활
1052,68,2,cj_v41_0998,사건,인물,False,"궁궐 안 손자와 대화하며 과거를 회상하는 장면. 손자가 할아버지에게 어떻게 왕이 되었는지 묻자, 왕은 이 땅에 들어와 처음에는 국경 수비를 맡았다가 준왕을 몰아내고 왕이 되었다고 답하였다. 또 왕검성을 중심으로 기반을 정비하고 백성을 받아들여 나라의 내실을 다졌다고 설명하였다. (가)에"
108,49,8,cj_v41_0103,제도,외교,False,이것은 (가)의 중대성에서 일본의 태정관에 보낸 외교 문서의 사본이다. 문서에는 정당성의 좌윤 하복연 등 주요 사신단의 명단과 두 나라의 우호를 돈독히 하고자 사신을 파견한다는 내용 등이 담겨 있다. 오늘 소개해 주실 자료는 무엇인가요? (가) 국가에 대한 설명으로 옳은 것은?  [키워
1340,73,40,cj_v41_1276,사건,사건,True,"제AA호 1929년 00월 00일 신간회, 최고 간부를 광주로 특파하다 지난 3일 전남 광주에서 일어난 고등보통학교 학생 대 중학생의 충돌 사건에 대하여 신간회 본부에서는 지난 5일 중앙 상무 집행위원회의 결의로 장성, 송정, 광주 세 지회에 긴급 조사를 지시하며 사태의 진전을 주시하고"
238,51,38,cj_v41_0227,사건,문화,False,- 주소: 서울특별시중구정동길41-1 1 - 개방 시간: 09:30~17:30 (가)에 대한 설명으로 옳은 것은?  [키워드] 중명전
647,59,47,cj_v41_0613,인물,인물,True,"역사 돋보기 조선이 아나 이바이 조선 전기에는 외부 세계와의 관계가 중국과 일본을 중심 0 로 류규 등의 아시아 국가에 주로 국한되어 있었다. ㉠조선인의 외부에 대한 인식은 이들 국가에 집중되어 있었고, 조선은 중국을 비롯한 주변 국가 이외의 세계에서는 낯선 존재였다. 조선 후기에 들이"
619,59,19,cj_v41_0585,인물,인물,True,일마 전에 임금께서 원통하고 먹물한 일을 당한 백성들을 위해 신문고를 설치하라고 명하셨다더군. 뿐인 아니라 문하부를 없애고 의정부를 설치하면서 문하부 낭사를 사간원으로 독립시카셨다네. '임금'의 재위 시기에 있었던 사실로 옳은 것은?  [키워드] 의정부 사간원 신문고 서원 재위 백성
1151,70,1,cj_v41_1095,정치,정치,True,오전 10:20 98% 매일 문제 풀고 한국사 박사 되자! ◆ 사유 재산과 계급이 발생한 (가) 시대의 대표적인 유물을 고르시오. 정답 다음 문제▶ (가) 시대의 생활 모습으로 가장 적절한 것은?  [키워드] 청동기 시대의 생활 모습
1108,69,8,cj_v41_1053,사건,사회,False,"이 문서는 일본의 도다이사 쇼소인에서 발견된 것으로, (가)의 5 소경 중 하나인 서원경 주변 촌락을 포함한 4개 촌락의 인구 현 황, 토지의 종류와 면적 등이 상세히 기록되어 있다 (가) 국가의 경제 상황으로 옳은 것은?  [키워드] 서원 토지 경제"
1240,71,40,cj_v41_1182,사건,사건,True,대학을 세운다는 일은 극히 거창하여 여간 몇 사람의 힘으로는 도저히 성취할 바가 아니므로 금일까지 실지의 운동이 일어나지 못하였던 것이라. 그러나 일이 거창하고 어렵다고 시작을 아니하면 언제까지든지 조선 사람의 대학이라는 것은 생겨볼 수가 없다. 그러므로 이번에 조선 전도의 다수한 유지
1271,72,21,cj_v41_1213,정치,사건,False,"이곳은 최근에 개방된 효릉이다. 조선 국왕 인종과 그의 왕비 인성왕후가 모셔져 있다. 인종은 즉위한 지 1년도 되지 않아 사망하였다. 인종의 죽음은 윤원형, 윤임 등 외척 간의 권력 다툼으로 사림이 피해를 입은 이 사건의 계기가 되었다. 918 1009 1126 1198 1270 139"
653,60,3,cj_v41_0619,문화,문화,True,"국가문화유산포털 문화유산 검색: 김해 양동리 고분군 수로왕이 건국했다고 전해지는 (가)의 유적이다. 발굴 조사 결과 널무덤, 독무덤 등 600여 기의 유구와 토기, 청동기, 철기 등 5,200여 점에 이르는 유물이 출토되었다. (가) 나라에 대한 설명으로 옳은 것은?  [키워드] 수로왕"
89,48,39,cj_v41_0084,인물,인물,True,"이곳은 경상북도 영양군에 있는 독립운동가 (가)의 옛 거처이다. 그는 조선 총독 암살을 기도하였고, 국제 연맹 조사단에 강력한 독립 의지를 표명하는 혈서를 전달하려 하였다. 이후 만주국 주재 일본 대사 암살 계획이 발각되어 체포된 뒤 순국하였다. (가) 인물의 활동으로 옳은 것은?  ["
119,49,19,cj_v41_0114,사건,사건,True,이것은 능수 목사 민여로가 건립한 정양 선생 적려 유히비이다. 정암 선생은 소격서 폐지 현랑과 실시 등웅 추진하다가 이 사건으로 능주에 유배되었다. '이 사건'에 대한 설명으로 옳은 것은?  [키워드] 사건
1026,67,26,cj_v41_0972,외교,사건,False,"조선 후기 군사 조직의 정비 이괄의 난 이후 수도 외곽의 방어를 위해 총융청을 설치하였다 포수, 살수, 사수의 삼수병 체제로 구성된 훈련도감을 조직 하였다 국 왕의 호위와 도성 수비 강화를 목적으로 금위영을 창설하였다 (나)-(가)-(다) (가)~(다)를 일어난 순서대로 옳게 나열한 것"
995,66,45,cj_v41_0942,정치,정치,True,서울-부산 간 고속 도로 준공식이 대구에서 열렸습니다. 대전-대구 구간을 마지막으로 경부 고속 도로가 완공되면서 서울에서 부산까지의 이동 시간이 4시간 30분 정도로 줄어들게 되었다. 하지만 2년 5개월여의 단기간에 고속 도로를 완공하면서 다수의 사상자가 발생하는 등 안타까운 일도 있었
1003,67,3,cj_v41_0949,인물,인물,True,"백제 제26대 왕 명농, 지혜와 식견이 뛰어나고 결단력이 있었다 웅진에서 사비로 도읍을 옮기고 백제의 중흥을 꾀했다 구천(관산성 부근)에서 신라의 복병에게 목숨을 잃었다 다음 자료에 해당하는 왕에 대한 설명으로 옳은 것은?  [키워드] 백제 신라 웅진 사비"
1014,67,14,cj_v41_0960,사건,사건,True,"윤관이 포로 346구와 말 96필, 소 300여 마리를 바쳤다. 의주와 통태진·평융진에 성을 쌓고, 함주·영주·웅주·길주·복주, 공 험진과 함께 북계 9성이라 하였다 그해 12월 16일에 처인부곡의 작은 성에서 적과 싸우 던 중 화살로 적의 괴수인 살리타를 쏘아 죽였다. 사로잡은 자들이"
1429,75,29,cj_v41_1365,사상·종교,사상·종교,True,재판 기록으로 보는 한국사 판 결 (가) 종교에 대한 설명으로 옳은 것은?  [키워드] 종교
142,49,42,cj_v41_0135,사회,사건,False,최근 개통된 천사대교를 건너면 일제 강점기 대표적인 소작 쟁의가 전개된 암태도를 만날 수 있다. 당시 암태도의 농민들은 고율의 소작료를 징수하는 지주 문재철에 맞서 목포까지 나가 단식을 벌이는 등 약 1년에 걸친 투쟁으로 소작료를 낮추는 성과를 거두었습니다. '투쟁' 이후의 사실로 옳은
365,54,15,cj_v41_0346,제도,제도,True,이번에 개정된 토지 제도에 대해 들았는가? 들었네. 인품을 배제하고 관직과 위계의 높고 낮음을 기준으로 전지와 시지를 지급한다고 하더군 자급 기준이 점차 정비되어 가는군 ‘토지 제도’가 시행된 국가의 경제 상황으로 옳은 것은?  [키워드] 토지 제도 토지 경제 제도 관직
218,51,18,cj_v41_0208,인물,인물,True,"〈한국사 교양 강좌〉 인물로 보는 고려의 성리학 제함. 안향, 제2강. 이제현, 제함. 이색, 제4강. 정몽주, 제함. 정도전, 우리 박물관에서는 '인물로 보는 고려의 성리학을 주제로 한국사를 이해하는 자리를 마련하였다. 관심 있는 분들의 많은 참여 바랍니다. 강좌 순서 (가) (나) "
344,53,44,cj_v41_0327,문화,문화,True,"조사 보고서 △학년 △반 이름: ○○○ 주제: 경성의 거리 풍경 일제 강점기 경성은 청계천을 경계로 한국인이 사는 북촌과 일본인이 주로 사는 남촌으로 나뉘어 도시화가 이루어졌다. 도시 빈민인 토막민은 청계천이나 도시 외곽에 터를 잡았다. 지도에는 토막, 경성역, 조선은행, 조선 총독부,"
981,66,31,cj_v41_0928,인물,인물,True,역사 돋보기 (가)의 교세를 확장한 해월 최시형 해월 선생은 제자들에게 '최보따리'라고도 불렸다. 포교를 위해 잠행을 하면서 보따리를 자주 쌌기 때문에 붙여진 별명이다. 교조 최제우의 처형으로 위축되었던 (가)의 교세는 2대 교주였던 그의 노력으로 크게 확장되었다. 그는 1897년 손병
744,61,44,cj_v41_0706,제도,사건,False,"제△△호 0000년 00월 00일 서윤복 선수 환영회, 중앙청 광장에서 개최 제51회 보스턴 세계 마라톤 대회에서 세계 신기록을 세우며 우승한 서윤복 선수의 환영회가 중앙청 광장에서 열렸다. 군정청의 주요 인사와 정계 인사를 비롯한 수많은 군중이 참석하여 우리 민족의 의기를 세계에 과시"
195,50,45,cj_v41_0187,인물,인물,True,마련한 이 문서는 (가) 대한민국 임시 정부 건국 강령 초안 이다. 건국 강령은 민족 운동의 방향과 광복 후 국가 건설의 지향을 담은 것 으로 대한민국 임시 정부 임시 헌장의 이론적 기초가 되었다. 이 초안에는 [그가二]이/가 고심하여 수정한 흔적이 그대로 남아 있어 역사적 가지가 높다
107,49,7,cj_v41_0102,사건,사건,True,"(가) 살수에 이르러 [수의] 군대가 반쯤 건너자 을지문덕이 군사를 보내 그 후군을 공격하였다. 우둔위 장군 신세웅을 죽이니, [수의] 군대가 걷잡을 수 없이 모두 무너져 9군의 장수와 병졸이 도망쳐 돌아갔다. - 삼국사기 - (나) [신라군이] 당군과 함께 평양을 포위하였다. 고구려 "
1270,72,20,cj_v41_1212,정치,인물,False,"전하께서 성군을 이으셨으니, 예악(禮樂)으로 태평 시절을 일으키실 때가 바로 지금이다. 장악원 소장의 의궤와 악보가 오랜 세월이 지나서 끊어지고 문드러졌다. 다행히 보존된 것 역시 모두 엉성하고 오류가 있으며 빠진 것이 많다. 이에 성현 등에게 명하여 다시 교정하게 하였다. 책이 완성되"
1554,78,4,cj_v41_1485,군사,사건,False,"우리 군이 관산성을 공격하여 김무력01 01끄는 신라군과 전투를 벌였다는데, 어찌 되었는지 아는가? 왕께서 몸소 보병과 기병을 거느리고 구천에 이르셨는데, 신라군의 기습을 받아 돌아가셨다네. 결국 우리 군이 크게 패했다는군 밑줄 그은 '왕'에 대한 설명으로 옳은 것은?  [키워드] 신라"
589,58,39,cj_v41_0557,외교,사건,False,"우리는 조국 흥망의 관두(曰에서 이 위기를 극복하기 위해 오직 민족 자결 원칙에 의하여 조국의 남뿌통일과 민주 독립을 촉진해야 겠다. 우리 민족자주연맹 중앙집행위원회는 김구 선생과 김규식 박사의가인에 의하여 실현되는 남북 정치 협상을 전적으로 지지 하며, 아울러 그 성공을 위하여 적극적"
102,49,2,cj_v41_0097,제도,인물,False,"위만이 망명하여 호복을 하고 동쪽의 패수를 건너 준왕에게 투항하였다. 위만은 서쪽 변경에 거주하도록 해주면, 중국의 망명자를 거두어 번병(藩屛)*이 되겠다고 준왕을 설득하였다. 준왕은 그를 믿고 총애하여 박사로 삼고 … - 백 리의 땅을 봉해 주어 서쪽 변경을 지기게 하였다. - 「삼국"
1057,68,7,cj_v41_1003,정치,문화,False,"김해 봉황동 유적, 사적으로 확대 지정 (가)의 대표적 생활 유적지인 봉황대가 회현리 패총과 합쳐져 김해 봉황 동 유적으로 확대 지정되었다 이 유적은 김수로왕에 의해 건국되었다고 전해진 (가)의 초기 모습 을 추정해 볼 수 있는 귀중한 문화유산이다 (가) 나라에 대한 설명으로 옳은 것은"
1564,78,14,cj_v41_img_78_14,문화,문화,True,"이것은 청주 흥덕사에서 간행된 직지심체요절입니다. 백운 화상이 부처와 여러 고승의 가르침에서 중요한 내용을 뽑아 편찬한 책으로, 현존하는 금속 활자 인쇄본 중 가장 오래된 것입니다. (가) 국가의 문화유산으로 옳은 것은?  [키워드] 직지심체요절"
888,64,38,cj_v41_0841,사건,사건,True,이것은 평양에서 조만식 등의 주도로 시작된 이 운동의 선전 행렬을 보여주는 사진이야. 이 운동은 '조선 사람 조선 것' 등의 구호를 내세웠지만. 자본가의 이익만을 추구하는 이기적인 운동이라고 비판받기도 했어. '이 운동'에 대한 설명으로 옳은 것은?  [키워드] 조만식 조선 이익 운동
19,47,19,cj_v41_0017,인물,제도,False,직전법의 폐단으로 이번에 새로운 제도를 마련했다더군. 수조권을 가진 관리가 농민에게 전세를 직접 거두면서 과다하게 수취하는 것이 문제였지. 그래서 소재지의 관청에서 그 해 생산량을 조사하여 전세를 거둔 후 지급하기로 했다네. '제도'를 마련한 왕의 재위 기간에 있었던 사실로 옳은 것은?
770,62,20,cj_v41_0730,제도,사건,False,이 책은 1870년에 편찬된 은대조례이다. 서문에서 흥선 대원군은 은대라고 불린 이 기구의 업무 처리 규정을 일목요연하게 정리하였으니 앞으로 승지들의 사무에 나침반이 될 것이라고 밝혔습니다. '이 기구'에 대한 설명으로 옳은 것은?  [키워드] 흥선대원군 대원군
526,57,26,cj_v41_0496,사회,문화,False,"이 그림은 김득신이 대장간의 모습을 묘사한 풍속화이다. 한 명이 화덕에서 달구대진 쇳덩어리를 방을집기1로 집어 모루 위에 올려놓자 두 명이 쇠망치로 두드리는 모습, 도리에 매어 놓은 그네에 상체를 기대고 어깨너머로 구경하는 아이의 모습 등이 생동감 있게 표현되어 있다. 다음 그림이 그려"
1244,71,44,cj_v41_1186,사건,사건,True,장행기 장행기는 지원병 형식으로 끌려가는 청년을 환송하기 위해 국민 총력 조선 연맹 지부에서 만들어 준 깃발이다. 이 장행기의 주인공은 일제가 중일 전쟁을 일으키고 침략을 확대 하던 시기에 지원병으로 끌려가 전사하였다. 장행기에는 창씨개명한 그의 일본식 이름이 적혀 있다. 밑줄 그은 ‘
1312,73,12,cj_v41_1251,경제,사회,False,"무릇 장마• 가뭄• 병충해 • 서리 피해로 작황이 부실한 경작지를 촌전(村典)*이 수령에게 보고하면 수령이 직접 검사하여 호부에 신고 하고, 호부에서는 다시 삼사에 보낸다. 삼사에서는 넘겨받은 문서를 조사한 뒤에 다시 그 지역 안찰사로 하여금 따로 사람을 보내 자세히 살펴 조사하게 하여"
1123,69,23,cj_v41_1068,정치,사건,False,"사료로 만나는 한국사 신풍부원군 장유가 예조에 단자 를 올리기를, 외아들이 있는데 강도(江都)의 변 때 그의 처가 잡혀갔다 가 속환되어 지금은 친정 부모집에 가 있다. 그대로 배필로 삼아 함께 조상의 제사를 받들 수 없으니, 새로 장가들도록 허락해 주십시오 라고 하였다 위 사료는 이 전"
458,56,8,cj_v41_0434,제도,제도,True,"한주 스튜 일주 좀원경 시원경 님원경 탐라 〈보 기〉 용주. 상주 돈) 전주 감주 양주 두주 - 5소경 북원경 (경주) 금관경 ㄴ. 욕살, 처려근지 등을 지방관으로 파견하몄다. 다 상수리 제도를 실시하며 지방 세력을 견제하몄 다. 였다. 지도와 같이 행정 구역을 정비한 국가에 대한 설명"
1126,69,26,cj_v41_1071,정치,사건,False,며칠 전 주상께서 희빈 장씨가 낳은 왕자를 원 자로 삼으셨다고 하네 중전께서 아직 젊으신데 너무 성급한 결정은 아닌지 우려 스럽네 장씨에게 내렸던 왕후의 지위를 거두고 옛 작호인 희빈을 내려 주도록 하라 (가) 시기에 있었던 사실로 옳은 것은?  [키워드] 서희
71,48,21,cj_v41_0066,사건,사건,True,"(가) 갑자년 봄에, 임금은 어머니가 비명에 죽은 것을 분하게 여겨 그 당시 논의에 참여하고 명을 수행한 신하를 모두 대역죄로 추죄(追罪)하여 팔촌까지 연좌시켰다. (나) 정문형, 한치례 등이 의논하기를, ""지금 김종직의 조의제문을 보니, 차마 읽을 수도 볼 수도 없습니다. …… 마땅히"
910,65,10,cj_v41_0862,인물,인물,True,"〈탐구 활동 보고서〉 1. 주제: (가), 안정과 통합을 꾀하다 2. 방법: 고려사 사료 검색 및 분석 3. 사료 내용과 분석 사료 내용과 분석 - 명주의 순식이 투항하자 왕씨 성을 내리다: 지방 호족 포섭 - 「정계」와 「계백료서」를 지어 반포하다: 관리의 규범 제시 - 흑창을 두어 "
1356,74,6,cj_v41_1292,인물,인물,True,"감은사지, 나홀로 역사 답사 감은사는 삼국 통일의 위 업을 달성한 이 왕이 부처의 힘을 빌어 왜구의 침입을 막고자 짓기 시 작한 절이야 그 뜻을 이어받은 아들 신문 왕이 완공했고, 절의 이름을 감은사라고 지었다고 해. 나는 이제 이 왕 의 수중릉인 대왕암으로 이동! 밑줄 그은 '이 왕'"
178,50,28,cj_v41_0170,사회,사회,True,"김상철이 말하기를, ""도성 백성들의 생계는 점포를 벌여 놓고 사고파는 데 달려 있다. 그런데 근래 기강이 엄하지 않아서 어물과 약재 등 온갖 물건의 이익을 중간에서 독점하는 도고(都賈)의 폐단이 한둘이 아닙니다. 대조(大朝)께서 여러 차례 엄하게 다스렸으나, 점차 해이해져 많은 물건의 "
1478,76,28,cj_v41_1411,정치,사건,False,전 호조 참판 최익현 아룁니다. …… 다행히 성상의 뜻이 척화에 있는 데 힘입어 기정진과 이항로가 상소를 하여 강화가 불가함을 말하자 전하 께서 그 말을 받아들여 주셨습니다. 이런 연유로 10년 동안에는 양적 들이 우리를 탐내었으나 감히 그 뜻을 펴지 못하였다. …… 옛날의 왜인들은 이
1572,78,22,cj_v41_1501,사건,사건,True,"지난 10월 5일에 적이 1만 명을 셋으로 나누어 곧바로 진주를 침범하였다. … 김시민이 직접 전투를 독려하였는데, 철환이 그의 이마를 맞추니 성안이 소란해졌습니다. 적이 북문을 5~6척이나 뚫고 그곳으로부터 들어오려고 할 때 이광악이 다시 여러 장수들을 독려하여 호발을 쏘고 돌을 던졌"
388,54,38,cj_v41_0367,인물,인물,True,이 그림은 (가) 이/가 노동의 중요성을 (가) 인물에 대한 설명으로 옳은 것은?  [키워드] 그림 인물
1051,68,1,cj_v41_0997,정치,문화,False,사진으로 만나는 고창 고인돌 유적 우리 박물관 에서는 2000년 유네스코 세계 유산으로 등재된 고창 고인돌 유적을 소개하는 특별전을 마련하였다 고인 돌은 계급이 발생한 (가) 시대를 대표하는 무덤이다. 사진을 통해 다양한 고인돌의 형태를 살펴보시기 바랍니다 (가) 시대의 생활 모습에 대
607,59,7,cj_v41_0574,인물,인물,True,답사 계획서 - 주제: (가) 의 자취를 따라서 - 개관: 삼국 통일의 위업을 달성한 (가) 찾아가는 일정이다 - 일시: 2022년 6월 00일 09:00~17:00 의 발자취를 - 주요 답사지 소개 월성(반월성) 왕이 거처한 궁성 감은사지 왕을 기리기 위해 아들 신문왕이 완성한 사찰의
1517,77,17,cj_v41_1448,인물,인물,True,"오늘은 나는 한국 고대사 연구에 나는 삼국의 역사를 중요한 사료를 남긴 불교 중심의 설화와 기전체로 정리한 두 분의 이야기를 단군의 건국 이야기 등을 삼국사기의 편찬을 들어 보겠습니다. 담은 삼국유사를 총괄하였소. 저술하였소. (가) (나) (가), (나) 인물에 대한 설명으로 옳은 것"
969,66,19,cj_v41_0917,제도,인물,False,"이전에 주조한 활자가 크고 고르지 않았다. 이에 왕께서 경자년에 다시 주조하셨다. 그리하여 그 모양이 작고 바르게 되었으니, 이것으로 인쇄하지 않은 책이 없었다. 이를 경자자라고 하였다. 갑인년에 다시 위선음쯛( ) 의 글자 모양을 본떠 갑인자를 주조하니, 경자자에 비하여 조금 크고 활"
1444,75,44,cj_v41_1380,사건,사건,True,이것은 일제가 각종 놋그릇과 맞아. 중일 전쟁을 일으키고 침략 생활용품들을 공출한 후 찍은 전쟁을 확대했던 이 시기 일제는 사진이야. 당시 금속류 회수령이 군수 물자 생산을 위해 사찰의 실시되었지. 종까지 걷어가기도 했어. 밑줄 그은 ‘이 시기’에 시행된 일제의 정책으로 옳은 것은?  
277,52,27,cj_v41_0263,인물,인물,True,"(가) 이/가 과학 기술인 명예의 전당에 현정되었다. 그는 천문학에 조예가 깊어 기존의 혼천의를 개량했으며, 그의 학문은 담현서로 정리되어 오늘날 전해지고 있다. 집퀴 1 (가) 인물에 대한 설명으로 옳은 것은?  [키워드] 문학 과학 기술 인물"
747,61,47,cj_v41_0709,사건,사건,True,"전국의 언른인 여러군! 지금 광주에서는 젊은 대학생들과 시민들이 피를 홀리며 싸우고 있다 대학생들의 평화적 시위를 질서 유지, 진압이라는 명목 아래 저 잔인한 공수 부대를 투입하여 시민과 학생을 무차별 살육 하였고 더군다나 발포 명령까지 내렸던 것이다. ------ 그러나 일부 언론은 "
795,62,45,cj_v41_0755,정치,정치,True,실감 콘텐츠로 만나는 000 정부 나공식 수繆 제1차 석유 파동으로 엄취 선 버스 다음 정부 시기에 볼 수 있는 모습으로 가장 적절한 것은?  [키워드] 박정희 정부
1546,77,46,cj_v41_1477,인물,인물,True,"이 자료는 미소 공동 위원회 미국 대표단 정치고문단 소속인 ㄴ. M. 버치 중위가 좌우 합작을 주도한 (가) 을/를 추모하며 남긴 연설문이다. 엔도 정무총감과의 회담에서 사회 안정에 관한 요구 사항을 관철하는 등 해방 정국을 주도하던 (가) 이/가 암살되자, 버치 중위는 존경의 의미를 "
532,57,32,cj_v41_0502,사건,인물,False,"견- 탐구 활동 계획서 0학년 0반 이를 000 1. 주제: (가) 지역을 중심으로 본 조선의 대외 관계 2. 탐구 방법: 문헌 조사, 인터넷 검색 등 3. 탐구 내용 가. 대일 무역의 거점, 초량 왜관 나. 개항 이후 설정된 조계의 기능 다. 관세 문제로 일어난 두모포 수세 사건 원산"
94,48,44,cj_v41_0089,제도,사건,False,일본 정부가 우리 역사들 왜곡한 산업유산정보센터들 도교데 개관하였다 중. 일 전쟁 이후 일제가 침락 선쟁을 확대하면 이 시기의 한국인 강제 동원 사실들 부성하는 전시를 하고 있어 근 파장이 예상되니다. 일본 역사 왜곡 산업무신정보센다터 개관 ‘이 시기’에 시행된 일제의 정책으로 옳지 않
15,47,15,cj_v41_img_47_15,문화,문화,True,고려 초기의 저서로 (가)에 대해 언급한 글이다. 충청남도 논산시 관촉사에 있는 불상으로 '은진 미륵'이라고 불린다. 불상에서 발견된 기록을 통해 고려 광종 때 만들어진 것으로 알려졌다.   파격적이고 대범한 미적 감각을 담고 있다고 인정받아 2018년에 국보 제323호로 승격되었다. 
949,65,49,cj_v41_0899,사건,인물,False,"지도로 보는 우리 지역의 역사 1 '1즈心 ,띤 풍패지관 전라 감영 성황사 石0工 1872년에 제작된 우리 ,월 지역 지도의 일부이다. 조선 시대 전라도 일대를 총괄하는 전라 감영, 조선 왕실의 발상지라는 의미로 한(漢) 고조의 고사에서 ! - 이름을 딴 객사 풍패지관, 태조 이성계의 "
1590,78,40,cj_v41_1518,사건,정치,False,"가장 경제적이요, 활동적인 국민 표준복과 청년단복의 구매는 조선 총독부 교화 단체 연합회 및 국민 정신 총동원 조선 연맹이 지정한 화신 (주며言)으로! 이것은 국민 표준복과 청년단복을 홍보하는 광고이다. 일제는 국가 총동원법 제정 이후 침략 전쟁을 확대하던 이 시기에 전시 생활 체제를 "
1192,70,42,cj_v41_1135,인물,사건,False,친애하는 메논 박사 남북 지도자 회담에 관하여 귀하와 귀 위원단에게 우리의 의견과 각서를 이미 제출한 바이어니와 우리는 가급적 우리 양인의 명의로 남에서 이에 찬동하는 제 정당의 대표 회담을 소집하여 이미 제출한 바에 제1차 보조를 하겠습니다. 이 회의에서 남쪽이 대표를 선출하면 북쪽에
822,63,22,cj_v41_0779,인물,인물,True,해주향약을 시행하여 향촌 교화에 힘썼던 이 인욷에 대해 말해 보자. 동호문답에서 수취 제도 개편 등 격몽요결을 저술하여 다양한 개혁 방안을 체계적인 성리학 제시하였다. 교육에 힘썼어. '이 인물'에 대한 설명으로 옳은 것은?  [키워드] 성리학 향약 수취 향촌 인물 교육 제도 개혁
25,47,25,cj_v41_0023,사회,사회,True,"경상도 향촌의 오래되고 유력한 가문은 구향이라 불렸고, 새롭게 성장한 세력은 신향이라 불렸다. 이들은 향교와 서원 운영, 향촌 지배권을 둘러싸고 자주 대립하였다. 다음 상황이 나타난 시기에 볼 수 있는 모습으로 적절한 것을 ＜보기＞에서 고른 것은?  [키워드] 향교 서원 향촌"
1301,73,1,cj_v41_1242,정치,정치,True,"부여 송국리 출토 유물 이번 호에서는 부여 송국리에서 출토된 대표적인 유물을 소개합니다. 사유 재산과 계급이 발생한 (가) 시대의 유물을 통해 당시 사람들의 생활 모습을 상상해 보세요. 爺 유물 소개 비파형 동검 검몸[劍身] 아랫부분의 폭이 넓고 둥근 비파 모양을 이루며, 중앙보다 약간"
304,53,4,cj_v41_0290,인물,인물,True,백제 제25대 왕인 (가) 의 무덤 발굴 50주년을 기념하는 행사가 공주시에서 열립니다. (가) 은/는 백가의 난을 평정하고 22담로에 왕족을 파견하였다. 그의 무덤은 피장자와 축조 연대가 확인된 유일한 백제 왕릉이다 (가) 왕의 재위 기간에 있었던 사실로 옳은 것은?  [키워드] 22
1191,70,41,cj_v41_1134,사상·종교,인물,False,"나는 1913년 상하이 망명 후 동제사에 참여하였소. 1917년에는 대동단결 선언을 작성했다오. 여기에서 나는 주권이 국민에게 있음을 밝혔는데, 이것이 공화정을 지향하는 정치사상으로 평가받고 있다오. 1930년에는 안창호 등과 함께 한국 독립당을 창당하였소. 이후 대한민국 임시 정부 건"
508,57,8,cj_v41_0480,인물,인물,True,0 완산주를 다시 설치하고 용원을 총관으로 삼았다. 거열주를 나누어 청주(菁州)를 두니 처음으로 9주가 되었다. 대아찬 복서를 총관으로 삼았다. 0 서원소경을 설치하고 아산 원대를 사신(仕臣)으로 삼았다. 남원소경을 설치하고 여러 주와 군의 주민들을 옮겨 그곳에 나누어 살게 하였다. 다
202,51,2,cj_v41_0193,정치,문화,False,이 유물은 중국 지런성 상화강 유역의 등된산 유적에서 출토된 (가) 의 금동제 가면이다. '삼국지 동이전에 따르면 에는 여러 가까들이 별도로 관찰하는 사출도가 있엿으며 사람을 죽여 순장하는 풍습이 행해 젓다고 한다. (가) 나라에 대한 설명으로 옳은 것은?  [키워드] 사출도 순장
455,56,5,cj_v41_0431,사건,사건,True,(가) 왕은 당과 신라 군사들이 이미 백강과 탄현을 지났다는 소식을 듣고 장군 계백에게 결사대 5천 명을 거느리고 황산으로 가서 신라 군사와 싸우게 하였다. 계백은 4번 싸워서 모두 이겼으나 군사가 적고 힘이 모자라서 마침내 패하였다. (나) 사찬 시득이 수군을 거느리고 소부리주 기벌포
148,49,48,cj_v41_0141,정치,정치,True,제39조 0 대동굉은 대동령 선거인단에서 무기명 투표로 선거 한다 대통령에 입후보하리는 지는 정당의 수천 또는 법률이 정하는 수의 대통령 선거인의 추천을 받아야 한다 대통령 선기인단에서 재적 대통령 선기인 과반수의 찬성을 얻은 자흘 대통령 당선자로 한다 제45조 대통덩의 임기는 7년으로
431,55,31,cj_v41_0407,사건,사건,True,이것은 구식 군인들이 일으킨 이 사건 당시 민응식이 왕비를 호종(扈從)하며 기록한 자료이다. 궁궐을 빠져 나은 ; 왕비의 피란 과정과 건강 상태 등이 상세히 기록되어 있다. A 임오유월일기 '이 사건'에 대한 설명으로 옳은 것은?  [키워드] 사건
332,53,32,cj_v41_0315,정치,인물,False,"양화진 외국인 선교사 묘원 주요 안장자 해론 검색 헤론은 -유리나라 최초의 근대식 병원인 이곳에서 의사로 근무하였다. 그는 초기에 운영을 주도했던 알렌이 미국으로 돌아간 후 이곳의 진료 업무를 전담하였으며, 고종에게 2품의 품계를 받았 다. ‘이곳’이 운영되던 시기에 볼 수 있는 모습으"
1596,78,46,cj_v41_1524,사건,사건,True,참여마당 (가) 민주묘지 侖 온라인추모 온라인추모 소개 개인묘역별참배 하늘편지 이용안내 하늘편지 온라인추모 하늘편지 알림마당 독재와 3 • 15 부정 선거에 맞서 민주주의를 지켜낸 민주 영령께 추모의 글을 남기는 공간이다. 김주열 민주 열사에게 드리는 하늘편지 불의에 항거한 용기와 민주
317,53,17,cj_v41_img_53_17,문화,문화,True,이 탑은 개성에 있었는데 지금 국립 중앙 박물관에 전시되고 있어. 원의 영향을 받은 다각 다층의 대리석 탑이야. 원각사지 십층 석탑에 영향을 주기도 하였지. 다음 대화에 해당하는 문화유산으로 옳은 것은?  [키워드] 고려 시대의 석탑
483,56,33,cj_v41_img_56_33,문화,문화,True,"국민의 품에 안긴 조선 후기 명화 추사 김정희의 대표작이 소장자의 뜻에 따라 ○○박물관에 기증되었다. 그동안 기탁 형태로 관리되었으나 온전히 국가에 귀속된 것이다. 이 작품은 김정희가 제주도 유배 중에 쓴 사제의 의리를 변함없이 지킨 제자 이상적에게 그려준 것으로, 시서화의 일치를 추구"
201,51,1,cj_v41_0192,정치,정치,True,"△△ 박물관 특별전 (가) 쓰대로 떠나는 시간 여행 모시는 글 우리 박물관에서는 농경과 정착 생활이 시작된 (가) 시대 특별전을 마련하였다 덧무늬 토기, 흙으로 빚은 사람 얼굴상 갈돌과 갈판 등 다양한 유물들을 전시하고 있으니 많은 관람 바랍니다. 0기간: 2021 ○○○○~○○○○ 장"
441,55,41,cj_v41_0417,사건,사건,True,이것은 '학생의 날' 기념 우표이다. 학생의 날은 1929년 한일 학생 간 충돌을 계기로 광주에서 일어나 전국으로 확산된 이 운동을 기리기 위해 1953년에 제정되었다. 2006년부터 학생 독립운동 기념일로 명칭이 변경되었다. '이 운동'에 대한 설명으로 옳은 것은?  [키워드] 독립운
632,59,32,cj_v41_0598,사건,사건,True,"17일에 홍 참판이 우정총국에서 개국 연회를 열었다. 그동안에 돈' [담장 밖에세 화재가 발생했다. 민 참판은 양해를 구한 뒤 화재 진압을 돕기 위해 밖으로 나갔다. 바깥에는 연회에 참석한 일본쳨 공사를 호위하기 위해 온 일본 병시들이 두 줄로 늘어서 있었고, 그는 그들을 지나쳤다. 민"
501,57,1,cj_v41_0474,정치,정치,True,"김해 구산동의 무게 350톤 규모의 초대형 고인돌에서 매장 주체부가 발굴되어 무덤으로 확인되었다. 이 고인돌은 그 규모와 출토 유물을 통해서 사유 재산과 계급이 발생한 (가) 시대의 모습을 살펴볼 수 있는 중요한 유적으로 평가되고 있다. 臼한1 김해의 초대형 고인돌, 무덤으로 확인 (가"
1116,69,16,cj_v41_1061,문화,문화,True,이것은 왕실의 종친인 신안공 왕전이 몽골의 침략을 받던 시기에 국가의 태평을 기원하며 발원한 법화경서탑도(法華經書塔圖)이다 감색 종이에 금가루 등으로 법화경 수 만 자를 한 자씩 써서 칠층 보탑을 형상화한 것이 특징이다 몽골의 침략을 받던 시기 밑줄 그은 '국가'의 문화유산으로 옳지 않
1448,75,48,cj_v41_1384,사건,사건,True,사진 속 쓰러진 인물이 대학교 맞아. 이 사건은 호헌 철폐와 정문에서 시위 도중 경찰이 쏜 독재 타도를 외친 민주화 운동이 최루탄에 피격된 이한열이지? 확산하는 데 영향을 주었어. 밑줄 그은 ‘민주화 운동’에 대한 설명으로 옳은 것은?  [키워드] 인물 사건 운동
1438,75,38,cj_v41_1374,제도,사건,False,"(가) 제1조 대한국은 세계 만국에 공인된 자주독립 제국이다. 제2조 대한 제국의 정치는 만세에 걸쳐 불변할 전제 정치이다. 제3조 대한국 대황제는 무한한 군권(君權)을 누린다. (나) 중 추원은 아래에 열거한 사항을 심사하고 회의하여 결정하는 곳으로 할 것이다. 1. 법률, 칙령의 제"
1435,75,35,cj_v41_1371,사건,사건,True,신문 제△△호 ◯◯◯◯년 ◯◯월 ◯◯일 [사설] 대홍수의 재난에서 조선의 형제들을 구하라 대홍수로 중부 지방에 엄청난 피해가 발생하였다. 7월 18일에는 용산과 뚝섬 일대가 완전 침수되었고 이튿날은 광주군 선리 주민 292명이 ▲ 침수된 용산 일대 물에 빠져 죽었다. 경부선은 10일간 
1594,78,44,cj_v41_1522,사건,정치,False,노래에 담긴 한국사 총선거의 노래 (1절) 이해의 국민 경사는 자유의 총선거 날로 국민은 새 결심으로 다 같이 투표합시다. 세계의 참된 평화는 조선의 독립이라오. 평화를 희망하는 이 나와서 투표합시다. (2절) 선거는 국민 경사며 투표는 남녀의 동권(同權) 국민은 총신(總進)하여서 다 
1423,75,23,cj_v41_1359,사건,사건,True,상세 정보 남한산성 무너진 날 죽었어야 할 몸인데 (가) 전쟁 중에 있었던 사실로 옳은 것은?  [키워드] 전쟁
1326,73,26,cj_v41_img_73_26,인물,문화,False,이곳 철원 삼부연 폭포는 겸재 (가)이/가 그린 그림으로 유명합니다. 우리 산천의 아름다움을 사실적으로 표현한 진경 산수화를 실제 모습과 함께 감상해 보세요. (가) 인물의 작품으로 옳은 것은?  [키워드] 그림 인물
1229,71,29,cj_v41_1171,외교,사건,False,(가) 부산항에서 일본국 인민이 통행할 수 있는 도로 이정(里程)은 부두로부터 기산하여 조선 이법(里法)으로 동서남북 직경 10리로 정한다. 동래부는 이정 밖에 있지만 특별히 왕래할 수 있다. 일본국 인민은 마음대로 통행하며 조선 토산물과 일본국 물품을 사고팔 수 있다. (나) 통 상 
1498,76,48,cj_v41_1431,문화,정치,False,이것은 서울에 최초로 설정된 개발 제한 구역을 표시한 지도 이다. 경부 고속 국도를 준공하는 등 경제 발전에 힘쓰던 당시 정부는 도시의 무질서한 확산을 방지하고 도시 주변의 자연환경을 보전하기 위해 처음으로 개발 제한 구역을 설정하였다. 밑줄 그은 ‘정부’ 시기에 볼 수 있는 모습으로 
117,49,17,cj_v41_0112,제도,제도,True,"왕이 지정(至正) 연호의 사용을 중지하고 교서를 내려 말하기를, ""…… 기철 등이 군주의 위세를 빙자하여 나라의 법도를 뒤흔들었다. 자신의 기분에 따라 관리를 마음대로 임명하여 정령(政令)이 원칙 없이 바뀌었다. 남이 토지를 가지고 있으면 그것을 차지하고, 노비를 가지고 있으면 빼앗았다"
482,56,32,cj_v41_0457,사건,사건,True,동학 농민 운동의 전개 과정 백산 봉기 -> (가) -> 전주성 점령 (가) 시기에 전개된 동학 농민군의 활동으로 옳은 것은?  [키워드] 백산 봉기 동학농민운동 동학 농민 봉기 활동 운동
239,51,39,cj_v41_0228,인물,인물,True,이 정부는 지도에 표시된 충청으로 근거지를 옮기며 한국광복군을 창설하였다. 이후 이 정부가 전개한 활동에 대해 말해 볼까요? 교사의 질문에 대한 학생의 답변으로 옳은 것은?  [키워드] 한국광복군 광복 지도 활동
1424,75,24,cj_v41_1360,정치,인물,False,"이 책은 이인좌의 난을 평정한 직후 (가) 의 명으로 송인명 등이 난의 진행 과정과 원인에 대해 여러 자료를 참고해서 편찬한 것이다. 어제(御製) 서문에는 이인좌의 난이 일어난 원인을 붕당에서 찾고 있으며, 이와 같은 변란의 재발을 막기 위하여 이 책을 편찬한다고 명시되어 있다. (가)"
4,47,4,cj_v41_0004,인물,인물,True,"(가) 왕이 다시 명령을 내려 좋은 가문 출신의 남자로서 덕행이 있는 자를 뽑아 명칭을 고쳐 화랑이라고 하였다. 처음으로 설원랑을 받들어 국선으로 삼으니, 이것이 화랑 국선의 시초이다. - 삼국유사 - (나) 왕이 이찬 이사부에게 명령하여 가라국을 습격하게 하였다. 이때 사다함은 나이가"
842,63,42,cj_v41_0799,사건,문화,False,"역사 뮤지컬 한 척의 배로 가장 많은 인명을 대피시킨 메러디스 빅토리호 (가) 전쟁 중 흥남 철수 당시 배에 실린 군수 물자를 내리고 14,000여 명의 피난민을 구출한 감동적인 이야기가 펼쳐집니다. 일시: 2023년 ○○월 ○○일 19:00 장소: △△ 문화회관 대극장 (가) 전쟁 중"
381,54,31,cj_v41_0360,사건,사건,True,이것은 이재연이 이끈 조선군 수비대가 로저스 제독의 함대에 맞서 광성보에서 격렬히 항전한 사건을 보도한 당시의 미국 신문 기사이다. 1866 1868 1876 1882 1884 (가) 1 (나) (다) ! (라) 1 (마) 병인 박해 오페르트 도굴 사건 강화도 조약 조미 수호 한성 통상
258,52,8,cj_v41_0245,인물,인물,True,"이곳은 중국 양저우에 있는 이 인물의 기념관이다. 그는 당에 유학하여 빈공과에 급제하였고, 황소의 난이 일어나자 격황소서(檄黃巢書)를 지어 이름을 떨쳤습니다. 또한 당에서 쓴 글을 모은 계원필경을 남겼습니다. ‘이 인물’에 대한 설명으로 옳은 것은?  [키워드] 인물"
1352,74,2,cj_v41_1288,외교,사건,False,"이곳 강화 참성단은 단군왕검이 하늘에 제사를 올리던 제단이라고 전합니다 우리 역사상 최초의 국가인 이 나라를 세운 것을 기념하는 개천절 행사가 매년 열리며, 전국 체육 대회 성화 채화식도 이곳에서 거행됩니다 밑줄 그은 '이 나라'에 대한 설명으로 옳은 것은?  [키워드] 단군왕검 단군 "
1077,68,27,cj_v41_1023,정치,문화,False,"이 건물은 (가)의 정전이다. (가)은/는 태조 이성계가 개경에 처음 세 웠는데, 도읍을 한양으로 옮긴 후 지금의 위치에 건립하였다. 사직 과 더불어 왕조 국가를 표현하는 상징이었습니다 (가) 문화유산에 대한 설명으로 옳은 것은?  [키워드] 이성계 태조 한양"
1374,74,24,cj_v41_1310,사건,인물,False,"고문헌으로 보는 한국사 이것은 장용영 내 영에서 수원외사 번암 채제공에게 보낸 전령(傳令)이다 새롭게 마련된 장용영 절목의 문제점을 중앙에 아 뢰어 고치도록 권한 내용을 담고 있다. 장용영은 (가)이/가 조직 한 친위 부대로 서울에 내영, 수원 화성에 외영을 두어 규장각과 함 께 왕권 "
229,51,29,cj_v41_0218,사건,사건,True,"답사 계획서 주제: 섬에서 만나는 제국주의 열강의 침입과 저항 일시: 2021년 00월 00일 09:00~18:00 경로: 외규장각 - 연무당 옛터 - 광성보 - 정족산성 - 초지진 (가) 외규장각, (나) 연무당 옛터, (다) 광성보, (라) 정족산성, (마) 초지진 (가)~(마)에서"
184,50,34,cj_v41_0176,사건,사건,True,"사건 일지 1월 10일 이토. 고송에게 일왕의 친서 전달 11월 15일 이토 고종을 접건하고 현상 초안 세출 1월 16일 이트, 대한 제부 대신늘에계 조약 체결 강요 11월 17일 일본군을 동원한 강안적 분위기 속에서 조약 체결 진행 1월 18일 이토 외부인(세뀌티)올 털취하여 고종의 "
193,50,43,cj_v41_0185,정치,정치,True,국가 지정 기록물 온라인 전시관 조선말 큰사전 편찬 원고 (가)에서 조선말 사전 편찬을 위해 1929년부터 13년 동안 작성한 원고이다. 이 원고는 1942년 일제에 압수되었다가 1945년 9월 서울역 창고에서 발견되었다. (가) 단체에 대한 설명으로 옳은 것은?  [키워드] 조선 일제
1216,71,16,cj_v41_img_71_16,문화,문화,True,"청자 상감 모란무늬 항아리  △△ 신문  '국보 순회전: 모두의 곁으로', 강진군에서 열려  국립중앙박물관이 지역 간의 문화 격차를 해소하기 위해 기획한 국보 순회전이 전남 강진군에서 '도자기에 핀 꽃, 상감 청자'를 주제로 개최된다. 이번 전시에서는 청자 상감 모란무늬 항아리, 청자 "
805,63,5,cj_v41_0764,사회,사회,True,"촌락 문서 1 0 소장처: 일본 도다이사 쇼소인 0 소개 이 문서는 조세 수취와 노동력 동원에 활용할 목적으로 작성된 것이다. 여기에는 -의 5소경 중 하나인 서원경 부근 4개 ' 촌락의 인구 현황. 토지의 종류와 면적, 뽕나무와 잣나무 수. 소와 말의 수 등을 3년마다 조사한 내용이 "
1021,67,21,cj_v41_0967,사회,인물,False,"우부승지 김종직이 아뢰기를, 고려 태조는 여러 고을에 영을 내려 공변되고 청렴한 선비를 뽑아서 향리들의 불법을 규찰하게 하였으므 로 간사한 향리가 저절로 없어져 5백 년간 풍화를 유지할 수 있었습 니다 우리 조정에서는 이시애의 난* 이 후 (가)이/가 혁파되자 간악한 향리들이 불의를 자"
267,52,17,cj_v41_0253,문화,문화,True,□□신문 제△△호 0000년 00월 00일 보물로 지정 문화재청은 고려 시대를 다룬 역사서로는 처음으로 보물로 지정하였다. 고려의 역사를 파악하는 데 가장 중요한 원사료로서 객관성과 신뢰성이 뛰어나다는 점 등이 높게 평가되었다. 이 책은 앞 왕조의 역사를 교훈으로 삼을 목적으로 조선 초
346,53,46,cj_v41_0329,사건,사건,True,"제주도에서 발생한 (가) 당시 토벌대는 남한만의 단독 선거에 반대하는 세력을 진압한다는 명분으로 초토화 작전을 벌였고, 이 (가) 사건에 대한 설명으로 옳은 것은?  [키워드] 사건"
972,66,22,cj_v41_0920,사건,사건,True,생생 한국사 교실 2 □ X 수행 과제 : -와/과 관련된 문화유산을 조사하여 사진과 설명을 올려 주세요. 000 동래부순절도 동래 부사 송상현과 관민의 항전을 묘사한 그림이다. □□□ 금산 칠백의총 금산 전투에서 전사한 의병 7백여 명의 유해 를 모신 곳이다. △△A 징비록 당시 영의
1093,68,43,cj_v41_1039,인물,정치,False,저희 모둠은 우리 학교 학생들을 대상으로 (가) 정부의 연관 검색어를 조사해 보았습니다 국가 인권 위원회 설립 한일 문화 교류 노벨 평화상 수상 2002 한일 월드컵 4강 진출 기초 생활 보장 제도 인천 국제 공항 개항 경의선 복원 사업 착공 대우 자동차 최종 부도 처리 중학교 의무 교
1539,77,39,cj_v41_1470,사회,사건,False,이 기사는 일제의 정책으로 인해 피해를 입은 농촌의 모습을 다루고 있다. 대공황 이후 일제는 공업 원료 등을 확보하기 위해 한반도 남부 지방에 면화 재배를 확대하는 정책을 추진하였다. 이 정책이 시행된 시기에 있었던 사실을 말해볼까요? 일제의 강압적 면화 재배 일제가 강제하여 경작한 면
378,54,28,cj_v41_0357,문화,문화,True,"이번 경매 물건은 김정호가 당시 조선의 지도 제작 기술을 집대성하여 만든 (가) 이다 10리마다 눈금을 표시하여 거리를 알 수 있게 하였고, 개개의 산보다 산줄기를 표시하는 데 역점을 두었습니다. 또한 군현별로 다른 색이 칠해진 채색본으로는 국내에 유일하게 남아 있는 것이다. 00월 경"
1292,72,42,cj_v41_1234,인물,인물,True,단재 신채호 연보 1880년 충청도 회덕에서 출생 1898년 성균관에 입학 1907년 ㉠ 신민회 활동에 참여하고 대한매일신보 필진으로 근무 1919년 상하이로 가서 ㉡ 대한민국 임시 정부 수립에 참여 1923년 ㉢ 「조선 혁명 선언」 작성 1927년 무정부주의 동방 연맹 창립 대회에 참
1502,77,2,cj_v41_1435,외교,사건,False,"역사 신문 제△△호 ◯◯◯◯년 ◯◯월 ◯◯일 양국 간 외교 갈등, 전쟁으로 이어지다 한의 사신 섭하가 자신을 송별하던 (가) 의 비왕(裨王) 장(長)을 살해하는 외교적 사건이 발생하였다. 그런데 한 무제는 오히려 섭하에게 벼슬을 내렸고 우거왕은 이에 분노하여 군대를 보내 섭하를 죽였다."
716,61,16,cj_v41_0681,경제,경제,True,이 작품은 이규보가 예성강 하구의 정경을 묘사한 시이다. 이곳에 있던 벽란도는 (가)의 국제 무역항으로 송과 아라비아 상인들이 왕래할 정도로 번성했다. 조수가 들고나니 오고 가는 배의 꼬리가 이어졌구나 아침에 이 누각 밑을 떠나면 한낮이 되지 않아 돛대는 남만(南蠻)에 이르도다 사람들은
787,62,37,cj_v41_0747,사건,사건,True,"(가) 조선 사회 운동 단체인 정우회는 선언서를 발표하였다. 선언서에서 민족주의 세력과 과도기적 동맹 관계를 구축해야 한다고 밝히고, 타협과 항쟁을 분리시켜 사회 운동 본래의 사명을 잊지 말자고 주장하였다. (나) 조선 민족 운동의 중추 기관이 되려는 사명을 띠고 창립되었던 신간회가 첫"
38,47,38,cj_v41_0035,인물,인물,True,"이곳은 도산 안창호 기념관이다. 그는 신민회 결성을 주도하고 서북 학회를 조직하였으며, 흥사단을 창설하여 민족 운동에 힘썼습니다. 다음 방송에서 소개하는 인물에 대한 설명으로 옳은 것은?  [키워드] 안창호 신민회 인물 운동"
486,56,36,cj_v41_0459,사건,사건,True,며칠 전 폐하께서 환구단에 나아가 황제로 즉위하셨다는 소식 들었는가? 들었네. 어제는 국호를 대한으로 선포하셨다고 하더군. 다음 대화 이후에 전개된 사실로 옳은 것은?  [키워드] 환구단 즉위
678,60,28,cj_v41_0643,경제,경제,True,"0 집집마다 인삼을 심어서 돈을 물 쓰듯이 한다고 하는데, 재산을 만드는 방법으로는 이보다 나은 것이 없다고 한다. 0 어제 울타리 밖의 몇 되지기 밭에 담배를 파종하였다. 0금년에는 목화가 풍년이 들었는데, 어제는 시장에서 25근에 100전이었다고 한다. - 노상추일기 - 다음 상황이"
481,56,31,cj_v41_0456,사건,사건,True,김옥균이 일본 공사 다케조에에게 국왕의 호위를 위해 일본군이 필요하다고 요청하였다. 그는 호위를 요청하는 국왕의 친서가 있으면 투입하겠다고 약속하였다. 친서는 박영효가 전달하기로 합의하였다. 다케조에는 조선에 주둔한 청군 1천 명이 공격해 들어와도 일본군 그개 중대면 막을 수 있다고 장
1174,70,24,cj_v41_1118,정치,정치,True,"#5. 궁궐 안 왕과 신하들이 대화하는 장면 신하1: 전 하, 우리나라의 습속은 예로부터 신분에 따라 등용하는 것이 원칙이었습니다. 서얼들을 적자 와 똑같이 대우한다면, 서얼이 적자를 능멸하는 폐단이 열리게 될 것이다. 왕: 수 많은 서얼들도 나의 신하인데 그들이 제자리를 얻지 못하고 "
279,52,29,cj_v41_0265,제도,사건,False,"(가) 대왕대비께서 전교하기를, “이번에 이렇게 만동묘를 철폐하고 다른 곳으로 옮기 모시는 것에 대해서 선현의 혼령이 알게 되더라도 올바른 예법이라고 여기고 유감이 없을 것이다.”라고 하였다. (나) 최익현이 상소를 올려 대원군의 잘못을 탄핵하기를, “만약 그 지위가 아닌데도 국정에 괸"
986,66,36,cj_v41_0933,제도,사건,False,"제△△호 0000년 00월 00일 어려움에 빠진 한인 회사 회사를 설립할 때 조선 총독의 허가를 받도록 하는 법령이 제정되었다. 이후 한인의 회사는 큰 영향을 받아 손해가 적지 않았고, 실업계의 원성이 자자하였다. 전국의 회사를 헤아려 보니 일본인의 회사가 대부분을 차지하였다. '법령'"
541,57,41,cj_v41_0511,인물,사건,False,"판결문 피고인: 이선호 외 10명 피고인들을 각 징역 1년에 처한다. 이 우 피고인들은 이왕(李王) 전하 국장 의식을 거행한 즈음, 이를 봉송하기 위하여 지방에서 다수 조선인이 경성부로 모이는 기회를 이용하여 조선 독립운동을 선동하는 불온 문서를 비밀리에 인쇄하여 국장 당일 군중 기운데"
942,65,42,cj_v41_0892,제도,사건,False,이곳 사할린에 있는 탄광으로 강제 동원되기 전 고향 생활 중 기억나는 것이 있으신가요? 그때는 중일 전쟁이 시작된 뒤여서 황국 신민 서사를 외우지 못하면 기차표 사기도 어렵던 시기였어요. 기차표를 사려고 하면 일본 사림들이 나보고 황국 신민 서사를 외워 보라고 시켰었지요. '시기'에 있
84,48,34,cj_v41_0079,제도,제도,True,제조 조선 헌병은 치안 유지에 관한 경찰 및 군사 경찰을 딥랑한다. 제5조 헌병은 직무에 관해 정당한 직권을 가전 사림의 요구가 있을 때에는 즉시 응해야 한다. 제18조 헌병의 책무 및 헌병 뾰조원에 관한 규정은 조선 총독이 정한다. 다음 법령이 시행된 시기에 볼 수 있는 모습으로 적절
641,59,41,cj_v41_0607,제도,사건,False,이 자료는 중일 전쟁 이후 일제가 침략 전쟁을 확대하던 시기에 만든 황국 신민 치조 실시 요령 이다. 일제는 이 체조를 보급하기 위해 황국 신민 체조의 날을 정하고 전국 곳곳에서 강습회를 개최하였다. '시기'에 시행된 일제의 정책으로 옳은 것은?  [키워드] 황국신민 일제 전쟁
1569,78,19,cj_v41_1498,정치,인물,False,"이곳은 영주시 순흥면에 있는 금성대군 신단이다. 금성대군은 사육신과 함께 (가)의 복위를 추진한 혐의로 순흥에 유배되었고, 이듬해 다시 지역 유생과 (가)의 복위를 모의하다가 발각되어 죽임을 당하였다. (가) 왕의 재위 시기에 있었던 사실로 옳은 것은?  [키워드] 진한 재위"
894,64,44,cj_v41_0847,사건,사건,True,"유엔군과 국군은 서울에서 퇴각하고 한강 이북의 부대를 철수시기기로 결정하였다. 이들은 한강에 설치된 임시 교량을 이용해 철수하였고, 오후 1시경에 마지막 부대가 통과한 후 임시 교량을 폭파시켰다. 이에 앞서 정부는 서울 시민들에게 피란을 지시하였괴 많은 서을 시민들이 보따리를싸서 피란길"
329,53,29,cj_v41_0312,문화,정치,False,"2 1 00 박물관 소장품 63% - (개 대전통편 이후 80여 년 만에 새롭게 편찬된 법전이다. 기존 법전을 기본으로 삼고, 각종 조례 등을 보완하여 체계적으로 정리한 조선 시대 마지막 통일 법전이다 (가) 법전이 편찬된 시기에 볼 수 있는 모습으로 가장 적절한 것은?  [키워드] 조"
220,51,20,cj_v41_0210,인물,문화,False,"한국의 세계 기록 유산 검색 결과 - 종목: 국보 제303호 - 수량: 3,243책 - 세계 기록 유산 등재 연도: 2001년 - 소개: 조선 시대 왕명의 출납, 행정 시무, 의례 등에 관해 기록한 일기이다. 편년체로 기록되었으며, 승지가 이를 국왕에게 올려 재가를 받아 최종 완성되었다"
1492,76,42,cj_v41_1425,사건,사건,True,"7월 13일(화) 10월 8일(금) 경성은 뉴스를 듣기에는 참으로 조회할 때 일본인들이 조선인의 빠르다. …… 중·일은 전쟁을 하게 심장을 자기들의 심장으로 하려는 되었다. …… 아아, 슬프다. 조선 일본의 계략에서, 총독 미나미 에서도 만약 이러한 때 영웅 한 지로가 소위 황국신민의 "
750,61,50,cj_v41_img_61_50,문화,정치,False,정주영의 소 떼 방북을 계기로 남북한의 교류와 협력이 본격화되면서 금강산 관광 사업이 시작되었습니다. 이 사업은 남북 교류를 활성화에 크게 기여할 것으로 보입니다. 다음 뉴스가 보도된 정부 시기의 통일 노력으로 옳은 것은?  [키워드] 남북 통일
347,53,47,cj_v41_img_53_47,사건,사건,True,"독립운동가이자 유학자인 김창숙 선생이 오늘 기자 회견을 열었습니다. 회견에서 선생은 자유당이 강도적으로 통과시킨 보인법은 무효이며, 과거 부산 정치 파동 때와 같이 빈독재 구국 범국민 투쟁을 전개해야 한다며 여생을 민주주의를 위하여 바치겠다는 결의를 표명하였습니다. 다음 뉴스가 보도된 "
659,60,9,cj_v41_0625,인물,인물,True,이 사진은 (가) 이/가 세운 태봉의 철원 도성 터에서 촬영된 석등이다. 일제 강점기에 보물로 지정되기도 했으나 지금은 비무장지대 안에 있어 존재를 확인하기 어렵습니다. 관련 연구의 진전을 위해서는 남북한의 협력이 필요합니다 (가) 인물에 대한 설명으로 옳은 것은?  [키워드] 일제강점
453,56,3,cj_v41_0429,인물,인물,True,삼국의 성장과 발전 고구려 (가) 백제 고이왕 - 불교 수용 - 전진에 사신 파건 체제 정비 신라 법흥왕 16관등제 시행 - 관리의 복색 제정 - 불교 공인 - 상대등. 병부 설치 (가) 왕의 업적으로 옳은 것은?  [키워드] 왕의업적 고구려 고이왕 법흥왕 백제 신라 불교 업적 사신
497,56,47,cj_v41_0470,정치,문화,False,한국사 특강 우리 연구회에서는 '제헌 헌법으로 출범한 제○공화국'이라는 주제로 시민들을 위한 한국사 특강을 마련하였다. 많은 관심과 참여 바랍니다. 특강 내용 제1강: (가) 제2강: 농지 개혁법의 제정 과정 제3강: 정전 협정의 체결 기간: 2021년 10월 ○○일~○○일 시간: 매주
557,58,7,cj_v41_0526,문화,정치,False,이것은 일본의 귀족들이 신라에서 들어온 물품을 매입하고자 그 수량과 가격을 기록하여 일본 정부에 제출한 '매신라물해'라는 문서이다. 통일을 이루고 9주 5소경을 설치한 이후의 시기에 신라가 일본과 교역하던 모습을 알 수 있다. '시기' 신라의 경제 모습으로 옳은 것은?  [키워드] 9주
1531,77,31,cj_v41_1462,외교,사건,False,"이 사진은 퍼시벌 로웰이 찍은 묄렌도르프의 집이다. 본래 선혜청 당상 민겸호의 집이었으나, 그가 (가) 때 피살되자 고종이 묄렌도르프에게 하사한 것이다. (가) 을/를 진압한 청의 추천을 받아 조선의 외교 고문으로 부임한 묄렌도르프는 이 집을 서양식으로 개축하여 사용하였다. (가) 사건"
702,61,2,cj_v41_0667,정치,문화,False,"한국사 발표 대회 여러 나라의 성장: (가) - 5월과 10월에 제천 행사를 지냈습니다. - 신지, 읍차 등으로 불리는 지배자가 있었다. - 목지국, 사로국, 구야국 등 여러 소국으로 이루어졌습니다. (가) 나라에 대한 설명으로 옳은 것은?  [키워드] 신지 읍차"
1027,67,27,cj_v41_0973,정치,인물,False,"이 그림은 화성능행도 8폭 중 일부로, (가)이/가 혜경궁 홍씨를 모시고 현륭원에 다녀오는 모습을 그린 것이다 위엄을 갖춘 행렬의 장대함과 구경꾼들의 생동감 넘 치는 표정이 잘 드러나 있다 원행을묘정리 의궤(園幸乙卯整理儀軌) (가) 왕의 재위 기간에 있었던 사실로 옳은 것은?  [키워드"
1064,68,14,cj_v41_1010,문화,문화,True,이것은 하늘의 별자리를 새긴 조선 시대 대표 적인 천문도야 천상 열차분야지도라는 이름은 천문 현상을 12개 분야로 나누어 차례 로 늘어놓았다는 뜻이래 한국의 역사에서 천문에 관한 또 다른 사례를 알려줄래? ㉠에 대한 답으로 옳지 않은 것은?  [키워드] 조선 지도
1248,71,48,cj_v41_1190,인물,정치,False,신문 제△△호 ◯◯◯◯년 ◯◯월 ◯◯일 제24회 서울 올림픽 개회식이 열리다 제24회 서울 올림픽 개회식이 어제 잠실 올림픽 주경기장에서 성공적으로 열렸다. 개회식 마지막 행사에서는 주제곡 ‘손에 손잡고’가 울려 퍼지는 가운데 서울 올림픽 마스코트인 호돌이를 비롯하여 이전 올림픽의 마스
932,65,32,cj_v41_0882,사건,사건,True,"전보 제 ○○○호 발신인: 외무대신 하야시 수신인: 통감 이토 네덜란드에 파견된 전권 대사 쓰즈키가 보낸 전보 내용임. 한국인 3명이 이곳에 머물면서 평화 회의의 위원 대우를 받고자 진력하고 있다고 함. 그들은 오늘 아침 러시아 수석 위원 넬리도프를 방문하려 했는데, 넬리도프는 네덜란드"
1368,74,18,cj_v41_1304,제도,제도,True,"고려의 중앙 관제 가, 송의 영향을 받은 기구로 가 연 결되어 있다. 이어 독자적 정치 기구로 이 나와 있다. ㄱ. 좌·우사정이 6부를 나누어 관할한 나라는 (고려가 아니라) 발해 이다(3성 6부). 정당성 아래에 좌사정과 우사정을 두었으며, 다시 좌 사정 아래 충부, 인부, 의부를, "
1084,68,34,cj_v41_1030,사건,인물,False,우리 연구회에서는 중일 전쟁 발발 이후 실시된 일제의 식민 통치 정책에 대한 학술 발표회를 마련하였다. 관심 있는 분들의 많은 참석 바랍니다. (가) •주제: • 일시: 2023년 OO월 00일 14:00~17:00 • 장소: △△대학교 인문대학 소회의실 •주최: 연구회 (가)에 들어갈
236,51,36,cj_v41_0225,정치,인물,False,"제1조 중추원은 아래에 열거한 사항을 심사하고 의정(議定)하는 곳으로 할 것이다. 1. 법률, 칙령의 제정과 폐지 혹은 개정하는 것에 관한 사항 2. 의정부에서 토의를 거쳐 임금에게 상주(上奏)하는 일체 사항 제3조의장은 대황제 폐하가 글로 칙수(勅授)하고, 부의장은 중추원에서 공천에 "
14,47,14,cj_v41_0013,사건,사건,True,짐이 서경에 행차하여 지세를 살펴 보도록 하겠노라. 서경 임원역의 지세는 음양가들이 말하는 대화세(大華勢)에 해당합니다. 이곳에 궁궐을 세우고 옮겨 가시면 천하를 아우르게 되니 금나라가 예물을 가지고 와서 스스로 항복할 것이다. 연표 936 후삼국 통일 1018 거란의 3차 침입 112
1189,70,39,cj_v41_1132,문화,정치,False,아리랑 아리랑 아라리오 ~~ 아리랑 고개로 넘어간다 ~~ 나를 버리고 가시는 임은 ~~ 십 리도 못가서 발병 난다 ~~ ♬ 이 노래가 나운규가 영화 음악으로도 감독과 주연을 쓰였다는 것을 모두 맡았네. 알고 있었다? 이 영화가 처음 제작 발표된 시기의 민족적 애환을 잘 표현하였다는 평가
1306,73,6,cj_v41_img_73_06,문화,문화,True,"디지털 실감 영상으로 재현한 고구려의 문화유산   우리 박물관은 '영락' 이라는 연호를 사용한 왕의 능비를 디지털 영상으로 복원하여 선보이고자 합니다. 네 면에 새겨진 1,700여 개의 문자와 능비의 실물 크기, 표면 질감을 생성하게 재현하였습니다. 한편, 이번 전시에서는 그의 시호가 "
908,65,8,cj_v41_0860,인물,인물,True,오전 10 40 48% 工〉 - 쇰- 년 훂壓 좋아요 28회 8시간 전 이곳은 이 인물을 제사하는 경주의 서약 서원. 그는 한자의 음과 훈을 빌려 우리말을 표기하는 이두를 체계적으로 정리햺 우리말로 유학 경전을 풀이하여 후학들을 가르침. 원효의 아들임. '이 인물'에 대한 설명으로 옳은
1409,75,9,cj_v41_1345,인물,문화,False,오전 10:40 史 (cid:86)V\c(cid:94)\(cid:83)(cid:92)^(cid: m(cid:99)g(cid: 유네스코 세계유산 등재 10주년 백제역사유적지구 백제역사유적지구는 웅진 천도 이후의 백제 문화를 대표 하는 8개 유적으로 구성되어 있다. 공주•공산성 (가) •송
1299,72,49,cj_v41_1240,정치,정치,True,"문교부가 중고등학생의 교복과 두발을 자율화하겠다고 발표한 데 이어, 오늘부터 야간 통행 금지 해제가 본격 적용되었다. 시민들은 새벽 거리를 활보하며 37년 만에 되찾은 24시간의 자유를 만끽하게 되었다. 다음 뉴스가 보도된 정부 시기의 사실로 옳은 것은?  [키워드] 야간 통행 금지 교"
1158,70,8,cj_v41_1102,인물,인물,True,"[역사 다큐멘터리 기획안] 도당 유학생, 서로 다른 길을 걷다 ■기획 의도 당에 건너가 유학했던 6두품들이 신라로 돌아온 이후의 행보를 알아본다. ■구성 내용 1. (가) , 진성 여왕에게 시무책 10여 조를 올리다 2. 최승우, 견훤의 신하로 왕건에게 보내는 격문을 짓다 3. 최언위,"
1567,78,17,cj_v41_1496,인물,인물,True,"선종을 통합하려 하였다. 또한 송, 거란 등에서 수집한 불교 서적을 정리하여 교장(敎藏)을 간행하였다. 凸弓1 밑줄 그은 '인물'의 활동으로 옳은 것은? 오전 10:20 首 한국사 대화형 인공 지능 그림 속 인물에 대해 알려 주세요 ㉦ 문종의 넷째 아들로 11세에 출가한 고려의 승려이다"
719,61,19,cj_v41_0683,인물,인물,True,"역사 인물 다큐멘터리 기획안 화약 무기 연구의 선구자, ○○○ 1. 기획 의도 중국의 군사 기밀이었던 화약 제조 기술을 습득해 우리나라 최초로 화약의 자체 생산에 성공한 인물의 활동을 통해 국방 과학 기술의 중요성을 되새겨 본다. 2. 주요 장면 (가) 중국인 이원에게 염초 제조법을 배"
1434,75,34,cj_v41_1370,제도,제도,True,"헌병이 일반 경찰 업무를 담당하던 시기에 일제는 범죄 즉결례를 제정하여 재판 없이 체포 또는 구금하고 벌금을 물리거나 태형에 처할 수 있게 하였다. 시행 이듬해 일제는 범죄 즉결례에 있는 태형 규정을 삭제하고, 조선 태형령을 제정하여 태형은 오직 조선인에게만 적용하였다. 법령으로 만나는"
355,54,5,cj_v41_img_54_05,문화,문화,True,"이 국가의 고분 벽화는 도읍이었던 지안과 평양 일대에 주로 남아 있는데 일상생활과 풍속, 신앙과 의례를 묘사한 것으로 유명합니다. 이제 벽화 사진을 바탕으로 제작한 영상을 생생하게 만나 보세요. 밑줄 그은 ‘이 국가’의 벽화로 옳지 않은 것은?  [키워드] 풍속 신앙"
984,66,34,cj_v41_0931,사건,사건,True,"〈원수부 관제〉 대황제 폐하는 대원수로서 군기(軍機)를 총람하고 육해군을 통령하며, 황태자 전하는 원수로서 육해군을 일률적으로 통솔한다. 이에 원수부를 설치한다. 제1조 원수-부는 국방과 용병(用兵)과 군사에 관한 각 항의 명령을 관장하며 특별히 세운 권한을 가지고 군부와 다음 관제가 "
1313,73,13,cj_v41_1252,정치,인물,False,원문 이미지 시기 2년 5년 7년 23년 내 용 이자겸의 셋째 딸을 왕비로 맞아들이다 척준경과 그 일당을 유배 보내다 금에 충성을 맹세하는 표문을 올리다 김부식이 삼국사기를 편친해 바치다 다음 검색창에 들어갈 왕의 재위 시기에 있었던 사실로 옳 은 것은?  [키워드] 삼국사기 이자겸 재
940,65,40,cj_v41_0890,제도,사상·종교,False,"제1 조 조선에서의 교육은 본령에 의한다. 제2조 국어[일본에를 상용(常用)하는 자의 보통 교육은 소학교령, 중학교령 및 고등 여학교령에 의한다. 제3조국어「일본어]를 상용하지 않는 자에게 보통 교육을 하는 학교는 보통학교, 고등 보통학교 및 여자 고등 보통학교로 한다. 제5조보통학교의"
1387,74,37,cj_v41_1323,인물,사건,False,"저희 모둠에서는 이번 체험 학습 답사지로 백산 상회 설립자 안 희제를 기념하는 백산기념관을 선정하였다 백산 상회는 백산 무역 주식회사로 개편된 이후 (가) 의 연통제 조직을 통해 독립운동 자금을 조달하였으며, 독립신문 보급 등의 역할도 담당하였다 (가)에 대한 설명으로 옳은 것은?  ["
30,47,30,cj_v41_0027,제도,사건,False,"(가) 왕이 창덕궁 인정전에서 즉위히몄다. 그때 나이가 12실이있기 때문에 [신정]익황후가 수림칭정을 하였다. 친아버지인 흥신군을 높이 대원군으로 심아 모든 정시에 참이하기1 하고 신하의 예와는 달리 대우하였다. 대한계년사 - (나) 최의현이 상소를 올려 대원군의 잘못을 탄핵하기를, “"
404,55,4,cj_v41_0381,인물,사건,False,"(가) 고구려 병사는 비록 물러갔으나 성이 파괴되고 왕이 죽어서 [문주가] 왕위에 올랐다. 겨울 10월, 웅진으로 도읍을 옮겼다. - 삼국사기 - (나) 왕이 신라를 습격하고자 몸소 보병과 기병 50명을 거느리고 밤에 구천(狗川)에 이르렀는데, 신라 복병을 만나 그들과 싸우다가 살해되었"
965,66,15,cj_v41_0914,인물,인물,True,이자춘이 쌍성 등지의 천호들을 거느리고 내조하니 왕이 맞이하며 말하기를 “어리석은 민(民)을 보살펴 편안하게 하느라 얼마나 노고가 많았는가?”라고 하였다. 그때 어떤 사람이 '기철이 쌍성의 반민(叛民)들과 몰래 내통하여 한패로 삼아 역모를 도모하려 한다고 밀고하였다. 왕이 이자춘에게 이
522,57,22,cj_v41_0492,사건,사건,True,"(가) 임금이 전교하기를, “내 생각에는 허적이 혹시 허견의 모반 사실을 알지 못했는가 하였는데. 문안(文案)을 보니 준기를 산속 정자에 숨긴 사실이 지금 비로소 드러났으니, 알고서도 엄호한 정황이 분명하여 감출 수가 없었다. 그저께 허적에게 사약을 내려 죽인 것도 이 때문이다.'라고 "
864,64,14,cj_v41_0818,인물,인물,True,고려 고종의 능인 홍릉이 강화도에 조성된 이유는 무엇일까? 몽골 침략 당시 실권자였던 (가)이/가 항전을 위해 강화 천도를 강행한 후에 고종이 이곳에서 승하했기 때문이야. (가) 인물의 활동으로 옳은 것은?  [키워드] 고려 몽골 이이 고종 활동 인물 강화
391,54,41,cj_v41_0370,인물,사건,False,선비 정신으로 나라를 지킨 독립운동가 허위(1855~ - 단발령 반대 의병에 참여 - 평리원 재판장 역임 - (가) - 1962년 건국훈장 대한민국장 추서 김창숙(1879~ - 을사늑약 체결 반대 상소 - 파리 장서 운동 주도 - (나) - 1962년 건국훈장 대한민국장 추서 〈보기〉 
1202,71,2,cj_v41_1145,사회,인물,False,"사료로 보는 한국사 검색 검색 결과 | ◯◯◯건 1. 위치 장성의 북쪽에 있는데 현도군에서 천 리 떨어져 있다. 남쪽은 고구려와, 동쪽은 읍루와, 서쪽은 선비와 접해 있고, 북쪽에는 약수가 있다. 2. 형벌 형벌은 엄하고 각박하여 사람을 죽인 자는 사형에 처하고 그 집안사람은 적몰(籍沒"
885,64,35,cj_v41_0838,사건,사건,True,"당신은 무슨 이유로 이토 히로부미를 살해했는가? 일본은 전쟁 당시 우리나라의 독립을 보장해주겠다고 약속했다. 그러나 포츠머스 조약으로 전쟁이 종결되자, 이토는 우리 군신을 위협해 주권을 빼앗으려 하였다. '전쟁' 중에 있었던 사실로 옳지 않은 것은?  [키워드] 전쟁 조약"
1127,69,27,cj_v41_1072,인물,인물,True,"이것은 청의 화가 나빙이 그린 (가)의 초상으로, 이별의 아쉬움 을 표현한 시가 함께 있다 (가) 은/는 연행사의 일원으로 여러 차례 청에 가서 그곳의 문인들과 폭넓게 교유하였다. 이 과정에서 북학의를 저술하여 청의 문 물을 적극적으로 수용할 것을 주장하였다 (가) 인물에 대한 설명으로"
85,48,35,cj_v41_0080,사건,사건,True,대한 제국이 여러 국가와 외고 관계록 단절한 것은 우리의 의사가 아니라 일본의 폭력에 의해 이루어진 것이다 . 우리가 만국 평화 회의에 참석하여 이를 폭로할 수 있도록 귀국 총통 및 대표의 호의적인 중재를 부탁하다. 다 다음 상황 이후에 일어난 사실로 옳은 것은?  [키워드] 대한제국
819,63,19,cj_v41_0776,인물,인물,True,"이것은 어전준천제명첩에 담긴 어제사언시(御製四言詩)로, (가)이/가 홍봉한 등 청계천 준설 공사에 공이 있는 신하들의 노고를 치하하며 지은 것이다. 청계천 준설을 추진한 (가)은/는 탕평, 균역 등도 자신의 치적으로 거론한 글을 남겼다. (가) 왕에 대한 설명으로 옳은 것은?  [키워드"
576,58,26,cj_v41_0544,사상·종교,사건,False,"□□ 신코 단안(壇案)이라는 명부에 등록되었다. 연조귀감에 연혁이 수록되었다 지방 행정 실무를 담당하였다 (개 제△△호 0000년 00월 00일 해미순교성지, 국제성지로 지정 해미순교성지가 전 세계에 30여 곳밖에 없는 국제성지 가운데 하나로 지정되었다. 병인박해 당시 (가) 신자들이 "
18,47,18,cj_v41_0016,제도,사건,False,(가) 이성계가 위화도에서 회군하여 정권을 징악하였다. 조서의 건국 가청 (나) 한양을 도읍으로 정하고 경복궁을 건설하였다. (다) 조준 등의 건의로 과전법을 제정하여 토지 제도를 개혁하였다 (가)~(다)를 일어난 순서대로 옳게 나열한 것은?  [키워드] 이성계 과전법 경복궁 한양 정권
971,66,21,cj_v41_0919,인물,사건,False,"4월 누르하치의 군대가 무순을 함락하고 7월에는 청하를 함락하였다. 이에 명에서 정벌을 결정하고 조선에 군사 징발을 요구하였다. 조정에서는 강홍립을 도원수로, 김경서를 부원수로 삼아 군사를 파견하였다. 다음 상황이 나타난 시기를 연표에서 옳게 고른 것은?  [키워드] 고조선 조선 군대 "
562,58,12,cj_v41_0531,제도,사회,False,"왕이 명하였다. ""도성 안의 백성들이 역질에 걸렸으니 구제도감을 설치하여 치료하고, 시신과 유골은 거두어 매장하라."" 중서성에서 아뢰었다. ""지난해 관내 서도의 주현에 흉년이 들어 백성이 굶주리고 있다. 사창과 공해의 곡식을 내어 경작을 원조하고, 가난하여 살아갈 수 없는 자는 의창을 "
1039,67,39,cj_v41_0985,군사,사건,False,"대전자령은 태평령이라고도 하는데, 일본군이 서남부의 왕칭현쪽으로 가려면 반드시 지나가야 하는 지점이었다 대전자령의 양쪽은 험준한 절벽과 울창한 산림 지대로 되어 있어 적을 공격하기에 알맞은 곳이었다. 이 전투에 (가)의 주력 부대 500여 명, 차 이시밍(柴世榮)이 거느리는 중국 의용군"
1143,69,43,cj_v41_1088,인물,정치,False,내각 책임제 속에서 행정부에 맡겨진 책무를 유감없이 수행하기 위 해 무엇보다 먼저 행정부 내의 기강 확립에 주안점을 두지 않아서는 안 될 것이다 부정 선거 원흉의 처단 은 이미 공소 제기와 구형을 한 터이므로 법원의 엄정한 판결이 있 을 것을 기대하는 바이다 다음 성명을 발표한 정부 시
882,64,32,cj_v41_0835,정치,사건,False,"(가) 은/는독립관에서 경축 모임을 열었다. 회장은 모임을 여는 큰 뜻을 설명하였다. “오늘은 황제 폐하께서 대황제라는 존귀한 칭호를 갖게 되신 계천(繼天) 경축일이니, 대한의 신민은 이를 크게 경축드립니다. 우리는 관민 공동회에서 황실을 공고히 하고 인민을 문명 개화시기며 영토를 보존"
1098,68,48,cj_v41_1044,인물,정치,False,충남 부여 쌍북리에서 숫자들이 기록된 목간이 출토되었는데 놀랍게도 구구단이 쓰여 있었다 삼국 시대에 살 았던 사람들도 우리처럼 구구단을 공부했다는 것이 신기합니다. 삼국 시대 사람들의 학습 활동을 확인할 수 있는 또 다른 사례는 무엇이 있 을까요? 교사의 질문에 대한 학생의 답으로 옳은
263,52,13,cj_v41_0250,제도,사건,False,"고려의 태자가 배알하니 쿠빌라이가 기뻐하며 말하였다. ""고려의 세자가 이곳으로 오니 이는 하늘의 뜻이다."" 조양필은 ""고려는 비록 소국이나 20여 년간 군사를 동원하여도 아직 신하가 되지 않았습니다. 이는 한 명의 병졸도 수고롭게 하지 않고 한 나라를 얻는 것이다.""라고 하였다. 다음 "
1033,67,33,cj_v41_0979,사상·종교,사상·종교,True,"근대 교육 기관 이 학교는 신학문을 가리키는 관립 교육 기관이야 젊은 관리가 소속된 좌원과 명문가의 자제를 선발한 우원으로 구성되었다 주요 과목으로 영어, 산학, 지리 등이 있었다 다음 대화에 해당하는 교육 기관에 대한 설명으로 옳은 것 은?  [키워드] 교육"
397,54,47,cj_v41_0374,사건,사건,True,"(가) 첫째는 국민이 원한다면 대통령직을 사임할 것이며, 둘째는 지난번 정 - 부통령 선거에 많은 부정이 있었다고 하니, 선거를 다시 하도록 지시하였고, 셋째는 선거로 인연한 모든 불미 스러운 것을 없애게 하기 위해서, 이미 이기붕 의장이 공직에서 완전히 물러나겠다고 결정한 것이다. ("
1197,70,47,cj_v41_1140,인물,정치,False,"여성 가족부와 그럼에도 여성 단체들은 환영의 다양한 가족 형태를 뜻을 밝히고 있지만, 유림의 반영하여 사회적 차별이 시사 토크 반대도 있어 갈등이 지난 3월 줄어들 것으로 심화될 것 같습니다. 정부는 호주제 보이다. 폐지를 내용으로 하는 법률을 공포하였다. 어떤 변화가 예상되나요? 밑줄"
1227,71,27,cj_v41_1169,정치,정치,True,이 우표 속 그림은 국왕의 혼인을 축하하기 위해 거행된 진하례 모습을 그린 궁중 행사도이다. 그림에 보이는 왕실 행사의 화려함과는 달리 안동 김씨 등 외척 세력이 세 왕에 걸쳐 60여 년 동안 권력을 잡은 이 시기에는 국왕의 실권이 많이 위축되었다. 밑줄 그은 ‘이 시기’에 있었던 사실
1355,74,5,cj_v41_1291,외교,문화,False,"여러분이 계신 곳은 (가)의 능산리 고분군 중 동히총 증강 현실 전시실 이다 동하총 무덤방의 벽에는 사신도가, 천장에는 연꽃과 구름무늬가 그려져 있다. 이는 송산리 6호분과 함 께 (가)의 고분 벽화 연구에 중요한 자료로 평가됩니다 (가) 국가에 대한 설명으로 옳은 것은?  [키워드] "
45,47,45,cj_v41_0042,정치,사건,False,"한국 국민당, 조선 혁명당, 한국 독립당은 각각 자기 당을 해소(解消)하고 새로 한국 독립당을 창립하였음을 중외(中外) 각계에 정중히 선언한다. 동지 동포들! 우리 3당이 1당을 조직하게 된 최대 이유는 다음과 같다. 첫째, 원래 3당의 당의(黨義), 당강(黨綱), 당책(黨策)으로든지 "
1437,75,37,cj_v41_1373,인물,인물,True,"【우리 고장의 독립운동가】 김 한 종 일우(一宇) (1883~ 충청남도 예산군 광시면 출생이다. 1915년 대구에서 박상진 등이 국권 회복을 위해 조직한 (가) 의 충청도 지부장으로, 군자금 모금과 친일 관리 처단을 주도하였다. 이후 일제에 체포 되어 총사령 박상진과 함께 사형을 선고받"
790,62,40,cj_v41_0750,제도,사건,False,부평 공원 내에 있는 이 동상은 일제의 무기 공장인 조병창 등에 강제 동원된 노동자의 모습을 형상화한 작품이다. 중일 전쟁 이후 침략 전쟁을 확대하던 시기에 일제는 한국인을 탄광과 군수 공장 등으로 끌고 가 열악한 환경에서 혹사시켰습니다. '시기'의 일제 정책으로 옳은 것은?  [키워드
1600,78,50,cj_v41_1528,사건,사건,True,범어사와 불교문화 [제2강] 동래성 전투와 임진왜란 [제3강] 초랑 왜관과 일본과의 무역 [제4강] 안희제의 백산 상회와 독립운동 일시: 2026년 5월 매주 금요일 16시 • 장소: 00 기념관 주관: △△ 사학회 다음 지역에서 있었던 사실로 옳은 것은?  [키워드] 임진왜란 독립운동
375,54,25,cj_v41_0354,문화,제도,False,국왕께서 군포를 2필에서 1필로 감면하라는 명을 내리셨다고 들었습니다. 그렇습니다. 백성들의 군역 부담을 줄이기 위한 조치이다. 이와 더불어 감면으로 인한 재정 부족 문제를 해결할 수 있는 방책도 마련하라고 하셨습니다. ‘방책’에 해당하는 내용으로 옳은 것은?  [키워드] 국왕 백성
578,58,28,cj_v41_0546,사건,사건,True,창녕의 관산 서원 터에서 매주 시설이 발견되었다. 이 시설은 서원에 모셔져 있던 신주를 옹기에 넣고 기와로 둘러싼 뒤 묻은 것이다. 이번 발굴로 만동묘 철거 이후 서원을 철폐하던 시기에 신주를 어떻게 처리했는지 알 수 있게 되었다. '시기'에 있었던 사실로 옳은 것은?  [키워드] 만동
656,60,6,cj_v41_0622,문화,문화,True,"온라인 전시실 해동성국이라 불린 (가)의 문화유산을 파노라마로 체험하는 공간이다. 주요 전시: 영광탑, 석등, 정효 공주묘 (가) 국가에 대한 설명으로 옳은 것은?  [키워드] 해동성국 정효공주"
1188,70,38,cj_v41_1131,사건,사건,True,주제: 1920년대 국외 민족 운동의 시련 일본군이 만주에서 독립군에 대한 독립군의 활동하는 독립군 보복으로 간도 지역의 통합 과정에서 많은 색출을 위해 조선 총독부가 한인을 학살한 희생자가 발생한 만주 군벌과 미쓰야 협정을 간도 참변이 자유시 참변이 체결하였다요. 발생하였다요. 일어났
1519,77,19,cj_v41_1450,정치,제도,False,"○ 문 하부 좌우 정승을 고쳐 의정부 좌우 정승으로, 문하시랑 찬성사를 의정부 찬성사로, 참찬 문하부사를 참찬 의정부사로, 정당 문학을 의정부 문학으로 하였다. …… 문하부의 이름을 혁파하고, 낭사(郎舍)를 고쳐 (가) (으)로 하였다. ○ (가) 의 대사간 성현(成俔) 등이 상소하였다"
740,61,40,cj_v41_0702,사건,사건,True,○○ 박물관 사이버 전시실 쌀 공출 선전 포스터 이 포스터는 일제가 미국과 영국 등 연합국을 상대로 한 전쟁을 벌였던 시기에 만들어졌다. 전쟁에 필요한 쌀을 강제로 공출하기 위한 홍보용으로 제작되었다. '시기'에 있었던 사실로 옳은 것은?  [키워드] 일제 전쟁
339,53,39,cj_v41_0322,인물,인물,True,"이 자료는 1910년 그가 옥중에서 저술한 동양 평화론으로, 원래 5편으로 구상되었으나 사형 집행이 앞당겨져 서문과 일부만 집필되었다. 일제의 한국 침략에 대한 비판과 진정한 동양 평화를 위한 한중일 삼국의 대등한 연합이 주된 내용을 이룬다. 국내에서 삼흥 학교 등을 세워 인재 양성에 "
684,60,34,cj_v41_0649,사건,사건,True,군대 해산에 대한 반발이 거세지고 있다. 오늘 시위대 대대장 박승환이 자결한 데 이어 시위대 부대원들이 해산을 거부하고 무장 봉기해 일본군과 남대문 일대에서 치열한 총격전을 벌이고 있다. 뉴스 속보: 군대 해산에 맞서 시위대 봉기 연표 1882 임오군란 1894 갑오개혁 1896 아관파
111,49,11,cj_v41_0106,인물,제도,False,김부를 경주의 사심관으로 임명하신 의도는 무엇인가요? 투항한 김부의 공을 치하하고. 부호장 이하의 관직 등에 대한 일을 맡게 하여 지방 세력을 견제하고자 - 한 것이다. 다음 가상 인터뷰의 왕이 추진한 정책으로 옳은 것은?  [키워드] 진한 관직
473,56,23,cj_v41_0448,인물,사건,False,"조헌은 온 나라 사림들에게 고하노라. 영남에서는 곽재우 장군이 의병을 일으켜 그 기세가 산악을 진동하고 있다. 이 격문을 읽는 자들은 각자의 심력을 다하여래 지혜를 가진 자는 계책을 내괴 용력을 가진 자는 역량을 발휘하라! 재산을 가진 자는 군량을 바치고, 힘을 가진 자는 대열에 참여하"
1403,75,3,cj_v41_1339,문화,문화,True,"신문 제△△호 2025년 ◯◯월 ◯◯일 금관 특별전 개최 올해 가을 아시아 태평양 경제 협력체(APEC) 정상 회의를 맞이하여 특별한 문화 행사가 경주에서 열린다. 금관총 금관, 황남대총 금관 등 현재까지 발견된 (가) 의 금관 6점이 최초로 한자리에 모이는 ‘금관 특별전’은 세계 각국"
116,49,16,cj_v41_0111,사건,외교,False,"이곳 죽주산성은 송문주 장군이 (가)의 침입을 격퇴한 장소이다. 사신 저고여의 피살을 빌미로 (가)이/가 쳐들어오자, 송문주 장군은 귀주성과 이곳에서 거듭 물리쳤습니다. (가) 국가의 침입에 대한 고려의 대응으로 옳은 것은?  [키워드] 고려 장군 침입 귀주 사신"
180,50,30,cj_v41_0172,사건,사건,True,이것은 우정총국이 업무를 시작하면서 발행한 국내 최초의 우표이다. 당시 화폐 단위가 (가) 사건에 대한 설명으로 옳은 것은?  [키워드] 화폐 사건
1441,75,41,cj_v41_1377,정치,정치,True,읽었네. 자네 (가) 에서 최근 훈민정음 해례본의 발행한 잡지 ‘한글’ 이번 호 발견으로 한글 창제일이 명확해 보았는가? ‘한글 맞춤법 통일안’ 졌다는군. 이제 (가) 에서는 개정 신판이 발매되었다는 한글날을 창제일에 맞춰 10월 9일로 소식이 실렸더군. 시정한다고 하네. (가) 단체에
53,48,3,cj_v41_img_48_03,문화,문화,True,"이곳은 김해 대성동 고분군 108호분 발굴 조사 현장의 설명입니다. 대형 옹관이 400여 점의 토기들과, 철촉 등 130여 점의 철기 유물이 출토되었습니다. 이번 발굴로 금수로왕이 건국하였다고 전해지는 (가)에 대한 연구가 활발하게 이루어질 전망입니다. (가) 나라의 문화유산으로 옳은 "
1506,77,6,cj_v41_1438,군사,사건,False,"(가) 왕이 태자 김법민을 보내 병선 100척을 거느리고 덕물도에서 소정방을 맞이하게 하였다. 소정방이 김법민에게 말하기를, “나는 7월 10일에 백제의 남쪽에 이르러 대왕의 군대와 만나서 의자(義慈)의 도성을 무찔러 깨뜨리고자 한다.”라고 하였다. (나) 사 찬 시득이 수군을 거느리고"
1277,72,27,cj_v41_1219,사회,경제,False,"비변사의 계사에, “현재 시전의 병폐로 서울과 지방의 백성이 원망하는 바는 오로지 도고(都庫)에 있다. 시중 시세를 조종 하여 홀로 이익을 취하니 그 폐단은 한이 없습니다. 한성부에서 엄히 금하도록 하되 그 가운데 매우 심하게 폐단을 빚는 3강(한강·용산강·서강)의 시목전(柴木廛)·염해"
101,49,1,cj_v41_0096,문화,정치,False,"△△ 박물관 특별전 금속이 우리의 삶으로: 시대로의 여행 모시는 글 우리 박물관에서는 금속을 사용하기 시작한 (가) 시대 특별전을 마련하였다. 비파형 동검, 거푸집, 민무늬 토기 등 당시의 생활 모습을 엿볼 수 있는 다양한 유물을 준비하였으니 많은 관람 바랍니다. - 기간: 2020년 "
843,63,43,cj_v41_0800,정치,사건,False,"[국가 기념일에 담긴 역사 이야기] 2·28 민주 운동 기념일 - 학생들, 불의에 저항하여 일어서다 - 2월 28일 일요일은 민주당 부통령 후보 장면의 대구 유세가 있는 날이었다. (가) 정부는 이 유세장에 학생들이 가지 못하도록 2월 28일에도 등교할 것을 대구 시내 고등학교에 지시하"
797,62,47,cj_v41_0757,정치,사건,False,"(가) (나) 2. 남과 북은 나라의 통일을 위한 남측의 연합제 안과 북측의 낮은 단계의 연방제 인이 서로 공통성이 있다고 인정하고, 앞으로 이 방향에서 통일을 지향시켜 나가기로 하였다. - 6- 15 남북공동 선언 - 4. 남과 북은 현 정전 체제를 종식시키고 항구적인 평화 체제를 구"
1136,69,36,cj_v41_1081,정치,정치,True,가 제시되어 있다. 는 내용이 나와 있다. 이어 (가) 단체에 대한 설명으로 옳은 것은?  [키워드] 의열단
31,47,31,cj_v41_0028,사건,사건,True,"현재 조선에 가장 시급한 외교 사안이 무엇이라고 생각하십니까? 러시아를 막는 것이다. 이를 위해서는 중국을 가까이하고, 일본과 관계를 공고히 하며, 미국과 연계하여 자강을 도모해야 합니다. - 황준헌, 조선책략 - 다음 가상 대화 이후 전개된 사실로 옳은 것을 ＜보기＞에서 고른 것은? "
325,53,25,cj_v41_0308,인물,인물,True,이 해사록은 김세렴이 이 사절단의 부사로 일본에 다녀온 후 작성한 책이다. 여기에는 쓰시마. 교토를 거쳐 에도까지 간 여정. 당시 일본의 지형과 풍속. 쇼군을 만난 내용 등이 담겨 있다. ! 1견수수4言 ‘이 사절단’에 대한 설명으로 옳은 것은?  [키워드] 이이 풍속
415,55,15,cj_v41_0392,사건,사건,True,연호를 천개로 하는 대위국이 선포되었다. 서경 천도와 금국 정벌을 주장하며 일어났어 신채호는 조선 역사상 일천년래 제일 대사건으로 평가하였다. 다음 대화에 나타난 사건에 대한 설명으로 옳은 것은?  [키워드] 신채호 조선 사상 사건
424,55,24,cj_v41_0400,제도,인물,False,이것은 이 왕이 농경을 장려하기 위해 세손과 더불어 경잠기이다. 그는 균역법을 제정하여 백성의 군역 부담을 줄여주는 등 민생 안정에 많은 노력을 기울였다. '이 왕'에 대한 설명으로 옳은 것은?  [키워드] 균역법 백성
125,49,25,cj_v41_0120,사건,사건,True,이것은 (가)의 결과 심양에 볼모로 잡혀간 봉림 대군이 쓴 한글 편지이다. 편지에는 척화론을 내세우다 끌려와 함께 있던 김상헌에 대한 염려가 담겨 있다. (가) 전쟁 이후에 있었던 사실로 옳은 것은?  [키워드] 전쟁
561,58,11,cj_v41_0530,인물,인물,True,"궁궐 안 왕: 몇 해 전 교육을 장려하기 위해 지방에 각각 경학박사 1명과 의학박사 1명을 보냈는데, 결과가 어떠하오? 신하: 송승연, 전보인 등 박사들이 정성스레 가르쳐 성과가 있는 듯하옵니다. 왕: 12목을 설치하고 지방민에게도 학문을 권장하려는 과인의 뜻에 부합하였소. 고생한 송승"
5,47,5,cj_v41_img_47_05,문화,문화,True,이 문화유산은 국보 제287호로 부여 능산리 절터에서 출토되었습니다. 백제 왕실의 의례에 사용한 것으로 추정되는 이 유물은 도교적 요소가 복합적으로 표현된 작품입니다. 다음 설명에 해당하는 문화유산으로 옳은 것은? [2점]  [키워드] 부여 백제
7,47,7,cj_v41_0006,사건,사건,True,(가) 백제가 대야성을 함락하자 김춘추의 딸 고타소랑이 남편 김품석을 따라 죽었다. 김춘추는 이에 한을 품고 고구려에 군사를 청하여 백제에 그 원한을 갚고자 하였다. (나) 김유신 등이 황산 벌판으로 진군하자 백제의 장군 계백이 군사를 거느리고 먼저 험한 곳을 차지하여 세 군데에 진영을
591,58,41,cj_v41_0559,정치,정치,True,"이번 선거에 자유당, 민주당 후보 등 여러 명이 출마했군. 여당은 현 대통령의 3선을, 야당은 정권 교체를 주장하고 있군. '선거' 이후의 사실로 옳은 것은?  [키워드] 정권"
580,58,30,cj_v41_0548,정치,사건,False,전화 설비 가설 및 운영권을 가진 한성 전기 회사가 설립되더니 새로운 직업이 생기는군 새로운 문물이 계속 들어오니 앞으로 더 많은 변화가 나타나겠군 (쇼 〈모집 공고〉 전회를 연결해주는 교환수를 모집합니다. 回모집 인원 回지원 자격: 목소리가 분명하고 신체가 튼튼한 자 광무 6년 00월
1475,76,25,cj_v41_1409,제도,제도,True,"○ 개천이 점점 막혀 …… 장마 때마다 범람할까 근심하게 되었다. 왕이 이르기를 …… 이에 준천사(濬川司)를 설치하여 병조 판서와 한성부 판윤, 삼군문의 대장으로 하여금 준천 당상을 겸하도록 하고 도청, 낭청 각 1인을 두었다. 매년 개천 바닥을 파서 물이 넘치지 않도록 하였다. ○ 국"
1124,69,24,cj_v41_1069,제도,제도,True,"만일 그 자신이 죽고 아내에게 전지가 전해지면 수신전이라 하 였고, 부부가 모두 죽고 아들에게 전해지면 휼양전이라 일컬었으며, 만약 그 아들이 관직에 제수된다면 그대로 그 전지를 주고 과전이라 하였다 (가)이/가 이 제도 를 폐지하고 현직 관리에게 전지를 주고 직전이라 하였다 (가) 왕"
517,57,17,cj_v41_0488,인물,인물,True,이것은 마천목을 좌명공신에 봉한다는 녹권이다. 마천목은 제2차 왕자의 난 당시 회안공 이방간과의 치열한 전투에서 (가) 이/가 승리할수 있도록 앞장섰습니다. 이후 왕위에 오른 (가) 은/는 마천목을 3등 공신으로 책봉하였다. 7 (가) 인물에 대한 설명으로 옳은 것은?  [키워드] 제2
464,56,14,cj_v41_0440,사건,사건,True,사건 일지 2월 10일 망이 등이 다시 반관을 일으켜 가야시를 습격한 3월 11일 망이 등이 홍경원에 필을 지르고 승려 10여 명을죽임. 6월 23일 망이가 사람을 보내 항젹을 청함. 7월 20일 망이 - 망소이 등-을 체포하여 청주 감옥에 기도 다음 사건이 전개된 시기의 사회 모습으로
1105,69,5,cj_v41_1050,정치,사건,False,"을지문덕이 우중문에게 시를 보내 이르기를, 신묘한 계책은 천문을 다 헤아렸고 기묘한 계획은 지리를 모두 통달하였도다. 싸움 에 이겨 이미 공로가 드높으니 만족할 줄 알고 그치기를 바라노라라고 하였다 안시성 사람들이 황제의 깃발과 일산을 멀리서 바라보고, 곧장 성에 올라가 북을 치고 소리"
37,47,37,cj_v41_0034,문화,인물,False,독립 유공자의 명패를 부착하는 행사가 해외에서는 처음으로 영국에 있는 베델의 손녀 집에서 열렸습니다. 베델은 양기탁과 함께 (가)을/를 창간하여 항일 언론 활동을 전개하였다. 해외에서 독립 유공자 명패 부착 행사 열려 (가) 신문에 대한 설명으로 옳은 것은?  [키워드] 활동
964,66,14,cj_v41_0913,사건,사건,True,"경대승이 정중부를 죽이자, 조정 신하들이 대궐에 나아가 축하 하였다. 경대승이 말하기를, “임금을 죽인 사립끼 아직 실아 있는데, 무슨 축하인가?”라고 하였다. 이의민은 이 말을 듣고 매우 두려워하여 날랜 사람들을 모아서 대비하였다. 또한 경대승의 도방(都房)에서 자기들이 싫어하는 사람"
633,59,33,cj_v41_0599,사건,사건,True,김홍집과 박영효를 중심으로 구성된 내각에서 여러 개혁을 추진했다더군. 수령의 권한을 축소시키고 재판소를 설치했다고 들었네. '개혁'의 내용으로 옳은 것은?  [키워드] 박영효 개혁
1360,74,10,cj_v41_1296,사건,사건,True,"며칠 전에 신라 왕 김부가 우리 고려에 항복하였 다는군 전해 들 었네. 우리 왕께서 신라국을 없애 경주라 하고, 그에게 식읍으로 하사하셨다더군 다음 가상 대화 이후에 있었던 사실로 옳은 것은?  [키워드] 신라 고려"
203,51,3,cj_v41_0194,인물,인물,True,"여러 신하들이 아뢰기를, '한'은 덕업이 날로 새로워진다는 뜻이고, '라'는 사방을 망라한다는 뜻이므로 이를 나라 이름으로 삼는 것이 마땅하다고 하였다. 또 옛날부터 국가는 황제나 왕의 칭호를 정하였으나, 우리나라는 아직 높이는 호칭을 정하지 못하였다고 하였다. ‘왕’의 업적으로 옳은 "
1453,76,3,cj_v41_1389,군사,군사,True,(가) 고구려왕 거련이 직접 군사를 거느리고 백제를 공격하였다. 백제왕 경이 문주를 신라에 보내 도움을 요청하였다. …… 신라군이 도착하기 전에 백제가 고구려에 함락되었고 경 또한 살해되었다. (나) 백제왕이 태자와 함께 정예군 3만 명을 거느리고 고구려에 침입하여 평양성을 공격하였다.
1443,75,43,cj_v41_1379,사건,사건,True,사료로 만나는 여성 독립운동사 이중 삼중의 억압에 눌려 신음하던 자매들이여! 어서 빨리 일어나 이 민족 해방 운동의 뜨거운 용광로로 뛰어오라. …… 어둠 속에서 비추는 새벽빛 같은 (가) 의 자유를 쟁취하려는 봉화는 붉고 맑게 빛난다. 이미 모인 혁명 동지들은 뜨거운 손길을 내밀고 열정
1568,78,18,cj_v41_1497,정치,인물,False,"주제: 인물로 본 문벌 사회의 동요 방법: 문헌 조사, 데이터베이스 활용 탐구 내용 인물명 인물 소개 인종과 중첩된 혼인 관계를 (가) 맺어 권력을 강화한 외척 풍수지리설을 내세워 천도를 (나) 주장한 승려 이의방을 제거하고 최고 入H入曰 o石丁 권력자에 등극한 무신 0학년 0반 이름:"
1012,67,12,cj_v41_0958,정치,인물,False,제목 (가)의 험난한 피란길 강조의 정 변을 구실로 침입한 거란군이 서경까지 이르자 강감찬이 왕에게 남 쪽으로 피란할 것을 권유한다 왕이 개경을 떠나 전라도 삼례에 이르는 동안 호위군이 도망가 는 등의 어려움을 겪는다 나주에 도착한 왕 은 강화가 성립되어 거란군이 물러간다는 소식을 듣고
778,62,28,cj_v41_0738,인물,사건,False,"(가) 실옹이 웃으며 말하기를, “ … - 대저 땅덩이는 하루 동안에 한 바퀴를 도는데, 땅 둘레는 9만 리이고 하루는 12시이다. 9만 리 넓은 둘레를 12시간에 도니 번개나 포탄보다도 더 빠른 셈이다. ”라고 하였다. (나) 허생이 말하기를, “우리 조선은 배가 외국과 통하지 못하고"
192,50,42,cj_v41_0184,인물,인물,True,브나로드 운동을 소재로 (가) 소설 상록수를 쓴 사진 속 인물에 대해 말씀해 주세요 (가)에 들어갈 내용으로 옳은 것은?  [키워드] 브나로드운동 인물 운동
1544,77,44,cj_v41_1475,사건,사회,False,이곳은 인천 부평에 위치한 일본 육군 조병창이다. 일제가 국가 총동원법을 시행한 시기에 전쟁 무기 생산을 목적으로 설치되었다. 또한 학도 동원 실시 요강에 따라 학생들이 강제로 동원된 곳이기도 했다. 밑줄 그은 ‘시기’에 볼 수 있는 모습으로 가장 적절한 것은?  [키워드] 국가총동원법
146,49,46,cj_v41_0139,정치,사건,False,화부위 38도 이남의 조선에는 오직 한 정부가 있을 뿐이다. 자천자임(白薦白任)한 관리라든가 경찰이라든가 국민 전체를 쇄표하였노라는 대소 회합이라든가 조선 인민 공화국이라든지 조선 인민 공화국 내각은 권위와 세력과 실재가 전혀 없는 것이다. - 미군정 장관우군소장 아놀드 - 다음 성명이
921,65,21,cj_v41_0872,인물,사건,False,"교지를 내려 이르기를, “전날 성삼문 등이 상왕(그)도 그 모의에 참여하였다고 인정하자, 백관들이 상왕도 종사(宗社)에 죄를 지었으니 편안히 도성에 거주하는 것은 미땅치 않다고 하였디. 상왕을 노산군(魯山君)으로 낮추고, 궁에서 내보내 영월에 거주 시 기도록 하라. ”라고 하였다. 다음"
1486,76,36,cj_v41_1419,정치,정치,True,신문 기사로 보는 일제의 식민 통치 정책 볼기 다섯 개 솔닙 한 줌에 태 십오 마차를 타고 가면서 고삐를 잡지 경복궁 신무문 밖 보안림 안에 않아 볼기 다섯 대를 때리고 풀어줌. 들어가서 솔잎 한 움큼을 절취 하다가 발견되어 열다섯 대에 처함. 조선 태형령이 시행된 이 시기에는 헌병 경
130,49,30,cj_v41_0124,인물,인물,True,000 연보 - 1842년 출생 - 1880년 일본에 수신사로 파견됨 - 1884년 좌의정으로 임명됨 - 1894년 총리대신으로 갑오개혁을 주도함 - 1896년 사망 다음 인물에 대한 설명으로 옳은 것은?  [키워드] 갑오개혁 인물 개혁
868,64,18,cj_v41_0821,문화,문화,True,유네스코 세계유산에 등재된 조선의 궁궐 (가)에 여러분을 초대합니다. 달빛과 별이 어우러진 밤하늘 아래 자연과 어우러진 고궁의 아름다움을 느껴 보시기 바랍니다. 관람 동선: 돈화문 - 금천교 - 인정전 - 낙선재 - 부용지 - 연경당 - 후원 숲길 - 돈화문 일시: 2023년 ○○월 ○
528,57,28,cj_v41_0498,사건,사건,True,"경상 감사 이돈영이 진주의 백성들이 변란을 일으켜 경상 우병사 백낙신을 협박하고 인명을 살상하였다고 보고하니. 왕이 하교하였다. “난민들의 행동이 극에 달했으니, 만약 평시에 백성들을 잘 위로하고 달랬다면 어찌 이런 일이 있었겠는가. 대신들은 의는하여 조처할 방안을 마련하도록 하라. '"
1477,76,27,cj_v41_img_76_27,문화,문화,True,이 그림은 조선 후기의 대표적인 풍속 화가인 혜원이 그린 연소답청입니다. 양반들이 봄날에 자연을 즐기고자 나들이하는 모습을 그린 작품입니다. 다음 중 (가)에 해당하는 작품으로 옳은 것은?  [키워드] 조선 양반 풍속 그림
1464,76,14,cj_v41_1399,정치,사건,False,"(가) 이자겸과 척준경이 군사를 동원하여 궁궐을 침범하고 불태웠다. 왕을 위협하여 남궁(南宮)으로 거처를 옮기게 하고, 안보린· 최탁 등 17인을 죽였다. 이외에도 죽인 군사가 헤아릴 수 없을 정도였다. (나) 왕 규가 광주원군을 [왕으로] 세우고자 하였는데, 일찍이 밤에 왕이 깊이 잠"
1282,72,32,cj_v41_1224,정치,사건,False,일본으로 며칠 전 내무대신으로 단발령이 그래서 지금 망명했던 임명되어 총리대신 공포되었다네. 전국에서 박영효가 김홍집과 함께 폐하께서는 반대 상소가 귀국 새로운 정부를 이미 단발을 빗발치고 했다네. 주도한다더군. 하셨다는군. 있다네. (가) (가) 시기에 있었던 사실로 옳은 것은?  [
511,57,11,cj_v41_0483,사건,사건,True,"행영병마별감 승선 최홍정과 병마사 이부상서 문관이 여진 추장 거위이 등에게 타일러 말하기를, ""너희가 9성의 반환을 요청했으니 마땅히 이전에 했던 약속처럼 하늘에 대해 맹세하라.""라고 하였다. 추장 등은 함주 성문의 밖에 단을 설치하고 하늘에 맹세하기를, ""지금 이후 대대손손 악한 마음"
956,66,6,cj_v41_0905,문화,경제,False,법회원 청해진 지도는 이 국가의 교역로를 표시한 것이다. 청해진을 설치하여 해상 교역을 활발하게 전개하였던 이 국가 의 경제 상황에 대해 말해 볼까요? 교사의 질문에 대한 학생의 답변으로 가장 적절한 것은?  [키워드] 청해진 경제 지도
1408,75,8,cj_v41_1344,정치,인물,False,"○ 조영이 죽으니, 시호를 고왕이라 하였다. 아들 무예가 왕위에 올라 영토를 크게 개척하니, 동북의 모든 오랑캐들이 두려워하여 신하가 되었다. 또 연호를 인안(仁安)으로 고쳤다. ○ 무예가 죽자, 시호를 무왕이라 하였다. 아들 흠무가 왕위에 올라 연호를 대흥(大興)으로 고쳤다. ○ 인 "
1343,73,43,cj_v41_1279,사건,인물,False,"(가) 와/과 한국 광복군을 합병하여 조선 민족 혁명군으로 편성하자는 방안을 제출하였다. 그러나 대한민국 임시 정부와 한국 광복군 측에서는 우리들의 주장을 종래 찬성하지 아니하였고, 결국 본대는 한국 광복군 제1지대로 개편하게 되었다. (가 0 1- 1938년 10월 10일 우한(武漢)"
855,64,5,cj_v41_0809,인물,인물,True,"100% - ^~ 진천 조회 수 230,213 오전 1050 대한민국 방방곡곡 - 9 한국사 채널 이 전경은 (가) 0 탄생지로 알려진 곳의 모습이다. 금관가야 마지막 왕의 후손인 그는 진평왕부터 문무왕까지 다섯 임금을 섬기며 신라의 삼국 통일에 크게 기여하였다. 그는 사후에 '흥무대왕"
1063,68,13,cj_v41_1009,정치,사건,False,"금의 군주 아구다*가 국서를 보내 이르기를, 형인 금 황 제가 아우인 고려 국왕에게 문서를 보낸다. ······ 이제는 거란을 섬멸하였으니, 고려는 우리와 형제의 관계를 맺어 대대로 무궁한 우호 관계를 이루기 바란다라고 하였다 윤관이 여진인 포로 346명과 말, 소 등을 조정에 바치고 "
1200,70,50,cj_v41_1143,사건,사건,True,달구벌 (가) 의 2·28 민주 운동을 기념하는 의미를 담은 228번 버스가 5·18 민주화 운동이 일어난 빛고을 (나) 에서 5월 18일부터 운행됩니다. 대한민국 민주주의의 역사를 공유하는 달구벌과 빛고을 두 도시가 열어갈 화합과 협력의 새로운 장이 주목됩니다. 달빛 동맹 달빛동맹의 
198,50,48,cj_v41_0190,사건,사건,True,"이것은 대전 지역의 고등학생들이 장면 부통령 후보 유세를 기회로 삼아 시작한 3·8 민주 의거를 기리는 탑이다. 3·8 민주 의거는 대구의 2·28 민주 운동, 마산의 3·15 의거와 더불어 (가)이/가 전국적으로 확산되는 계기가 되었다. (가) 민주화 운동에 대한 설명으로 옳은 것은?"
154,50,4,cj_v41_0147,인물,인물,True,"용이 검은 옥대를 바쳤다. 왕이 놀라고 기뻐하여 오색 비단과 금, 옥으로 보답하였다. 왕은 감은사에서 돌아와 그 대나무로 피리를 만들어 월성의 천존고에 보관하였다. 이 피리를 불면 적병이 물러가고 병이 나으며, 가뭄에는 비가 오고 비가 올 때에는 날이 개었다고 한다. - 삼국유사 - ‘"
545,57,45,cj_v41_0515,사건,사건,True,(가) 본관(本官)은 본관에게 부여된1 태평양 미국 육군 최고 지휘관의 권한을 가지고 조선 북위 38도 이남의 지역과 주민에 대하여 군정을 설립함. 띠라서 점령에 관한 조건을 니음과 같이 포고다 제1조 조선 북위 38도 이남의 지역과 동 주민에 대한 모든 행정권은 당분간 본관의 권한하에
1013,67,13,cj_v41_0959,인물,인물,True,이것은 이의민을 제거하고 정권을 장악한 (가)의 묘지명 탁본입 니다. 여기에는 그가 명종의 퇴위와 신종의 즉위에 관여한 사실 등이 기록되어 있다 (가) 인물의 활동으로 옳은 것은?  [키워드] 명종 즉위 정권 활동 인물
147,49,47,cj_v41_0140,정치,정치,True,"(가) 국군 장교가 위원으로 선출되었으며, 3권을 장악하고 국회의 권한을 행사하는 최고 통치 기구인 국가 재건 최고 회의가 출범하였다. (나) 국민의 직접 선거로 대의원이 선출되었으며, 통일 정책을 최종 결정하고 대통령 선거권 등을 행사하는 통일 주체 국민 회의가 발족하였다. 〈보기〉 "
