category_id,category_name,category_path,parent_category_id,parent_category_path,depth,root_category_name,term_count,direct_term_count,source,review_status
CAT_00001,경제·산업,경제·산업,,,1,경제·산업,2893,0,history_terms.term_lk,PENDING
CAT_00002,교육,교육,,,1,교육,3386,0,history_terms.term_lk,PENDING
CAT_00003,교통·통신,교통·통신,,,1,교통·통신,1014,0,history_terms.term_lk,PENDING
CAT_00004,국방·군사,국방·군사,,,1,국방·군사,2897,0,history_terms.term_lk,PENDING
CAT_00005,문화·예술,문화·예술,,,1,문화·예술,4872,0,history_terms.term_lk,PENDING
CAT_00006,문화재,문화재,,,1,문화재,5181,5181,history_terms.term_lk,PENDING
CAT_00007,사회·생활,사회·생활,,,1,사회·생활,4170,0,history_terms.term_lk,PENDING
CAT_00008,사회운동·독립운동,사회운동·독립운동,,,1,사회운동·독립운동,2472,0,history_terms.term_lk,PENDING
CAT_00009,서명,서명,,,1,서명,4800,4738,history_terms.term_lk,PENDING
CAT_00010,역사일반,역사일반,,,1,역사일반,1487,957,history_terms.term_lk,PENDING
CAT_00011,외교·국제관계,외교·국제관계,,,1,외교·국제관계,2342,0,history_terms.term_lk,PENDING
CAT_00012,인명,인명,,,1,인명,8874,8623,history_terms.term_lk,PENDING
CAT_00013,재정·금융,재정·금융,,,1,재정·금융,1068,0,history_terms.term_lk,PENDING
CAT_00014,전통사상·종교,전통사상·종교,,,1,전통사상·종교,3350,0,history_terms.term_lk,PENDING
CAT_00015,정치·행정·법제,정치·행정·법제,,,1,정치·행정·법제,9334,0,history_terms.term_lk,PENDING
CAT_00016,지명,지명,,,1,지명,1807,1806,history_terms.term_lk,PENDING
CAT_00017,학술·과학기술,학술·과학기술,,,1,학술·과학기술,1651,0,history_terms.term_lk,PENDING
CAT_00018,경제관련행사,경제·산업>경제관련행사,CAT_00001,경제·산업,2,경제·산업,4,4,history_terms.term_lk,PENDING
CAT_00019,경제관련회의,경제·산업>경제관련회의,CAT_00001,경제·산업,2,경제·산업,3,3,history_terms.term_lk,PENDING
CAT_00020,경제단체·기구,경제·산업>경제단체·기구,CAT_00001,경제·산업,2,경제·산업,907,0,history_terms.term_lk,PENDING
CAT_00021,경제법령·조치,경제·산업>경제법령·조치,CAT_00001,경제·산업,2,경제·산업,84,84,history_terms.term_lk,PENDING
CAT_00022,경제사건,경제·산업>경제사건,CAT_00001,경제·산업,2,경제·산업,13,13,history_terms.term_lk,PENDING
CAT_00023,경제사상·정책,경제·산업>경제사상·정책,CAT_00001,경제·산업,2,경제·산업,47,47,history_terms.term_lk,PENDING
CAT_00024,광공업,경제·산업>광공업,CAT_00001,경제·산업,2,경제·산업,157,8,history_terms.term_lk,PENDING
CAT_00025,농업,경제·산업>농업,CAT_00001,경제·산업,2,경제·산업,612,0,history_terms.term_lk,PENDING
CAT_00026,도량형,경제·산업>도량형,CAT_00001,경제·산업,2,경제·산업,69,69,history_terms.term_lk,PENDING
CAT_00027,무역·수출,경제·산업>무역·수출,CAT_00001,경제·산업,2,경제·산업,33,33,history_terms.term_lk,PENDING
CAT_00028,상업·유통·서비스업,경제·산업>상업·유통·서비스업,CAT_00001,경제·산업,2,경제·산업,630,0,history_terms.term_lk,PENDING
CAT_00029,소비,경제·산업>소비,CAT_00001,경제·산업,2,경제·산업,2,2,history_terms.term_lk,PENDING
CAT_00030,수공업,경제·산업>수공업,CAT_00001,경제·산업,2,경제·산업,233,233,history_terms.term_lk,PENDING
CAT_00031,수산업,경제·산업>수산업,CAT_00001,경제·산업,2,경제·산업,58,0,history_terms.term_lk,PENDING
CAT_00032,임업,경제·산업>임업,CAT_00001,경제·산업,2,경제·산업,24,24,history_terms.term_lk,PENDING
CAT_00033,축산업,경제·산업>축산업,CAT_00001,경제·산업,2,경제·산업,17,17,history_terms.term_lk,PENDING
CAT_00034,교과과정,교육>교과과정,CAT_00002,교육,2,교육,13,13,history_terms.term_lk,PENDING
CAT_00035,교육기구·단체,교육>교육기구·단체,CAT_00002,교육,2,교육,44,44,history_terms.term_lk,PENDING
CAT_00036,교육사상·정책,교육>교육사상·정책,CAT_00002,교육,2,교육,44,44,history_terms.term_lk,PENDING
CAT_00037,교육행정,교육>교육행정,CAT_00002,교육,2,교육,28,28,history_terms.term_lk,PENDING
CAT_00038,근대교육기관,교육>근대교육기관,CAT_00002,교육,2,교육,2330,27,history_terms.term_lk,PENDING
CAT_00039,전근대교육기관,교육>전근대교육기관,CAT_00002,교육,2,교육,925,925,history_terms.term_lk,PENDING
CAT_00040,해외유학,교육>해외유학,CAT_00002,교육,2,교육,2,2,history_terms.term_lk,PENDING
CAT_00041,교통관련제도,교통·통신>교통관련제도,CAT_00003,교통·통신,2,교통·통신,7,7,history_terms.term_lk,PENDING
CAT_00042,교통기관·단체,교통·통신>교통기관·단체,CAT_00003,교통·통신,2,교통·통신,29,29,history_terms.term_lk,PENDING
CAT_00043,교통로,교통·통신>교통로,CAT_00003,교통·통신,2,교통·통신,216,216,history_terms.term_lk,PENDING
CAT_00044,교통수단,교통·통신>교통수단,CAT_00003,교통·통신,2,교통·통신,65,65,history_terms.term_lk,PENDING
CAT_00045,교통시설,교통·통신>교통시설,CAT_00003,교통·통신,2,교통·통신,654,654,history_terms.term_lk,PENDING
CAT_00046,통신·우편,교통·통신>통신·우편,CAT_00003,교통·통신,2,교통·통신,31,31,history_terms.term_lk,PENDING
CAT_00047,통신기관·단체,교통·통신>통신기관·단체,CAT_00003,교통·통신,2,교통·통신,13,13,history_terms.term_lk,PENDING
CAT_00048,국방사상·정책,국방·군사>국방사상·정책,CAT_00004,국방·군사,2,국방·군사,74,74,history_terms.term_lk,PENDING
CAT_00049,군,국방·군사>군,CAT_00004,국방·군사,2,국방·군사,565,10,history_terms.term_lk,PENDING
CAT_00050,군사기구,국방·군사>군사기구,CAT_00004,국방·군사,2,국방·군사,235,235,history_terms.term_lk,PENDING
CAT_00051,군사기술,국방·군사>군사기술,CAT_00004,국방·군사,2,국방·군사,44,44,history_terms.term_lk,PENDING
CAT_00052,군사방어시설,국방·군사>군사방어시설,CAT_00004,국방·군사,2,국방·군사,602,602,history_terms.term_lk,PENDING
CAT_00053,군사법령,국방·군사>군사법령,CAT_00004,국방·군사,2,국방·군사,12,12,history_terms.term_lk,PENDING
CAT_00054,군사사건,국방·군사>군사사건,CAT_00004,국방·군사,2,국방·군사,20,20,history_terms.term_lk,PENDING
CAT_00055,군수품,국방·군사>군수품,CAT_00004,국방·군사,2,국방·군사,447,0,history_terms.term_lk,PENDING
CAT_00056,군역,국방·군사>군역,CAT_00004,국방·군사,2,국방·군사,84,84,history_terms.term_lk,PENDING
CAT_00057,군직,국방·군사>군직,CAT_00004,국방·군사,2,국방·군사,528,528,history_terms.term_lk,PENDING
CAT_00058,전략·전술,국방·군사>전략·전술,CAT_00004,국방·군사,2,국방·군사,33,33,history_terms.term_lk,PENDING
CAT_00059,전쟁·전투,국방·군사>전쟁·전투,CAT_00004,국방·군사,2,국방·군사,260,260,history_terms.term_lk,PENDING
CAT_00060,기념물,문화·예술>기념물,CAT_00005,문화·예술,2,문화·예술,1,1,history_terms.term_lk,PENDING
CAT_00061,문학,문화·예술>문학,CAT_00005,문화·예술,2,문화·예술,821,821,history_terms.term_lk,PENDING
CAT_00062,문화기구·단체,문화·예술>문화기구·단체,CAT_00005,문화·예술,2,문화·예술,312,312,history_terms.term_lk,PENDING
CAT_00063,문화시설,문화·예술>문화시설,CAT_00005,문화·예술,2,문화·예술,203,203,history_terms.term_lk,PENDING
CAT_00064,문화정책,문화·예술>문화정책,CAT_00005,문화·예술,2,문화·예술,26,26,history_terms.term_lk,PENDING
CAT_00065,문화행사,문화·예술>문화행사,CAT_00005,문화·예술,2,문화·예술,52,52,history_terms.term_lk,PENDING
CAT_00066,미술,문화·예술>미술,CAT_00005,문화·예술,2,문화·예술,1574,1574,history_terms.term_lk,PENDING
CAT_00067,언론·출판,문화·예술>언론·출판,CAT_00005,문화·예술,2,문화·예술,446,446,history_terms.term_lk,PENDING
CAT_00068,유물,문화·예술>유물,CAT_00005,문화·예술,2,문화·예술,1,1,history_terms.term_lk,PENDING
CAT_00069,유적,문화·예술>유적,CAT_00005,문화·예술,2,문화·예술,271,271,history_terms.term_lk,PENDING
CAT_00070,음악,문화·예술>음악,CAT_00005,문화·예술,2,문화·예술,696,696,history_terms.term_lk,PENDING
CAT_00071,종합예술,문화·예술>종합예술,CAT_00005,문화·예술,2,문화·예술,423,423,history_terms.term_lk,PENDING
CAT_00072,체육·스포츠,문화·예술>체육·스포츠,CAT_00005,문화·예술,2,문화·예술,48,48,history_terms.term_lk,PENDING
CAT_00073,가족·친족,사회·생활>가족·친족,CAT_00007,사회·생활,2,사회·생활,228,0,history_terms.term_lk,PENDING
CAT_00074,관광지,사회·생활>관광지,CAT_00007,사회·생활,2,사회·생활,31,31,history_terms.term_lk,PENDING
CAT_00075,마을·촌락,사회·생활>마을·촌락,CAT_00007,사회·생활,2,사회·생활,46,46,history_terms.term_lk,PENDING
CAT_00076,보건·복지,사회·생활>보건·복지,CAT_00007,사회·생활,2,사회·생활,261,0,history_terms.term_lk,PENDING
CAT_00077,사회단체,사회·생활>사회단체,CAT_00007,사회·생활,2,사회·생활,157,0,history_terms.term_lk,PENDING
CAT_00078,사회사건·사고,사회·생활>사회사건·사고,CAT_00007,사회·생활,2,사회·생활,14,14,history_terms.term_lk,PENDING
CAT_00079,신분·계급,사회·생활>신분·계급,CAT_00007,사회·생활,2,사회·생활,400,400,history_terms.term_lk,PENDING
CAT_00080,유람·여행,사회·생활>유람·여행,CAT_00007,사회·생활,2,사회·생활,3,3,history_terms.term_lk,PENDING
CAT_00081,일상생활,사회·생활>일상생활,CAT_00007,사회·생활,2,사회·생활,1140,0,history_terms.term_lk,PENDING
CAT_00082,자연현상·재해,사회·생활>자연현상·재해,CAT_00007,사회·생활,2,사회·생활,83,0,history_terms.term_lk,PENDING
CAT_00083,직업,사회·생활>직업,CAT_00007,사회·생활,2,사회·생활,55,55,history_terms.term_lk,PENDING
CAT_00084,취미·오락,사회·생활>취미·오락,CAT_00007,사회·생활,2,사회·생활,65,65,history_terms.term_lk,PENDING
CAT_00085,풍속·의례,사회·생활>풍속·의례,CAT_00007,사회·생활,2,사회·생활,1690,0,history_terms.term_lk,PENDING
CAT_00086,농민운동·항쟁,사회운동·독립운동>농민운동·항쟁,CAT_00008,사회운동·독립운동,2,사회운동·독립운동,226,226,history_terms.term_lk,PENDING
CAT_00087,독립운동,사회운동·독립운동>독립운동,CAT_00008,사회운동·독립운동,2,사회운동·독립운동,969,0,history_terms.term_lk,PENDING
CAT_00088,사회사상,사회운동·독립운동>사회사상,CAT_00008,사회운동·독립운동,2,사회운동·독립운동,27,27,history_terms.term_lk,PENDING
CAT_00089,사회운동,사회운동·독립운동>사회운동,CAT_00008,사회운동·독립운동,2,사회운동·독립운동,933,156,history_terms.term_lk,PENDING
CAT_00090,일본제국주의,사회운동·독립운동>일본제국주의,CAT_00008,사회운동·독립운동,2,사회운동·독립운동,299,0,history_terms.term_lk,PENDING
CAT_00091,천민운동·항쟁,사회운동·독립운동>천민운동·항쟁,CAT_00008,사회운동·독립운동,2,사회운동·독립운동,23,23,history_terms.term_lk,PENDING
CAT_00092,시대별,서명>시대별,CAT_00009,서명,2,서명,1,0,history_terms.term_lk,PENDING
CAT_00093,유형별,서명>유형별,CAT_00009,서명,2,서명,61,0,history_terms.term_lk,PENDING
CAT_00094,국가,역사일반>국가,CAT_00010,역사일반,2,역사일반,336,12,history_terms.term_lk,PENDING
CAT_00095,시기·시대,역사일반>시기·시대,CAT_00010,역사일반,2,역사일반,48,48,history_terms.term_lk,PENDING
CAT_00096,왕호,역사일반>왕호,CAT_00010,역사일반,2,역사일반,60,60,history_terms.term_lk,PENDING
CAT_00097,종족·부족,역사일반>종족·부족,CAT_00010,역사일반,2,역사일반,86,86,history_terms.term_lk,PENDING
CAT_00098,국제기구,외교·국제관계>국제기구,CAT_00011,외교·국제관계,2,외교·국제관계,47,47,history_terms.term_lk,PENDING
CAT_00099,기타지역,외교·국제관계>기타지역,CAT_00011,외교·국제관계,2,외교·국제관계,41,0,history_terms.term_lk,PENDING
CAT_00100,러시아,외교·국제관계>러시아,CAT_00011,외교·국제관계,2,외교·국제관계,45,0,history_terms.term_lk,PENDING
CAT_00101,미국,외교·국제관계>미국,CAT_00011,외교·국제관계,2,외교·국제관계,27,0,history_terms.term_lk,PENDING
CAT_00102,북한,외교·국제관계>북한,CAT_00011,외교·국제관계,2,외교·국제관계,1122,0,history_terms.term_lk,PENDING
CAT_00103,외교기관·사절,외교·국제관계>외교기관·사절,CAT_00011,외교·국제관계,2,외교·국제관계,206,206,history_terms.term_lk,PENDING
CAT_00104,외교분쟁,외교·국제관계>외교분쟁,CAT_00011,외교·국제관계,2,외교·국제관계,38,38,history_terms.term_lk,PENDING
CAT_00105,외교사상·정책,외교·국제관계>외교사상·정책,CAT_00011,외교·국제관계,2,외교·국제관계,117,117,history_terms.term_lk,PENDING
CAT_00106,외교협상·협약,외교·국제관계>외교협상·협약,CAT_00011,외교·국제관계,2,외교·국제관계,184,14,history_terms.term_lk,PENDING
CAT_00107,일본,외교·국제관계>일본,CAT_00011,외교·국제관계,2,외교·국제관계,160,0,history_terms.term_lk,PENDING
CAT_00108,재외동포·단체,외교·국제관계>재외동포·단체,CAT_00011,외교·국제관계,2,외교·국제관계,91,91,history_terms.term_lk,PENDING
CAT_00109,재한외국인,외교·국제관계>재한외국인,CAT_00011,외교·국제관계,2,외교·국제관계,3,3,history_terms.term_lk,PENDING
CAT_00110,중국,외교·국제관계>중국,CAT_00011,외교·국제관계,2,외교·국제관계,265,0,history_terms.term_lk,PENDING
CAT_00111,성격별,인명>성격별,CAT_00012,인명,2,인명,251,1,history_terms.term_lk,PENDING
CAT_00112,물가,재정·금융>물가,CAT_00013,재정·금융,2,재정·금융,2,2,history_terms.term_lk,PENDING
CAT_00113,임금·소득,재정·금융>임금·소득,CAT_00013,재정·금융,2,재정·금융,51,51,history_terms.term_lk,PENDING
CAT_00114,재정,재정·금융>재정,CAT_00013,재정·금융,2,재정·금융,675,0,history_terms.term_lk,PENDING
CAT_00115,주식(재정·금융),재정·금융>주식(재정·금융),CAT_00013,재정·금융,2,재정·금융,2,2,history_terms.term_lk,PENDING
CAT_00116,화폐·금융,재정·금융>화폐·금융,CAT_00013,재정·금융,2,재정·금융,338,70,history_terms.term_lk,PENDING
CAT_00117,개신교,전통사상·종교>개신교,CAT_00014,전통사상·종교,2,전통사상·종교,101,0,history_terms.term_lk,PENDING
CAT_00118,기타종교,전통사상·종교>기타종교,CAT_00014,전통사상·종교,2,전통사상·종교,104,104,history_terms.term_lk,PENDING
CAT_00119,대종교,전통사상·종교>대종교,CAT_00014,전통사상·종교,2,전통사상·종교,28,28,history_terms.term_lk,PENDING
CAT_00120,도교,전통사상·종교>도교,CAT_00014,전통사상·종교,2,전통사상·종교,72,0,history_terms.term_lk,PENDING
CAT_00121,동학(천도교),전통사상·종교>동학(천도교),CAT_00014,전통사상·종교,2,전통사상·종교,92,0,history_terms.term_lk,PENDING
CAT_00122,무교·민간신앙,전통사상·종교>무교·민간신앙,CAT_00014,전통사상·종교,2,전통사상·종교,324,324,history_terms.term_lk,PENDING
CAT_00123,불교,전통사상·종교>불교,CAT_00014,전통사상·종교,2,전통사상·종교,1980,0,history_terms.term_lk,PENDING
CAT_00124,유교,전통사상·종교>유교,CAT_00014,전통사상·종교,2,전통사상·종교,372,0,history_terms.term_lk,PENDING
CAT_00125,종교기관·단체,전통사상·종교>종교기관·단체,CAT_00014,전통사상·종교,2,전통사상·종교,132,132,history_terms.term_lk,PENDING
CAT_00126,종교정책,전통사상·종교>종교정책,CAT_00014,전통사상·종교,2,전통사상·종교,16,16,history_terms.term_lk,PENDING
CAT_00127,천주교(서학),전통사상·종교>천주교(서학),CAT_00014,전통사상·종교,2,전통사상·종교,67,0,history_terms.term_lk,PENDING
CAT_00128,풍수·도참,전통사상·종교>풍수·도참,CAT_00014,전통사상·종교,2,전통사상·종교,66,66,history_terms.term_lk,PENDING
CAT_00129,법·법령,정치·행정·법제>법·법령,CAT_00015,정치·행정·법제,2,정치·행정·법제,381,381,history_terms.term_lk,PENDING
CAT_00130,사법,정치·행정·법제>사법,CAT_00015,정치·행정·법제,2,정치·행정·법제,490,0,history_terms.term_lk,PENDING
CAT_00131,선거,정치·행정·법제>선거,CAT_00015,정치·행정·법제,2,정치·행정·법제,16,16,history_terms.term_lk,PENDING
CAT_00132,인사,정치·행정·법제>인사,CAT_00015,정치·행정·법제,2,정치·행정·법제,4652,4651,history_terms.term_lk,PENDING
CAT_00133,입법,정치·행정·법제>입법,CAT_00015,정치·행정·법제,2,정치·행정·법제,32,0,history_terms.term_lk,PENDING
CAT_00134,정치,정치·행정·법제>정치,CAT_00015,정치·행정·법제,2,정치·행정·법제,645,0,history_terms.term_lk,PENDING
CAT_00135,정치사상·정책,정치·행정·법제>정치사상·정책,CAT_00015,정치·행정·법제,2,정치·행정·법제,215,215,history_terms.term_lk,PENDING
CAT_00136,행정,정치·행정·법제>행정,CAT_00015,정치·행정·법제,2,정치·행정·법제,2906,0,history_terms.term_lk,PENDING
CAT_00137,지역별,지명>지역별,CAT_00016,지명,2,지명,1,0,history_terms.term_lk,PENDING
CAT_00138,공학·기술,학술·과학기술>공학·기술,CAT_00017,학술·과학기술,2,학술·과학기술,123,123,history_terms.term_lk,PENDING
CAT_00139,사회과학,학술·과학기술>사회과학,CAT_00017,학술·과학기술,2,학술·과학기술,90,90,history_terms.term_lk,PENDING
CAT_00140,의학·약학,학술·과학기술>의학·약학,CAT_00017,학술·과학기술,2,학술·과학기술,86,86,history_terms.term_lk,PENDING
CAT_00141,인문과학,학술·과학기술>인문과학,CAT_00017,학술·과학기술,2,학술·과학기술,494,494,history_terms.term_lk,PENDING
CAT_00142,자연과학,학술·과학기술>자연과학,CAT_00017,학술·과학기술,2,학술·과학기술,307,307,history_terms.term_lk,PENDING
CAT_00143,학술기구·단체,학술·과학기술>학술기구·단체,CAT_00017,학술·과학기술,2,학술·과학기술,551,551,history_terms.term_lk,PENDING
CAT_00144,경제기구,경제·산업>경제단체·기구>경제기구,CAT_00020,경제·산업>경제단체·기구,3,경제·산업,30,30,history_terms.term_lk,PENDING
CAT_00145,경제단체,경제·산업>경제단체·기구>경제단체,CAT_00020,경제·산업>경제단체·기구,3,경제·산업,123,123,history_terms.term_lk,PENDING
CAT_00146,회사·기업,경제·산업>경제단체·기구>회사·기업,CAT_00020,경제·산업>경제단체·기구,3,경제·산업,754,754,history_terms.term_lk,PENDING
CAT_00147,경공업,경제·산업>광공업>경공업,CAT_00024,경제·산업>광공업,3,경제·산업,2,2,history_terms.term_lk,PENDING
CAT_00148,광공업기구·단체,경제·산업>광공업>광공업기구·단체,CAT_00024,경제·산업>광공업,3,경제·산업,13,13,history_terms.term_lk,PENDING
CAT_00149,광공업도구·시설,경제·산업>광공업>광공업도구·시설,CAT_00024,경제·산업>광공업,3,경제·산업,32,32,history_terms.term_lk,PENDING
CAT_00150,광공업생산물,경제·산업>광공업>광공업생산물,CAT_00024,경제·산업>광공업,3,경제·산업,2,2,history_terms.term_lk,PENDING
CAT_00151,광공업정책·제도·법령,경제·산업>광공업>광공업정책·제도·법령,CAT_00024,경제·산업>광공업,3,경제·산업,10,10,history_terms.term_lk,PENDING
CAT_00152,광업,경제·산업>광공업>광업,CAT_00024,경제·산업>광공업,3,경제·산업,76,76,history_terms.term_lk,PENDING
CAT_00153,전자산업,경제·산업>광공업>전자산업,CAT_00024,경제·산업>광공업,3,경제·산업,4,4,history_terms.term_lk,PENDING
CAT_00154,중화학공업,경제·산업>광공업>중화학공업,CAT_00024,경제·산업>광공업,3,경제·산업,3,3,history_terms.term_lk,PENDING
CAT_00155,토목·건설업,경제·산업>광공업>토목·건설업,CAT_00024,경제·산업>광공업,3,경제·산업,7,7,history_terms.term_lk,PENDING
CAT_00156,농기구,경제·산업>농업>농기구,CAT_00025,경제·산업>농업,3,경제·산업,34,34,history_terms.term_lk,PENDING
CAT_00157,농업기구단체,경제·산업>농업>농업기구단체,CAT_00025,경제·산업>농업,3,경제·산업,38,38,history_terms.term_lk,PENDING
CAT_00158,농업기술,경제·산업>농업>농업기술,CAT_00025,경제·산업>농업,3,경제·산업,43,43,history_terms.term_lk,PENDING
CAT_00159,농업생산물,경제·산업>농업>농업생산물,CAT_00025,경제·산업>농업,3,경제·산업,33,33,history_terms.term_lk,PENDING
CAT_00160,농업시설,경제·산업>농업>농업시설,CAT_00025,경제·산업>농업,3,경제·산업,39,39,history_terms.term_lk,PENDING
CAT_00161,농업일반,경제·산업>농업>농업일반,CAT_00025,경제·산업>농업,3,경제·산업,71,71,history_terms.term_lk,PENDING
CAT_00162,농업정책·제도·법령,경제·산업>농업>농업정책·제도·법령,CAT_00025,경제·산업>농업,3,경제·산업,102,102,history_terms.term_lk,PENDING
CAT_00163,농촌·농민문제,경제·산업>농업>농촌·농민문제,CAT_00025,경제·산업>농업,3,경제·산업,24,24,history_terms.term_lk,PENDING
CAT_00164,토지제도,경제·산업>농업>토지제도,CAT_00025,경제·산업>농업,3,경제·산업,228,228,history_terms.term_lk,PENDING
CAT_00165,상업·유통·서비스업단체,경제·산업>상업·유통·서비스업>상업·유통·서비스업단체,CAT_00028,경제·산업>상업·유통·서비스업,3,경제·산업,142,142,history_terms.term_lk,PENDING
CAT_00166,상업일반,경제·산업>상업·유통·서비스업>상업일반,CAT_00028,경제·산업>상업·유통·서비스업,3,경제·산업,15,15,history_terms.term_lk,PENDING
CAT_00167,상업정책·제도·법령,경제·산업>상업·유통·서비스업>상업정책·제도·법령,CAT_00028,경제·산업>상업·유통·서비스업,3,경제·산업,18,18,history_terms.term_lk,PENDING
CAT_00168,상점,경제·산업>상업·유통·서비스업>상점,CAT_00028,경제·산업>상업·유통·서비스업,3,경제·산업,39,39,history_terms.term_lk,PENDING
CAT_00169,상품,경제·산업>상업·유통·서비스업>상품,CAT_00028,경제·산업>상업·유통·서비스업,3,경제·산업,57,57,history_terms.term_lk,PENDING
CAT_00170,서비스업,경제·산업>상업·유통·서비스업>서비스업,CAT_00028,경제·산업>상업·유통·서비스업,3,경제·산업,41,41,history_terms.term_lk,PENDING
CAT_00171,시장,경제·산업>상업·유통·서비스업>시장,CAT_00028,경제·산업>상업·유통·서비스업,3,경제·산업,243,243,history_terms.term_lk,PENDING
CAT_00172,운송·운수,경제·산업>상업·유통·서비스업>운송·운수,CAT_00028,경제·산업>상업·유통·서비스업,3,경제·산업,28,28,history_terms.term_lk,PENDING
CAT_00173,창고·보관,경제·산업>상업·유통·서비스업>창고·보관,CAT_00028,경제·산업>상업·유통·서비스업,3,경제·산업,48,48,history_terms.term_lk,PENDING
CAT_00174,수산업기구·단체,경제·산업>수산업>수산업기구·단체,CAT_00031,경제·산업>수산업,3,경제·산업,4,4,history_terms.term_lk,PENDING
CAT_00175,수산업도구·시설,경제·산업>수산업>수산업도구·시설,CAT_00031,경제·산업>수산업,3,경제·산업,24,24,history_terms.term_lk,PENDING
CAT_00176,수산업생산물,경제·산업>수산업>수산업생산물,CAT_00031,경제·산업>수산업,3,경제·산업,2,2,history_terms.term_lk,PENDING
CAT_00177,수산업일반,경제·산업>수산업>수산업일반,CAT_00031,경제·산업>수산업,3,경제·산업,12,12,history_terms.term_lk,PENDING
CAT_00178,수산업정책·제도·법령,경제·산업>수산업>수산업정책·제도·법령,CAT_00031,경제·산업>수산업,3,경제·산업,16,16,history_terms.term_lk,PENDING
CAT_00179,고등교육기관,교육>근대교육기관>고등교육기관,CAT_00038,교육>근대교육기관,3,교육,359,359,history_terms.term_lk,PENDING
CAT_00180,사설학원,교육>근대교육기관>사설학원,CAT_00038,교육>근대교육기관,3,교육,13,13,history_terms.term_lk,PENDING
CAT_00181,사회교육기관,교육>근대교육기관>사회교육기관,CAT_00038,교육>근대교육기관,3,교육,2,2,history_terms.term_lk,PENDING
CAT_00182,실업교육기관,교육>근대교육기관>실업교육기관,CAT_00038,교육>근대교육기관,3,교육,31,31,history_terms.term_lk,PENDING
CAT_00183,유아교육기관,교육>근대교육기관>유아교육기관,CAT_00038,교육>근대교육기관,3,교육,1,1,history_terms.term_lk,PENDING
CAT_00184,중등교육기관,교육>근대교육기관>중등교육기관,CAT_00038,교육>근대교육기관,3,교육,620,620,history_terms.term_lk,PENDING
CAT_00185,초등교육기관,교육>근대교육기관>초등교육기관,CAT_00038,교육>근대교육기관,3,교육,850,850,history_terms.term_lk,PENDING
CAT_00186,특수교육기관,교육>근대교육기관>특수교육기관,CAT_00038,교육>근대교육기관,3,교육,365,365,history_terms.term_lk,PENDING
CAT_00187,해외민족교육학교,교육>근대교육기관>해외민족교육학교,CAT_00038,교육>근대교육기관,3,교육,93,93,history_terms.term_lk,PENDING
CAT_00188,사병,국방·군사>군>사병,CAT_00049,국방·군사>군,3,국방·군사,10,10,history_terms.term_lk,PENDING
CAT_00189,중앙군,국방·군사>군>중앙군,CAT_00049,국방·군사>군,3,국방·군사,287,287,history_terms.term_lk,PENDING
CAT_00190,지방군,국방·군사>군>지방군,CAT_00049,국방·군사>군,3,국방·군사,154,154,history_terms.term_lk,PENDING
CAT_00191,특수군,국방·군사>군>특수군,CAT_00049,국방·군사>군,3,국방·군사,108,108,history_terms.term_lk,PENDING
CAT_00192,군복·군장류,국방·군사>군수품>군복·군장류,CAT_00055,국방·군사>군수품,3,국방·군사,23,23,history_terms.term_lk,PENDING
CAT_00193,군사통신용품,국방·군사>군수품>군사통신용품,CAT_00055,국방·군사>군수품,3,국방·군사,24,24,history_terms.term_lk,PENDING
CAT_00194,군수품일반,국방·군사>군수품>군수품일반,CAT_00055,국방·군사>군수품,3,국방·군사,16,16,history_terms.term_lk,PENDING
CAT_00195,무기류,국방·군사>군수품>무기류,CAT_00055,국방·군사>군수품,3,국방·군사,187,187,history_terms.term_lk,PENDING
CAT_00196,표신,국방·군사>군수품>표신,CAT_00055,국방·군사>군수품,3,국방·군사,147,147,history_terms.term_lk,PENDING
CAT_00197,함선·전투기·군사차량,국방·군사>군수품>함선·전투기·군사차량,CAT_00055,국방·군사>군수품,3,국방·군사,50,50,history_terms.term_lk,PENDING
CAT_00198,가족제도,사회·생활>가족·친족>가족제도,CAT_00073,사회·생활>가족·친족,3,사회·생활,32,32,history_terms.term_lk,PENDING
CAT_00199,친족관계,사회·생활>가족·친족>친족관계,CAT_00073,사회·생활>가족·친족,3,사회·생활,145,145,history_terms.term_lk,PENDING
CAT_00200,호구·호적,사회·생활>가족·친족>호구·호적,CAT_00073,사회·생활>가족·친족,3,사회·생활,64,64,history_terms.term_lk,PENDING
CAT_00201,구휼,사회·생활>보건·복지>구휼,CAT_00076,사회·생활>보건·복지,3,사회·생활,67,67,history_terms.term_lk,PENDING
CAT_00202,복지,사회·생활>보건·복지>복지,CAT_00076,사회·생활>보건·복지,3,사회·생활,28,28,history_terms.term_lk,PENDING
CAT_00203,의료,사회·생활>보건·복지>의료,CAT_00076,사회·생활>보건·복지,3,사회·생활,153,153,history_terms.term_lk,PENDING
CAT_00204,질병,사회·생활>보건·복지>질병,CAT_00076,사회·생활>보건·복지,3,사회·생활,13,13,history_terms.term_lk,PENDING
CAT_00205,이익단체,사회·생활>사회단체>이익단체,CAT_00077,사회·생활>사회단체,3,사회·생활,7,7,history_terms.term_lk,PENDING
CAT_00206,자치조직·단체,사회·생활>사회단체>자치조직·단체,CAT_00077,사회·생활>사회단체,3,사회·생활,89,89,history_terms.term_lk,PENDING
CAT_00207,친목·봉사단체,사회·생활>사회단체>친목·봉사단체,CAT_00077,사회·생활>사회단체,3,사회·생활,61,61,history_terms.term_lk,PENDING
CAT_00208,생활용품,사회·생활>일상생활>생활용품,CAT_00081,사회·생활>일상생활,3,사회·생활,207,207,history_terms.term_lk,PENDING
CAT_00209,식생활,사회·생활>일상생활>식생활,CAT_00081,사회·생활>일상생활,3,사회·생활,154,154,history_terms.term_lk,PENDING
CAT_00210,의생활,사회·생활>일상생활>의생활,CAT_00081,사회·생활>일상생활,3,사회·생활,383,383,history_terms.term_lk,PENDING
CAT_00211,일상생활용어,사회·생활>일상생활>일상생활용어,CAT_00081,사회·생활>일상생활,3,사회·생활,36,36,history_terms.term_lk,PENDING
CAT_00212,주생활,사회·생활>일상생활>주생활,CAT_00081,사회·생활>일상생활,3,사회·생활,360,360,history_terms.term_lk,PENDING
CAT_00213,자연·자연현상,사회·생활>자연현상·재해>자연·자연현상,CAT_00082,사회·생활>자연현상·재해,3,사회·생활,59,59,history_terms.term_lk,PENDING
CAT_00214,자연재해,사회·생활>자연현상·재해>자연재해,CAT_00082,사회·생활>자연현상·재해,3,사회·생활,24,24,history_terms.term_lk,PENDING
CAT_00215,가정의례,사회·생활>풍속·의례>가정의례,CAT_00085,사회·생활>풍속·의례,3,사회·생활,145,145,history_terms.term_lk,PENDING
CAT_00216,국가의례,사회·생활>풍속·의례>국가의례,CAT_00085,사회·생활>풍속·의례,3,사회·생활,385,385,history_terms.term_lk,PENDING
CAT_00217,매장,사회·생활>풍속·의례>매장,CAT_00085,사회·생활>풍속·의례,3,사회·생활,930,930,history_terms.term_lk,PENDING
CAT_00218,유행,사회·생활>풍속·의례>유행,CAT_00085,사회·생활>풍속·의례,3,사회·생활,3,3,history_terms.term_lk,PENDING
CAT_00219,풍속,사회·생활>풍속·의례>풍속,CAT_00085,사회·생활>풍속·의례,3,사회·생활,211,211,history_terms.term_lk,PENDING
CAT_00220,향촌의례,사회·생활>풍속·의례>향촌의례,CAT_00085,사회·생활>풍속·의례,3,사회·생활,19,19,history_terms.term_lk,PENDING
CAT_00221,무정부주의운동,사회운동·독립운동>독립운동>무정부주의운동,CAT_00087,사회운동·독립운동>독립운동,3,사회운동·독립운동,50,50,history_terms.term_lk,PENDING
CAT_00222,민족주의운동(독립),사회운동·독립운동>독립운동>민족주의운동(독립),CAT_00087,사회운동·독립운동>독립운동,3,사회운동·독립운동,493,493,history_terms.term_lk,PENDING
CAT_00223,사회주의운동(독립),사회운동·독립운동>독립운동>사회주의운동(독립),CAT_00087,사회운동·독립운동>독립운동,3,사회운동·독립운동,126,126,history_terms.term_lk,PENDING
CAT_00224,의거·의열투쟁,사회운동·독립운동>독립운동>의거·의열투쟁,CAT_00087,사회운동·독립운동>독립운동,3,사회운동·독립운동,41,41,history_terms.term_lk,PENDING
CAT_00225,의병운동,사회운동·독립운동>독립운동>의병운동,CAT_00087,사회운동·독립운동>독립운동,3,사회운동·독립운동,28,28,history_terms.term_lk,PENDING
CAT_00226,통일전선운동,사회운동·독립운동>독립운동>통일전선운동,CAT_00087,사회운동·독립운동>독립운동,3,사회운동·독립운동,74,74,history_terms.term_lk,PENDING
CAT_00227,항일무장투쟁,사회운동·독립운동>독립운동>항일무장투쟁,CAT_00087,사회운동·독립운동>독립운동,3,사회운동·독립운동,157,157,history_terms.term_lk,PENDING
CAT_00228,항일운동,사회운동·독립운동>독립운동>항일운동,CAT_00087,사회운동·독립운동>독립운동,3,사회운동·독립운동,6,6,history_terms.term_lk,PENDING
CAT_00229,계몽운동,사회운동·독립운동>사회운동>계몽운동,CAT_00089,사회운동·독립운동>사회운동,3,사회운동·독립운동,88,88,history_terms.term_lk,PENDING
CAT_00230,관제운동,사회운동·독립운동>사회운동>관제운동,CAT_00089,사회운동·독립운동>사회운동,3,사회운동·독립운동,6,6,history_terms.term_lk,PENDING
CAT_00231,노동운동,사회운동·독립운동>사회운동>노동운동,CAT_00089,사회운동·독립운동>사회운동,3,사회운동·독립운동,150,150,history_terms.term_lk,PENDING
CAT_00232,민족주의운동(사회),사회운동·독립운동>사회운동>민족주의운동(사회),CAT_00089,사회운동·독립운동>사회운동,3,사회운동·독립운동,16,16,history_terms.term_lk,PENDING
CAT_00233,민주화운동,사회운동·독립운동>사회운동>민주화운동,CAT_00089,사회운동·독립운동>사회운동,3,사회운동·독립운동,74,74,history_terms.term_lk,PENDING
CAT_00234,사회주의운동(사회),사회운동·독립운동>사회운동>사회주의운동(사회),CAT_00089,사회운동·독립운동>사회운동,3,사회운동·독립운동,128,128,history_terms.term_lk,PENDING
CAT_00235,시민운동,사회운동·독립운동>사회운동>시민운동,CAT_00089,사회운동·독립운동>사회운동,3,사회운동·독립운동,7,7,history_terms.term_lk,PENDING
CAT_00236,종교운동,사회운동·독립운동>사회운동>종교운동,CAT_00089,사회운동·독립운동>사회운동,3,사회운동·독립운동,6,6,history_terms.term_lk,PENDING
CAT_00237,청년운동,사회운동·독립운동>사회운동>청년운동,CAT_00089,사회운동·독립운동>사회운동,3,사회운동·독립운동,160,160,history_terms.term_lk,PENDING
CAT_00238,통일운동,사회운동·독립운동>사회운동>통일운동,CAT_00089,사회운동·독립운동>사회운동,3,사회운동·독립운동,23,23,history_terms.term_lk,PENDING
CAT_00239,학생운동,사회운동·독립운동>사회운동>학생운동,CAT_00089,사회운동·독립운동>사회운동,3,사회운동·독립운동,123,123,history_terms.term_lk,PENDING
CAT_00240,강제동원,사회운동·독립운동>일본제국주의>강제동원,CAT_00090,사회운동·독립운동>일본제국주의,3,사회운동·독립운동,13,13,history_terms.term_lk,PENDING
CAT_00241,식민통치 및 정책,사회운동·독립운동>일본제국주의>식민통치 및 정책,CAT_00090,사회운동·독립운동>일본제국주의,3,사회운동·독립운동,108,108,history_terms.term_lk,PENDING
CAT_00242,친일세력,사회운동·독립운동>일본제국주의>친일세력,CAT_00090,사회운동·독립운동>일본제국주의,3,사회운동·독립운동,172,172,history_terms.term_lk,PENDING
CAT_00243,친일활동,사회운동·독립운동>일본제국주의>친일활동,CAT_00090,사회운동·독립운동>일본제국주의,3,사회운동·독립운동,6,6,history_terms.term_lk,PENDING
CAT_00244,조선시대,서명>시대별>조선시대,CAT_00092,서명>시대별,3,서명,1,0,history_terms.term_lk,PENDING
CAT_00245,문학,서명>유형별>문학,CAT_00093,서명>유형별,3,서명,1,0,history_terms.term_lk,PENDING
CAT_00246,사회과학,서명>유형별>사회과학,CAT_00093,서명>유형별,3,서명,15,0,history_terms.term_lk,PENDING
CAT_00247,역사,서명>유형별>역사,CAT_00093,서명>유형별,3,서명,2,0,history_terms.term_lk,PENDING
CAT_00248,종교,서명>유형별>종교,CAT_00093,서명>유형별,3,서명,10,0,history_terms.term_lk,PENDING
CAT_00249,총류,서명>유형별>총류,CAT_00093,서명>유형별,3,서명,33,0,history_terms.term_lk,PENDING
CAT_00250,고대국가,역사일반>국가>고대국가,CAT_00094,역사일반>국가,3,역사일반,179,179,history_terms.term_lk,PENDING
CAT_00251,고려시대국가,역사일반>국가>고려시대국가,CAT_00094,역사일반>국가,3,역사일반,9,9,history_terms.term_lk,PENDING
CAT_00252,우리나라이칭,역사일반>국가>우리나라이칭,CAT_00094,역사일반>국가,3,역사일반,14,14,history_terms.term_lk,PENDING
CAT_00253,일제시대국가,역사일반>국가>일제시대국가,CAT_00094,역사일반>국가,3,역사일반,5,5,history_terms.term_lk,PENDING
CAT_00254,조선시대국가,역사일반>국가>조선시대국가,CAT_00094,역사일반>국가,3,역사일반,3,3,history_terms.term_lk,PENDING
CAT_00255,중국국가,역사일반>국가>중국국가,CAT_00094,역사일반>국가,3,역사일반,108,108,history_terms.term_lk,PENDING
CAT_00256,현대국가,역사일반>국가>현대국가,CAT_00094,역사일반>국가,3,역사일반,7,7,history_terms.term_lk,PENDING
CAT_00257,동남아시아,외교·국제관계>기타지역>동남아시아,CAT_00099,외교·국제관계>기타지역,3,외교·국제관계,7,7,history_terms.term_lk,PENDING
CAT_00258,서남아시아,외교·국제관계>기타지역>서남아시아,CAT_00099,외교·국제관계>기타지역,3,외교·국제관계,10,10,history_terms.term_lk,PENDING
CAT_00259,아메리카,외교·국제관계>기타지역>아메리카,CAT_00099,외교·국제관계>기타지역,3,외교·국제관계,3,3,history_terms.term_lk,PENDING
CAT_00260,아프리카,외교·국제관계>기타지역>아프리카,CAT_00099,외교·국제관계>기타지역,3,외교·국제관계,1,1,history_terms.term_lk,PENDING
CAT_00261,유럽,외교·국제관계>기타지역>유럽,CAT_00099,외교·국제관계>기타지역,3,외교·국제관계,19,19,history_terms.term_lk,PENDING
CAT_00262,중앙아시아,외교·국제관계>기타지역>중앙아시아,CAT_00099,외교·국제관계>기타지역,3,외교·국제관계,1,1,history_terms.term_lk,PENDING
CAT_00263,경제·산업(러시아),외교·국제관계>러시아>경제·산업(러시아),CAT_00100,외교·국제관계>러시아,3,외교·국제관계,6,6,history_terms.term_lk,PENDING
CAT_00264,교육·과학기술(러시아),외교·국제관계>러시아>교육·과학기술(러시아),CAT_00100,외교·국제관계>러시아,3,외교·국제관계,1,1,history_terms.term_lk,PENDING
CAT_00265,국방·군사(러시아),외교·국제관계>러시아>국방·군사(러시아),CAT_00100,외교·국제관계>러시아,3,외교·국제관계,5,5,history_terms.term_lk,PENDING
CAT_00266,사회·생활(러시아),외교·국제관계>러시아>사회·생활(러시아),CAT_00100,외교·국제관계>러시아,3,외교·국제관계,5,5,history_terms.term_lk,PENDING
CAT_00267,외교·국제관계(러시아),외교·국제관계>러시아>외교·국제관계(러시아),CAT_00100,외교·국제관계>러시아,3,외교·국제관계,8,8,history_terms.term_lk,PENDING
CAT_00268,정치·행정·법제(러시아),외교·국제관계>러시아>정치·행정·법제(러시아),CAT_00100,외교·국제관계>러시아,3,외교·국제관계,16,16,history_terms.term_lk,PENDING
CAT_00269,종교·문화(러시아),외교·국제관계>러시아>종교·문화(러시아),CAT_00100,외교·국제관계>러시아,3,외교·국제관계,4,4,history_terms.term_lk,PENDING
CAT_00270,교육·과학기술(미국),외교·국제관계>미국>교육·과학기술(미국),CAT_00101,외교·국제관계>미국,3,외교·국제관계,4,4,history_terms.term_lk,PENDING
CAT_00271,국방·군사(미국),외교·국제관계>미국>국방·군사(미국),CAT_00101,외교·국제관계>미국,3,외교·국제관계,11,11,history_terms.term_lk,PENDING
CAT_00272,사회·생활(미국),외교·국제관계>미국>사회·생활(미국),CAT_00101,외교·국제관계>미국,3,외교·국제관계,8,8,history_terms.term_lk,PENDING
CAT_00273,외교·국제관계(미국),외교·국제관계>미국>외교·국제관계(미국),CAT_00101,외교·국제관계>미국,3,외교·국제관계,4,4,history_terms.term_lk,PENDING
CAT_00274,경제·산업(북한),외교·국제관계>북한>경제·산업(북한),CAT_00102,외교·국제관계>북한,3,외교·국제관계,286,286,history_terms.term_lk,PENDING
CAT_00275,교육·과학기술(북한),외교·국제관계>북한>교육·과학기술(북한),CAT_00102,외교·국제관계>북한,3,외교·국제관계,82,82,history_terms.term_lk,PENDING
CAT_00276,국방·군사(북한),외교·국제관계>북한>국방·군사(북한),CAT_00102,외교·국제관계>북한,3,외교·국제관계,68,68,history_terms.term_lk,PENDING
CAT_00277,사회·생활(북한),외교·국제관계>북한>사회·생활(북한),CAT_00102,외교·국제관계>북한,3,외교·국제관계,100,100,history_terms.term_lk,PENDING
CAT_00278,외교·국제관계(북한),외교·국제관계>북한>외교·국제관계(북한),CAT_00102,외교·국제관계>북한,3,외교·국제관계,19,19,history_terms.term_lk,PENDING
CAT_00279,정치·행정·법제(북한),외교·국제관계>북한>정치·행정·법제(북한),CAT_00102,외교·국제관계>북한,3,외교·국제관계,359,359,history_terms.term_lk,PENDING
CAT_00280,종교·문화(북한),외교·국제관계>북한>종교·문화(북한),CAT_00102,외교·국제관계>북한,3,외교·국제관계,209,209,history_terms.term_lk,PENDING
CAT_00281,개항기,외교·국제관계>외교협상·협약>개항기,CAT_00106,외교·국제관계>외교협상·협약,3,외교·국제관계,46,46,history_terms.term_lk,PENDING
CAT_00282,대한제국기,외교·국제관계>외교협상·협약>대한제국기,CAT_00106,외교·국제관계>외교협상·협약,3,외교·국제관계,32,32,history_terms.term_lk,PENDING
CAT_00283,일제시대,외교·국제관계>외교협상·협약>일제시대,CAT_00106,외교·국제관계>외교협상·협약,3,외교·국제관계,11,11,history_terms.term_lk,PENDING
CAT_00284,조선시대,외교·국제관계>외교협상·협약>조선시대,CAT_00106,외교·국제관계>외교협상·협약,3,외교·국제관계,10,10,history_terms.term_lk,PENDING
CAT_00285,현대,외교·국제관계>외교협상·협약>현대,CAT_00106,외교·국제관계>외교협상·협약,3,외교·국제관계,71,71,history_terms.term_lk,PENDING
CAT_00286,경제·산업(일본),외교·국제관계>일본>경제·산업(일본),CAT_00107,외교·국제관계>일본,3,외교·국제관계,16,16,history_terms.term_lk,PENDING
CAT_00287,교육·과학기술(일본),외교·국제관계>일본>교육·과학기술(일본),CAT_00107,외교·국제관계>일본,3,외교·국제관계,3,3,history_terms.term_lk,PENDING
CAT_00288,국방·군사(일본),외교·국제관계>일본>국방·군사(일본),CAT_00107,외교·국제관계>일본,3,외교·국제관계,13,13,history_terms.term_lk,PENDING
CAT_00289,사회·생활(일본),외교·국제관계>일본>사회·생활(일본),CAT_00107,외교·국제관계>일본,3,외교·국제관계,15,15,history_terms.term_lk,PENDING
CAT_00290,외교·국제관계(일본),외교·국제관계>일본>외교·국제관계(일본),CAT_00107,외교·국제관계>일본,3,외교·국제관계,54,9,history_terms.term_lk,PENDING
CAT_00291,정치·행정·법제(일본),외교·국제관계>일본>정치·행정·법제(일본),CAT_00107,외교·국제관계>일본,3,외교·국제관계,22,22,history_terms.term_lk,PENDING
CAT_00292,종교·문화(일본),외교·국제관계>일본>종교·문화(일본),CAT_00107,외교·국제관계>일본,3,외교·국제관계,37,37,history_terms.term_lk,PENDING
CAT_00293,경제·산업(중국),외교·국제관계>중국>경제·산업(중국),CAT_00110,외교·국제관계>중국,3,외교·국제관계,20,20,history_terms.term_lk,PENDING
CAT_00294,교육·과학기술(중국),외교·국제관계>중국>교육·과학기술(중국),CAT_00110,외교·국제관계>중국,3,외교·국제관계,14,14,history_terms.term_lk,PENDING
CAT_00295,국방·군사(중국),외교·국제관계>중국>국방·군사(중국),CAT_00110,외교·국제관계>중국,3,외교·국제관계,42,42,history_terms.term_lk,PENDING
CAT_00296,사회·생활(중국),외교·국제관계>중국>사회·생활(중국),CAT_00110,외교·국제관계>중국,3,외교·국제관계,10,10,history_terms.term_lk,PENDING
CAT_00297,외교·국제관계(중국),외교·국제관계>중국>외교·국제관계(중국),CAT_00110,외교·국제관계>중국,3,외교·국제관계,23,23,history_terms.term_lk,PENDING
CAT_00298,정치·행정·법제(중국),외교·국제관계>중국>정치·행정·법제(중국),CAT_00110,외교·국제관계>중국,3,외교·국제관계,102,102,history_terms.term_lk,PENDING
CAT_00299,종교·문화(중국),외교·국제관계>중국>종교·문화(중국),CAT_00110,외교·국제관계>중국,3,외교·국제관계,54,54,history_terms.term_lk,PENDING
CAT_00300,기업·경제인,인명>성격별>기업·경제인,CAT_00111,인명>성격별,3,인명,1,0,history_terms.term_lk,PENDING
CAT_00301,기타,인명>성격별>기타,CAT_00111,인명>성격별,3,인명,1,1,history_terms.term_lk,PENDING
CAT_00302,사회·신분,인명>성격별>사회·신분,CAT_00111,인명>성격별,3,인명,5,0,history_terms.term_lk,PENDING
CAT_00303,사회운동가,인명>성격별>사회운동가,CAT_00111,인명>성격별,3,인명,6,0,history_terms.term_lk,PENDING
CAT_00304,예술·체육인,인명>성격별>예술·체육인,CAT_00111,인명>성격별,3,인명,4,0,history_terms.term_lk,PENDING
CAT_00305,왕실,인명>성격별>왕실,CAT_00111,인명>성격별,3,인명,26,0,history_terms.term_lk,PENDING
CAT_00306,정치·행정가,인명>성격별>정치·행정가,CAT_00111,인명>성격별,3,인명,170,0,history_terms.term_lk,PENDING
CAT_00307,종교인,인명>성격별>종교인,CAT_00111,인명>성격별,3,인명,7,0,history_terms.term_lk,PENDING
CAT_00308,학자,인명>성격별>학자,CAT_00111,인명>성격별,3,인명,30,0,history_terms.term_lk,PENDING
CAT_00309,세무행정,재정·금융>재정>세무행정,CAT_00114,재정·금융>재정,3,재정·금융,77,77,history_terms.term_lk,PENDING
CAT_00310,예산·결산,재정·금융>재정>예산·결산,CAT_00114,재정·금융>재정,3,재정·금융,42,42,history_terms.term_lk,PENDING
CAT_00311,재정기구·단체,재정·금융>재정>재정기구·단체,CAT_00114,재정·금융>재정,3,재정·금융,81,81,history_terms.term_lk,PENDING
CAT_00312,재정정책·법령,재정·금융>재정>재정정책·법령,CAT_00114,재정·금융>재정,3,재정·금융,147,147,history_terms.term_lk,PENDING
CAT_00313,조세제도,재정·금융>재정>조세제도,CAT_00114,재정·금융>재정,3,재정·금융,328,328,history_terms.term_lk,PENDING
CAT_00314,국제금융,재정·금융>화폐·금융>국제금융,CAT_00116,재정·금융>화폐·금융,3,재정·금융,7,7,history_terms.term_lk,PENDING
CAT_00315,금리·환율,재정·금융>화폐·금융>금리·환율,CAT_00116,재정·금융>화폐·금융,3,재정·금융,7,7,history_terms.term_lk,PENDING
CAT_00316,금융기관·단체,재정·금융>화폐·금융>금융기관·단체,CAT_00116,재정·금융>화폐·금융,3,재정·금융,224,224,history_terms.term_lk,PENDING
CAT_00317,금융정책·제도,재정·금융>화폐·금융>금융정책·제도,CAT_00116,재정·금융>화폐·금융,3,재정·금융,15,15,history_terms.term_lk,PENDING
CAT_00318,사금융·사채,재정·금융>화폐·금융>사금융·사채,CAT_00116,재정·금융>화폐·금융,3,재정·금융,9,9,history_terms.term_lk,PENDING
CAT_00319,수표·어음·채권,재정·금융>화폐·금융>수표·어음·채권,CAT_00116,재정·금융>화폐·금융,3,재정·금융,6,6,history_terms.term_lk,PENDING
CAT_00320,개신교관련사건·행사,전통사상·종교>개신교>개신교관련사건·행사,CAT_00117,전통사상·종교>개신교,3,전통사상·종교,9,9,history_terms.term_lk,PENDING
CAT_00321,개신교관련시설,전통사상·종교>개신교>개신교관련시설,CAT_00117,전통사상·종교>개신교,3,전통사상·종교,38,38,history_terms.term_lk,PENDING
CAT_00322,개신교사상·신앙,전통사상·종교>개신교>개신교사상·신앙,CAT_00117,전통사상·종교>개신교,3,전통사상·종교,3,3,history_terms.term_lk,PENDING
CAT_00323,개신교종파·용어,전통사상·종교>개신교>개신교종파·용어,CAT_00117,전통사상·종교>개신교,3,전통사상·종교,51,51,history_terms.term_lk,PENDING
CAT_00324,도교관련사건·행사,전통사상·종교>도교>도교관련사건·행사,CAT_00120,전통사상·종교>도교,3,전통사상·종교,9,9,history_terms.term_lk,PENDING
CAT_00325,도교관련시설,전통사상·종교>도교>도교관련시설,CAT_00120,전통사상·종교>도교,3,전통사상·종교,7,7,history_terms.term_lk,PENDING
CAT_00326,도교사상·신앙,전통사상·종교>도교>도교사상·신앙,CAT_00120,전통사상·종교>도교,3,전통사상·종교,24,24,history_terms.term_lk,PENDING
CAT_00327,도교학파·용어,전통사상·종교>도교>도교학파·용어,CAT_00120,전통사상·종교>도교,3,전통사상·종교,32,32,history_terms.term_lk,PENDING
CAT_00328,동학관련사건·행사,전통사상·종교>동학(천도교)>동학관련사건·행사,CAT_00121,전통사상·종교>동학(천도교),3,전통사상·종교,12,12,history_terms.term_lk,PENDING
CAT_00329,동학관련시설,전통사상·종교>동학(천도교)>동학관련시설,CAT_00121,전통사상·종교>동학(천도교),3,전통사상·종교,12,12,history_terms.term_lk,PENDING
CAT_00330,동학사상·신앙,전통사상·종교>동학(천도교)>동학사상·신앙,CAT_00121,전통사상·종교>동학(천도교),3,전통사상·종교,35,35,history_terms.term_lk,PENDING
CAT_00331,동학종파·용어,전통사상·종교>동학(천도교)>동학종파·용어,CAT_00121,전통사상·종교>동학(천도교),3,전통사상·종교,33,33,history_terms.term_lk,PENDING
CAT_00332,불교관련사건·행사,전통사상·종교>불교>불교관련사건·행사,CAT_00123,전통사상·종교>불교,3,전통사상·종교,165,165,history_terms.term_lk,PENDING
CAT_00333,불교관련시설,전통사상·종교>불교>불교관련시설,CAT_00123,전통사상·종교>불교,3,전통사상·종교,1116,1116,history_terms.term_lk,PENDING
CAT_00334,불교사상·신앙,전통사상·종교>불교>불교사상·신앙,CAT_00123,전통사상·종교>불교,3,전통사상·종교,178,178,history_terms.term_lk,PENDING
CAT_00335,불교종파·용어,전통사상·종교>불교>불교종파·용어,CAT_00123,전통사상·종교>불교,3,전통사상·종교,521,521,history_terms.term_lk,PENDING
CAT_00336,유교관련사건·행사,전통사상·종교>유교>유교관련사건·행사,CAT_00124,전통사상·종교>유교,3,전통사상·종교,12,12,history_terms.term_lk,PENDING
CAT_00337,유교관련시설,전통사상·종교>유교>유교관련시설,CAT_00124,전통사상·종교>유교,3,전통사상·종교,151,151,history_terms.term_lk,PENDING
CAT_00338,유교사상·신앙,전통사상·종교>유교>유교사상·신앙,CAT_00124,전통사상·종교>유교,3,전통사상·종교,125,125,history_terms.term_lk,PENDING
CAT_00339,유교학파·용어,전통사상·종교>유교>유교학파·용어,CAT_00124,전통사상·종교>유교,3,전통사상·종교,84,84,history_terms.term_lk,PENDING
CAT_00340,천주교관련사건·행사,전통사상·종교>천주교(서학)>천주교관련사건·행사,CAT_00127,전통사상·종교>천주교(서학),3,전통사상·종교,22,22,history_terms.term_lk,PENDING
CAT_00341,천주교관련시설,전통사상·종교>천주교(서학)>천주교관련시설,CAT_00127,전통사상·종교>천주교(서학),3,전통사상·종교,30,30,history_terms.term_lk,PENDING
CAT_00342,천주교사상·신앙,전통사상·종교>천주교(서학)>천주교사상·신앙,CAT_00127,전통사상·종교>천주교(서학),3,전통사상·종교,6,6,history_terms.term_lk,PENDING
CAT_00343,천주교학파·용어,전통사상·종교>천주교(서학)>천주교학파·용어,CAT_00127,전통사상·종교>천주교(서학),3,전통사상·종교,9,9,history_terms.term_lk,PENDING
CAT_00344,범죄,정치·행정·법제>사법>범죄,CAT_00130,정치·행정·법제>사법,3,정치·행정·법제,94,94,history_terms.term_lk,PENDING
CAT_00345,사법기관,정치·행정·법제>사법>사법기관,CAT_00130,정치·행정·법제>사법,3,정치·행정·법제,74,74,history_terms.term_lk,PENDING
CAT_00346,사법제도,정치·행정·법제>사법>사법제도,CAT_00130,정치·행정·법제>사법,3,정치·행정·법제,322,322,history_terms.term_lk,PENDING
CAT_00347,관직,정치·행정·법제>인사>관직,CAT_00132,정치·행정·법제>인사,3,정치·행정·법제,1,1,history_terms.term_lk,PENDING
CAT_00348,입법기관,정치·행정·법제>입법>입법기관,CAT_00133,정치·행정·법제>입법,3,정치·행정·법제,24,24,history_terms.term_lk,PENDING
CAT_00349,입법제도,정치·행정·법제>입법>입법제도,CAT_00133,정치·행정·법제>입법,3,정치·행정·법제,8,8,history_terms.term_lk,PENDING
CAT_00350,정권,정치·행정·법제>정치>정권,CAT_00134,정치·행정·법제>정치,3,정치·행정·법제,24,24,history_terms.term_lk,PENDING
CAT_00351,정치사건,정치·행정·법제>정치>정치사건,CAT_00134,정치·행정·법제>정치,3,정치·행정·법제,355,355,history_terms.term_lk,PENDING
CAT_00352,정치조직·단체,정치·행정·법제>정치>정치조직·단체,CAT_00134,정치·행정·법제>정치,3,정치·행정·법제,266,266,history_terms.term_lk,PENDING
CAT_00353,중앙행정기구,정치·행정·법제>행정>중앙행정기구,CAT_00136,정치·행정·법제>행정,3,정치·행정·법제,1917,1917,history_terms.term_lk,PENDING
CAT_00354,지방행정기구,정치·행정·법제>행정>지방행정기구,CAT_00136,정치·행정·법제>행정,3,정치·행정·법제,141,141,history_terms.term_lk,PENDING
CAT_00355,행정구역,정치·행정·법제>행정>행정구역,CAT_00136,정치·행정·법제>행정,3,정치·행정·법제,195,195,history_terms.term_lk,PENDING
CAT_00356,행정제도,정치·행정·법제>행정>행정제도,CAT_00136,정치·행정·법제>행정,3,정치·행정·법제,659,659,history_terms.term_lk,PENDING
CAT_00357,일반지명,지명>지역별>일반지명,CAT_00137,지명>지역별,3,지명,1,1,history_terms.term_lk,PENDING
CAT_00358,조선후기,서명>시대별>조선시대>조선후기,CAT_00244,서명>시대별>조선시대,4,서명,1,1,history_terms.term_lk,PENDING
CAT_00359,한국문학,서명>유형별>문학>한국문학,CAT_00245,서명>유형별>문학,4,서명,1,0,history_terms.term_lk,PENDING
CAT_00360,교육학·교과서,서명>유형별>사회과학>교육학·교과서,CAT_00246,서명>유형별>사회과학,4,서명,4,4,history_terms.term_lk,PENDING
CAT_00361,국방·군사학,서명>유형별>사회과학>국방·군사학,CAT_00246,서명>유형별>사회과학,4,서명,5,5,history_terms.term_lk,PENDING
CAT_00362,사회학·사회문제,서명>유형별>사회과학>사회학·사회문제,CAT_00246,서명>유형별>사회과학,4,서명,1,1,history_terms.term_lk,PENDING
CAT_00363,정치학,서명>유형별>사회과학>정치학,CAT_00246,서명>유형별>사회과학,4,서명,1,1,history_terms.term_lk,PENDING
CAT_00364,행정학,서명>유형별>사회과학>행정학,CAT_00246,서명>유형별>사회과학,4,서명,4,4,history_terms.term_lk,PENDING
CAT_00365,한국,서명>유형별>역사>한국,CAT_00247,서명>유형별>역사,4,서명,2,2,history_terms.term_lk,PENDING
CAT_00366,불교,서명>유형별>종교>불교,CAT_00248,서명>유형별>종교,4,서명,10,10,history_terms.term_lk,PENDING
CAT_00367,강연집·수필집·연설문집,서명>유형별>총류>강연집·수필집·연설문집,CAT_00249,서명>유형별>총류,4,서명,5,5,history_terms.term_lk,PENDING
CAT_00368,도서학·서지학,서명>유형별>총류>도서학·서지학,CAT_00249,서명>유형별>총류,4,서명,1,1,history_terms.term_lk,PENDING
CAT_00369,보학,서명>유형별>총류>보학,CAT_00249,서명>유형별>총류,4,서명,5,5,history_terms.term_lk,PENDING
CAT_00370,일반전집·총서,서명>유형별>총류>일반전집·총서,CAT_00249,서명>유형별>총류,4,서명,21,21,history_terms.term_lk,PENDING
CAT_00371,향토자료,서명>유형별>총류>향토자료,CAT_00249,서명>유형별>총류,4,서명,1,1,history_terms.term_lk,PENDING
CAT_00372,개항기,외교·국제관계>일본>외교·국제관계(일본)>개항기,CAT_00290,외교·국제관계>일본>외교·국제관계(일본),4,외교·국제관계,12,12,history_terms.term_lk,PENDING
CAT_00373,대한제국기,외교·국제관계>일본>외교·국제관계(일본)>대한제국기,CAT_00290,외교·국제관계>일본>외교·국제관계(일본),4,외교·국제관계,8,8,history_terms.term_lk,PENDING
CAT_00374,일제시대,외교·국제관계>일본>외교·국제관계(일본)>일제시대,CAT_00290,외교·국제관계>일본>외교·국제관계(일본),4,외교·국제관계,6,6,history_terms.term_lk,PENDING
CAT_00375,조선시대,외교·국제관계>일본>외교·국제관계(일본)>조선시대,CAT_00290,외교·국제관계>일본>외교·국제관계(일본),4,외교·국제관계,19,19,history_terms.term_lk,PENDING
CAT_00376,기술인,인명>성격별>기업·경제인>기술인,CAT_00300,인명>성격별>기업·경제인,4,인명,1,1,history_terms.term_lk,PENDING
CAT_00377,반란·도적,인명>성격별>사회·신분>반란·도적,CAT_00302,인명>성격별>사회·신분,4,인명,1,1,history_terms.term_lk,PENDING
CAT_00378,역관,인명>성격별>사회·신분>역관,CAT_00302,인명>성격별>사회·신분,4,인명,2,2,history_terms.term_lk,PENDING
CAT_00379,외국·귀화인,인명>성격별>사회·신분>외국·귀화인,CAT_00302,인명>성격별>사회·신분,4,인명,1,1,history_terms.term_lk,PENDING
CAT_00380,효자,인명>성격별>사회·신분>효자,CAT_00302,인명>성격별>사회·신분,4,인명,1,1,history_terms.term_lk,PENDING
CAT_00381,의병,인명>성격별>사회운동가>의병,CAT_00303,인명>성격별>사회운동가,4,인명,6,6,history_terms.term_lk,PENDING
CAT_00382,미술,인명>성격별>예술·체육인>미술,CAT_00304,인명>성격별>예술·체육인,4,인명,3,3,history_terms.term_lk,PENDING
CAT_00383,음악,인명>성격별>예술·체육인>음악,CAT_00304,인명>성격별>예술·체육인,4,인명,1,1,history_terms.term_lk,PENDING
CAT_00384,공주,인명>성격별>왕실>공주,CAT_00305,인명>성격별>왕실,4,인명,4,4,history_terms.term_lk,PENDING
CAT_00385,왕자,인명>성격별>왕실>왕자,CAT_00305,인명>성격별>왕실,4,인명,10,10,history_terms.term_lk,PENDING
CAT_00386,종친,인명>성격별>왕실>종친,CAT_00305,인명>성격별>왕실,4,인명,6,6,history_terms.term_lk,PENDING
CAT_00387,후비·황후,인명>성격별>왕실>후비·황후,CAT_00305,인명>성격별>왕실,4,인명,6,6,history_terms.term_lk,PENDING
CAT_00388,관료·공무원,인명>성격별>정치·행정가>관료·공무원,CAT_00306,인명>성격별>정치·행정가,4,인명,168,0,history_terms.term_lk,PENDING
CAT_00389,환관,인명>성격별>정치·행정가>환관,CAT_00306,인명>성격별>정치·행정가,4,인명,2,2,history_terms.term_lk,PENDING
CAT_00390,도교,인명>성격별>종교인>도교,CAT_00307,인명>성격별>종교인,4,인명,1,1,history_terms.term_lk,PENDING
CAT_00391,불교,인명>성격별>종교인>불교,CAT_00307,인명>성격별>종교인,4,인명,5,5,history_terms.term_lk,PENDING
CAT_00392,천주교,인명>성격별>종교인>천주교,CAT_00307,인명>성격별>종교인,4,인명,1,1,history_terms.term_lk,PENDING
CAT_00393,과학,인명>성격별>학자>과학,CAT_00308,인명>성격별>학자,4,인명,1,1,history_terms.term_lk,PENDING
CAT_00394,문학,인명>성격별>학자>문학,CAT_00308,인명>성격별>학자,4,인명,2,0,history_terms.term_lk,PENDING
CAT_00395,사상가,인명>성격별>학자>사상가,CAT_00308,인명>성격별>학자,4,인명,25,25,history_terms.term_lk,PENDING
CAT_00396,의·약학,인명>성격별>학자>의·약학,CAT_00308,인명>성격별>학자,4,인명,2,2,history_terms.term_lk,PENDING
CAT_00397,일기,서명>유형별>문학>한국문학>일기,CAT_00359,서명>유형별>문학>한국문학,5,서명,1,1,history_terms.term_lk,PENDING
CAT_00398,무신,인명>성격별>정치·행정가>관료·공무원>무신,CAT_00388,인명>성격별>정치·행정가>관료·공무원,5,인명,26,26,history_terms.term_lk,PENDING
CAT_00399,문신,인명>성격별>정치·행정가>관료·공무원>문신,CAT_00388,인명>성격별>정치·행정가>관료·공무원,5,인명,142,142,history_terms.term_lk,PENDING
CAT_00400,시인,인명>성격별>학자>문학>시인,CAT_00394,인명>성격별>학자>문학,5,인명,2,2,history_terms.term_lk,PENDING
