순번,시대코드,시대,분야코드,분야,자료ID,제목,목차경로,국문,원문,해설,참고자료,상세URL,Markdown파일
213,hm_age_30,통일 신라와 발해,hm_ty_030,사회,hm_036_0010,화려한 진골귀족의 생활 -금입택 등,통일 신라와 발해 > 사회 > 진골 귀족의 호화로운 생활상 > 화려한 진골귀족의 생활 -금입택 등,"신라의 전성기에 서울에는 17만 8936호, 1360방, 55리, 35개의 금입택(金入宅)

부윤한 큰 집을 말함

이 있었다. 남택(南宅)⋅북택(北宅)⋅우비소택(亏比所宅)⋅본피택(本披宅)⋅양택(梁宅)⋅지상택(池上宅)

본피부(本彼部)

⋅재매정택(財買井宅)

[김]유신(庾信) 공의 조상집[祖宗]

⋅북유택(北維宅)⋅남유택(南維宅)

반향사(反香寺) 하방(下坊)

⋅대택(隊宅)⋅빈지택(賓支宅)

반향사 북쪽

⋅장사택(長沙宅)⋅상앵택(上櫻宅)⋅하앵택(下櫻宅)⋅수망택(水望宅)⋅천택(泉宅)⋅양상택(楊上宅)

양부의 남쪽

⋅한기택(漢岐宅

법류사(法流寺) 남쪽

⋅비혈택(鼻穴宅)

법류사 남쪽

⋅판적택(板積宅)

분황사(芬皇寺) 상방(上坊)

⋅별교택(別敎宅)

개천 북쪽

⋅아남택(衙南宅)⋅김양종택(金楊宗宅)

양관사(梁官寺) 남쪽

⋅곡수택(曲水宅)

개천 북쪽

⋅유야택(柳也宅)⋅사하택(寺下宅)⋅사량택(沙梁宅)⋅정상택(井上宅)⋅이남택(里南宅)

울소택(亐所宅)

⋅사내곡택(思內曲宅)⋅지택(池宅)⋅사상택(寺上宅)

대숙택(大宿宅)

⋅임상택(林上宅)

청룡(靑龍)이란 절[寺] 동쪽이니, 못이 있다

⋅교남택(橋南宅)⋅항질택(巷叱宅)

본피부

⋅누상택(樓上宅)⋅이상택(里上宅)⋅명남택(椧南宅)⋅정하택(井下宅)이다.

『삼국유사

』권1, 「기이」2 진한

봄에는 동야택(東野宅), 여름에는 곡량택(谷良宅), 가을에는 구지택(仇知宅), 겨울에는 가이택(加伊宅)이다. 제49대 헌강대왕(憲康大王) 때에는 성 안에 초가집이 하나도 없었고 집의 처마가 서로 닿고 담장이 이어져 있었으며, 노래와 피리 소리가 길에 가득 차서 밤낮으로 끊이지 않았다.

『삼국유사

』권1, 「기이」2 우사절유택

新羅全盛之時, 京中十七萬八千九百三十六戶, 一千三百六十坊, 五十五里, 三十五金入宅.
【言富潤大宅也.】
南宅 北宅 亐比所宅 本彼宅 梁宅 池上宅
【本彼部】
財買井宅
【庾信公 祖宗】
北維宅 南維宅
【反香寺下坊】
隊宅 賔支宅
【反香寺犯】
長沙宅 上櫻宅 下櫻宅 水望宅 泉宅 楊上宅
【梁南】
漢歧宅
【法流寺南】
鼻穴宅
【上同】
板積宅
【芬皇寺 上坊】
别敎宅
【川北】
衙南宅 金楊宗宅
【梁官寺南】
曲水宅
【川北】
桞也宅 寺下宅 沙梁宅 非上宅 里南宅
【亐所宅】
思内曲宅 池宅 寺上宅
【大宿宅】
林上宅
【青龍之寺 東方 有池】
橋南宅 巷叱宅
【夲彼部】
樓上宅 里上宅 椧南宅 井下宅

『三國遺事』卷1, 「紀異」2 辰韓

春東野宅 夏谷良宅 秋仇知宅 冬加伊宅. 第四十九憲康大王代, 城中無一草屋, 接角連墻, 歌吹滿路, 晝夜不絶.

『三國遺事』卷1, 「紀異」2 又四節遊宅

이 사료는 신라 전성기 경주

의 모습과 귀족들의 부유하고 호화스러운 생활을 잘 보여 주는 기록이다.

먼저, 『삼국유사

』권1 진한(辰韓)조에 따르면, “신라의 전성기에 서울에는 17만 8936호(戶), 1360방(坊), 55리, 35개의 금입택(金入宅)

이 있었다”라고 되어 있다. 여기에 보이는 ‘17만 8936호’라는 구체적인 규모에 대해서는 논란이 있지만, 신라 왕경의 규모가 매우 거대했음은 분명하다. 또한 도시 내부가 방(坊), 리(里)로 나누어져 있는 점에서 신라의 왕도가 방리제(坊里制)에 의하여 잘 계획된 시가지를 갖춘 도시였음도 알 수 있다. 아울러 『삼국유사

』권1 우사절유택(又四節遊宅)조의 기록은 신라 귀족은 계절에 따라 노니는 별장을 따로 가지고 있었음을 보여 준다.

신라 전성기의 경주

모습은 이 밖에도 『삼국사기

』권11 헌강왕(憲康王) 6년(880)조에 “서울 백성의 집이 서로 이어져 있고 노래와 악기 소리가 끊이지 않았다. ……(중략)…… 민간에서는 지붕을 기와로 덮고 짚으로 잇지 않으며, 숯으로 밥을 짓고 나무를 쓰지 않는다”라고 한 것이라든지, 『삼국유사

』권2 처용랑망해사(處容郎望海寺)조에 “제49대 헌강대왕 때는 서울에서 바다 어귀에 이르기까지 집과 담장이 서로 이어졌고 초가는 하나도 없었으며, 풍악과 노랫소리가 거리에서 그치지 않았다.”라고 한 데서도 짐작이 가능하다. 이러한 사료들은 당시 신라의 왕도가 매우 웅장하고 화려했음을 보여 준다.

진골 귀족의 사치스런 생활을 단적으로 말해 주는 것은 건물에 금박을 한 소위 금입택(金入宅)

이라고 불린 호화 주택이었다. 이 금입택

은 왕경 안에만 35채나 있었다. 금입택

은 대부분 경주

의 월성(月城) 맞은편 언덕과 남천(南川)의 양쪽 언덕, 그리고 낭산 중턱 및 산록, 북천 북쪽 언덕, 서천 맞은편 언덕 등 하천이 내려다보이는 높은 지대에 자리하였을 것으로 추측된다.

이러한 금입택

은 진골 귀족의 막대한 부와 호사한 생활을 반영하는 상징적 존재로서, 신라 왕경의 재상가와 진골 귀족들은 화려한 주택을 지어 자신들의 세력을 과시하고자 했을 것이다. 그들은 지방에 광대한 전장(田莊)을 보유하고 있었으며, 산이나 섬에 목마장을 가지고 있는 경우도 있었다. 또한 언제나 무장하여 사병으로 이용될 수 있는 노비 3000여 명을 거느리고 있기도 하였다.

그러나 이와 같은 금입택

은 진골 귀족에 의한 대토지 사유화의 증가와 그에 따른 농민층의 몰락을 전제로 하였다. 게다가 금입택

과 사절유택에서 볼 수 있듯이 귀족들의 사치⋅방탕이 극에 달한 상태에서 신라는 점점 쇠락의 길을 가고 있었다. 결국 지방에 세력을 둔 호족들이 중앙 정부에 반기를 들고 일어남으로써 신라는 멸망에 이르게 되었다.

이 글의 내용은 집필자의 개인적 견해이며, 국사편찬위원회의 공식적 견해와 다를 수 있습니다.

참고문헌

논문

「6～8세기 신라 재상의 성격」,『한국사학보』16,구효선,고려사학회,2004.
「삼국사기 옥사조의 신연구」,『신라문화제학술발표회논문집』2,김정기,경주시⋅동국대 신라문화연구소,1981.
「신라 금입택의 유형과 그 분포」,『신라사학보』14,양시호,신라사학회,2008.
「신라 왕경인의 주거공간」,『신라문화제학술발표회논문집』28,양정석,경주시⋅동국대 신라문화연구소,2007.
「신라 금입택고」,『진단학보』45,이기동,진단학회,1978.
「헌강왕대의 정치사회와 처용랑망해사조 설화」,『신라문화』26,전기웅,동국대학교 신라문화연구소,2005.
「신라 왕경의 계획도시화 과정 연구」,『신라사학보』17,황인호,신라사학회,2009.

저서

『신라골품제사회와 화랑도』, 이기동, 일조각, 1984.
『신라골품제연구』, 이종욱, 일조각, 1999.
『신라의 멸망과 경문왕가』, 전기웅, 혜안, 2010.
『신라왕경의 역사』, 전덕재, 새문사, 2009.

편저

『신라왕경연구』, 신라문화선양회, 신라문화선양회, 1995.

관련사이트

[http://db.history.go.kr/id/sy_001r_0020_0170_0020] 국사편찬위원회 한국사데이터베이스

[https://www.history.go.kr/contents/contentsPage.do?groupId=000000000571&menuId=000000000574&pageId=000000000213]
저작권 정책

[https://www.history.go.kr/contents/contentsPage.do?groupId=000000000931&menuId=000000000992&pageId=000000000541]
데이터 개방

[https://www.history.go.kr/contents/contentsPage.do?groupId=000000000571&menuId=000000000572&pageId=000000000211]
개인정보처리방침

13809 경기도 과천시 교육원로 86 국사편찬위원회

COPYRIGHT © NATIONAL INSTITUTE OF KOREAN HISTORY ALL RIGHT RESERVED.",,,,https://contents.history.go.kr/front/hm/view.do?levelId=hm_036_0010,사료로 본 한국사\items\hm_age_30_통일 신라와 발해\hm_ty_030_사회\hm_036_0010_화려한 진골귀족의 생활 -금입택 등.md
214,hm_age_30,통일 신라와 발해,hm_ty_030,사회,hm_036_0020,흥덕왕의 사치 금령 조치,통일 신라와 발해 > 사회 > 진골 귀족의 호화로운 생활상 > 흥덕왕의 사치 금령 조치,"흥덕왕(興德王) 즉위 9년, 태화(太和) 8년(834)에 다음과 같은 교서를 내렸다. “사람은 상하가 있고, (그에 따라) 호칭이 같지 않고 의복도 다르다. 그런데 풍속이 점점 경박해지고 백성이 사치와 호화를 다투게 되어 오직 외래 물건의 진기함을 숭상하고 도리어 토산품의 비루함을 혐오하니, 예절이 거의 무시되는 지경에 빠지고 풍속이 쇠퇴하여 없어지는 데까지 이르렀다. 이에 감히 옛 법에 따라 밝은 명령을 펴는 바이니, 혹시 고의로 범하는 자가 있으면 진실로 일정한 형벌이 있을 것이다.”

『삼국사기

』권33, 「잡지」2, 색복

興德王即位九年, 太和八年, 下敎曰. 人有上下, 位有尊卑, 名例不同, 衣服亦異. 俗漸澆薄, 民競奢華, 只尚異物之珍竒, 却嫌土産之鄙野, 禮數失於逼僭, 風俗至於陵夷. 敢率舊章, 以申明命, 苟或故犯, 固有常刑.

『三國史記』卷33, 「雜志」2, 色服

이 사료는 흥덕왕(興德王, 재위 826~836)이 834년(흥덕왕 9년)에 내린 교서의 앞부분으로, 교서를 내리게 된 배경과 목적 등을 밝히고 있다. 이 사료는 뒤에 이어지는 색복(色服)⋅거기(車騎)⋅기용(器用)⋅옥사(屋舍) 등에 대한 세부적인 규정과 함께 당시 신라의 정치⋅경제⋅사회⋅문화 전반에 대해 알려 주는 매우 중요한 기록이다.

삼국 통일 후 신라 사회는 사치 풍조가 점점 심해져 갔다. 특히 신라 하대에 이르러 번성한 국제 무역을 통하여 서역을 비롯한 외국에서 사치품이 들어오면서 지배층의 사치는 더욱 심각해졌다. 이 교서에 “풍속이 점점 경박해지고 백성이 사치와 호화를 다투게 되어 오직 외래 물건의 진기함을 숭상하고 토산품의 비루함을 혐오하니”라고 되어 있는 것은 이러한 상황을 반영한다.

실제로 이 교서의 뒷부분에는 당시 신라에 유입되었을 것으로 추정되는 여러 외래품이 다수 열거되어 있다. 타슈켄트와 아랄 해 지방에서 나오는 보석이나 페르시아산 고급 모직물을 비롯해, 캄보디아⋅인도네시아와 필리핀⋅인도, 그리고 아프리카 등지에서 나는 각종 품목이 보이는데, 당시 지배층의 외래품에 대한 선호 경향이 얼마나 심했는지 짐작할 수 있다. 이러한 풍조는 특히 경주

의 진골 귀족 사이에서 만연했으며, 그 결과 신라 왕경은 점점 더 퇴폐적이고 향락적인 도시로 변해 갔다.

그리하여 834년 흥덕왕은 이와 같은 사치 풍조를 규제하기 위해 법령을 공포하였다. 이 법령은 ‘금지하는 법령’이라는 의미에서 ‘금령(禁令)’이라고도 부르는데 신분에 따라 색복, 거기, 기용, 옥사 등 생활 전반에 걸쳐 규제를 가하는 내용을 담고 있다. 이 법령은 지방의 일반 백성까지를 대상으로 하고 있으나, 실제 주된 대상은 진골 귀족으로서 지배층의 기강을 바로잡는 데 1차적인 목적이 있었다고 할 수 있다. 또한 “사람은 상하가 있고, 그에 따라 호칭이 같지 않고 의복도 다르다.”라고 한 것에서, 신분제적인 규제를 통하여 골품제

를 재확립하고자 한 의도도 읽을 수 있다. 나아가 흥덕왕은 이 규정을 통하여 골품제

를 초월하는 절대적인 존재로서 왕실의 지위를 강조하고, 그것을 통하여 왕권을 강화하고자 했던 것이 아닌가 한다.

흥덕왕 대의 규정은 매우 현실적이고 구체적인 내용을 담고 있다. 색복과 관련한 규정에서는 신분별로 남녀를 구분하여, 머리에 쓰는 복두(幞頭)나 관(冠)⋅겉옷⋅바지저고리⋅허리띠⋅버선⋅신발은 물론 빗과 비녀 등에 이르기까지 신분에 따라서 어떠한 재료로 만든 것들을 착용할 수 있는지 자세히 정해 놓았다. 또한 거기(車騎)조에서는 수레 재목⋅바닥 깔개⋅휘장을 비롯하여 소의 굴레 및 가슴걸이⋅고리 등에 이르기까지 매우 자세하게 규제하였으며, 기용(器用)조에서는 “진골은 금⋅은 및 도금을 금한다.” 등과 같이 신분마다 사용해서는 안 되는 용기의 재료를 명시해 놓았다. 그리고 옥사(屋舍)조에서는 가옥의 길이와 넓이를 비롯하여, 기와⋅처마⋅계단⋅담장⋅발⋅병풍⋅침상 등의 장식 재료에 이르기까지 여러 조항을 자세히 규정해 놓았다.

이와 같은 흥덕왕의 금령이 실효를 발효했는지는 의문이다. 신라 경주인의 사치풍조는 수그러든 기색이 보이지 않으며, 오히려 더욱 심해져 헌강왕(憲康王, 재위 875~886) 대에 이르러 절정을 이루었던 것으로 보인다. 아마도 흥덕왕 대의 왕권과 정치적 상황으로는 이 법령에 의한 사회 개혁이 성공하기는 역부족이었던 듯하다. 결국 흥덕왕 대의 개혁은 큰 성과를 보지 못하고, 신라 사회는 사치와 향락으로 더욱 부패해 갔다.

이 글의 내용은 집필자의 개인적 견해이며, 국사편찬위원회의 공식적 견해와 다를 수 있습니다.

참고문헌

논문

「신라 헌덕⋅흥덕왕대의 개혁정치-특히 흥덕왕 9년에 반포된 제규정의 정치적 배경에 대하여-」,『한국사연구』39,김동수,한국사연구회,1982.
「왕경인의 소비생활과 교역」,『신라문화제학술논문집』28(신라 왕경인의 삶),김창석,경주시⋅신라문화선양회⋅동국대 신라문화연구소,2007.
「8～10세기 이슬람 제종족의 신라 내왕과 그 배경」,『한국고대사연구』44,김창석,한국고대사학회,2006.
「신라의 의관제와 골품제」,『경주사학』27,김희만,경주사학회,2008.
「신라 흥덕왕대의 정치와 사회」,『국사관논총』21,이기동,국사편찬위원회,1991.
「삼국사기에 보이는 이슬람 상인의 무역품」,『이홍직박사회갑기념 한국사학논총』,이용범,신구문화사,1969.
「신라사회에 유입된 서역 문물과 다문화적 요소의 검토」,『신라사학보』15,전영준,신라사학회,2009.

저서

『신라⋅서역교류사』, 무함마드 깐수, 단국대학교 출판부, 1992.
『신라사회사연구』, 이기동, 일조각, 1997.
『신라골품제연구』, 이종욱, 일조각, 1999.

관련사이트

[http://db.history.go.kr/id/sg_011r_0050_0170] 국사편찬위원회 한국사데이터베이스",,,,https://contents.history.go.kr/front/hm/view.do?levelId=hm_036_0020,사료로 본 한국사\items\hm_age_30_통일 신라와 발해\hm_ty_030_사회\hm_036_0020_흥덕왕의 사치 금령 조치.md
215,hm_age_30,통일 신라와 발해,hm_ty_030,사회,hm_036_0030,신라 왕경의 풍요,통일 신라와 발해 > 사회 > 진골 귀족의 호화로운 생활상 > 신라 왕경의 풍요,"[헌강왕 6년(880)] 9월 9일에 왕이 좌우의 신라들과 함께 월상루(月上樓)에 올라가 사방을 둘러보았는데, 서울 백성의 집들이 서로 이어져 있고 노래와 음악 소리가 끊이지 않았다. 왕이 시중(侍中)

민공(敏恭)을 돌아보고 말하기를, “내가 듣건대 지금 민간에서는 기와로 덮고 짚으로 잇지 않으며, 숯으로 밥을 짓고 나무를 쓰지 않는다고 하니 사실인가?”라고 물었다.

민공이 “신(臣)도 역시 일찍이 그와 같이 들었습니다.”라고 대답하였다. (또한) 아뢰기를, “임금께서 즉위하신 이래 음양(陰陽)이 조화롭고 비와 바람이 순조로워 해마다 풍년이 들어 백성들은 먹을 것이 넉넉하고 변경(邊境)은 평온하여 민간에서 즐거워하고 있습니다. 이것은 성덕(聖德)의 소치입니다.”라고 하였다. 왕이 기뻐하며 말하기를, “이는 경(卿)들이 도와준 결과이지 짐이 무슨 덕이 있겠는가?”라고 하였다.

『삼국사기

』권11, 「신라본기」11 헌강왕 6년 9월 9일

[憲康王六年] 九月九日, 王與左右登月上樓四望, 京都民屋相屬, 歌吹連聲. 王顧謂侍中敏恭曰, 孤聞今之民閒, 覆屋以瓦不以茅, 炊飯以炭不以薪, 有是耶.

敏恭對曰, 臣亦甞聞之如此. 因奏曰, 上即位以來, 隂陽和, 風雨順, 歲有年, 民足食, 邉境謐靜, 市井歡娛, 此聖徳之所致也. 王欣然曰, 此卿等輔佐之力也, 朕何徳焉.

『三國史記』卷11, 「新羅本紀」11 憲康王 6年 9月 9日

이 사료는 신라 헌강왕(憲康王, 재위 875~886) 대 경주

의 번영과 백성들의 풍요로운 생활을 보여 주는 사료이다.

880년(헌강왕 6년) 9월 헌강왕은 시중(侍中)

민공(敏恭)을 비롯한 신하 몇 명을 거느리고 월상루(月上樓)라는 누각에 올라가 왕경

시가지를 내려다보았다. 그러고는 신하들과 함께 백성들의 집이 기와지붕으로 연이어 있고 노래와 음악 소리가 끊이지 않는 것을 보면서, 해마다 풍년이 들고 백성들이 풍요롭게 살고 있는 것을 두고 왕과 신하들이 서로 치하하였다.

물론 경주

내 모든 백성이 윤택한 생활을 한 것은 아닐 것이다. 그러나 이 기록으로 미루어 적어도 헌강왕 대에는 왕경

의 많은 백성들은 풍요로운 생활을 누렸던 것 같다.

그런데 헌강왕 대에 전성기를 구가하던 신라는 불과 10년도 되지 않아 쇠락의 길을 걷게 되었다. 이 때문에 이 사료는 신라의 번영, 그 자체보다는 신라의 몰락과 관련하여 좀 더 자주 언급되고 있다. 즉 사료에 보이는 풍요로운 왕경인의 모습은 풍요가 아닌 사치스러움으로 이해되는 것이다.

당시 경주인의 사치는 과도한 조세 수취나 귀족들의 사적인 수탈에 의한 것이었다. 이에 왕경과 왕실의 소비가 증대할수록 지방민에 대한 조세의 수취는 증대되었고 지방관은 더 가혹하게 백성들을 착취하였다. 그러나 왕경

의 사치스런 생활은 줄어들지 않았고, 이에 대한 반발의 분위기도 갈수록 커져 갔다. 결국 진성여왕 대 전국적으로 지방민의 반란이 일어났다. 신라의 몰락은 이미 헌강왕 대의 번영에 내재되어 있었다고 할 수 있다.

이 글의 내용은 집필자의 개인적 견해이며, 국사편찬위원회의 공식적 견해와 다를 수 있습니다.

참고문헌

논문

「신라 하대 헌강왕의 친정체제 구축과 위홍」,『신라사학보』5,송은일,신라사학회,2005.
「신라 헌강왕의 즉위와 정국 운영」,『울산문화연구』2,신형석,울산 남구문화원 부설 향토사연구소,2009.
「삼국사기에 보이는 이슬람 상인의 무역품」,『이홍직박사회갑기념 한국사학논총』,이용범,신구문화사,1969.
「삼국유사 소재 처용설화의 일분석-고려 기인제도의 기원과의 관련에서-」,『김재원박사회갑기념논총』,이우성,김재원박사회갑기념논총편찬위원회,1969.
「헌강왕대의 정치사회와 처용랑망해사조 설화」,『신라문화』26,전기웅,동국대학교 신라문화연구소,2005.
「신라 경문왕⋅헌강왕대의 ‘능관인’ 등용정책과 국학」,『동아연구』17,전미희,서강대학교 동아연구소,1989.

저서

『신라의 멸망과 경문왕가』, 전기웅, 혜안, 2010.

관련사이트

[http://db.history.go.kr/id/sg_033r_0020_0100] 국사편찬위원회 한국사데이터베이스",,,,https://contents.history.go.kr/front/hm/view.do?levelId=hm_036_0030,사료로 본 한국사\items\hm_age_30_통일 신라와 발해\hm_ty_030_사회\hm_036_0030_신라 왕경의 풍요.md
216,hm_age_30,통일 신라와 발해,hm_ty_030,사회,hm_036_0040,신라 귀족의 복식 문화,통일 신라와 발해 > 사회 > 진골 귀족의 호화로운 생활상 > 신라 귀족의 복식 문화,"신라 초의 의복 제도는 색상에 대해 살펴볼 수 없다. 제23대 법흥왕(法興王, 재위 514~540) 대에 이르러 비로소 6부(六部)

사람이 입는 복색의 높고 낮음을 제도로 정하였지만, 여전히 오랑캐의 풍속과 같았다. 진덕왕(眞德王) 재위 2년(648)에 이르러 김춘추(金春秋, 604~661)가 당(唐)나라에 들어가 당나라의 의례에 따를 것을 청하니, [당] 태종(太宗, 재위 626~649)이 조서로써 이를 허락하고 아울러 옷과 허리띠를 주었다. 드디어 [김춘추가] 돌아와서 시행하여 오랑캐의 [복색을] 중화(中華)의 것으로 바꾸었다. 문무왕(文武王) 4년(664)에 또한 부인의 의복을 고치니, 이 이후로는 의관이 중국과 같게 되었다. ……(중략)……

법흥왕 대의 제도에서 태대각간(太大角干)부터 대아찬(大阿湌)까지는 자주색 옷을 입고 아찬(阿湌)부터 급찬(級湌)까지는 다홍색 옷을 입는데, 모두 아홀(牙笏)을 쥐었다. 대나마(大奈麻)⋅나마(奈麻)는 푸른색 옷을 입고 대사(大舍)부터 선저지(先沮知)까지는 누런색 옷을 입었다. 이찬(伊湌)⋅잡찬(迊湌)은 비단관을 쓰고 파진찬(波珍湌)⋅대아찬⋅금하(衿荷)는 붉은 관을 썼다. 상당(上堂) 대나마(大奈麻)와 적위(赤位) 대사(大舍)는 갓끈을 매었다.

흥덕왕(興德王) 즉위 9년, 태화(太和) 8년(834)에 하교(下敎)하기를, “사람은 상하가 있고 지위는 높고 낮음이 있어서 [그에 따라] 호칭이 같지 않고 의복 또한 다른 것이다. 그런데 풍속이 점차 경박해지고 백성들이 호사스러움을 다투게 되어, 단지 외래 문물의 진기함을 숭상하고 도리어 토산품의 촌스러움을 혐오하니, 예절이 자기 분수를 넘는 폐단에 자주 빠지고 풍속은 점차 쇠퇴하기에 이르렀다. [이에] 감히 옛 제도에 따라 밝은 명령을 펴니, 만약 [이를] 고의로 범한다면 진실로 형벌이 있을 것이다.”라고 하였다.

『삼국사기

』권33, 「잡지」2 색복

新羅之初, 衣服之制, 不可考色. 至第二十三葉法興王, 始定六部人服色尊卑之制, 猶是夷俗. 至眞德在位二年, 金春秋入唐, 請襲唐儀, 太宗皇帝詔可之, 兼賜衣帶. 遂還來施行, 以夷易華. 文武王在位四年, 又革婦人之服, 自此已後, 衣冠同於中國. ……(中略)……

法興王制, 自太大角干至大阿湌紫衣, 阿湌至級湌緋衣, 並牙笏. 大奈麻⋅奈麻靑衣, 大舍至先沮知黃衣. 伊湌⋅迊湌錦冠, 波珍湌⋅大阿湌⋅衿荷緋冠, 上堂大奈麻⋅赤位大舍組纓.

興德王卽位九年, 太和八年, 下敎曰, “人有上下, 位有尊卑, 名例不同, 衣服亦異. 俗漸澆薄, 民競奢華, 只尙異物之珍寄, 却嫌土産之鄙野, 禮數失於逼僭, 風俗至於陵夷. 敢率舊章, 以申明命, 苟或故犯, 固有常刑”

『三國史記』卷33, 「雜志」2 色服

이 사료는 『삼국사기

』권33의 「잡지(雜志)」 에서 의복과 관련한 내용을 담고 있는 색복(色服)조 가운데 시기에 따른 신라 의복의 변천과 관련한 부분을 기록한 것이다. 『삼국사기

』 「신라 본기」 등에는 신라 의복과 관련한 기사가 거의 수록되어 있지 않기 때문에, 신라의 의(衣)생활에 대한 내용들은 「잡지(雜志)」의 색복조에 의존하여 관련 연구가 진행 되어 왔다.

색복조에 따르면 신라는 법흥왕(法興王, 재위 514~540) 대에 이르러 비로소 복색의 높고 낮음을 제도로 정하였다고 한다. 제1 관등인 태대각간(太大角干)에서 제5 관등인 대아찬(大阿湌), 그리고 제6 관등인 아찬(阿湌)에서 제9 관등인 급찬(級湌), 제10⋅11 관등인 대나마(大奈麻)와 나마(奈麻), 제12 관등인 대사(大舍)에서 제17 관등인 선저지(先沮知) 등 크게 4개 등급으로 나누어 각각 자주색-다홍색-푸른색-누런색 순으로 옷의 색깔을 달리하였다고 한다. 그뿐만 아니라 관등의 서열에 따라 머리에 쓰는 관(冠)에도 차이가 있고 아홀(牙笏)의 유무도 결정되었다. 법흥왕 대에 제정된 이와 같은 복식 제도를 색복조에서 “오랑캐의 풍속과 같았다.”고 한 것은 12세기 전반에 『삼국사기

』를 편찬했던 이들이 갖고 있던 인식이 이와 같았기 때문이다. 그러므로 ‘오랑캐의 풍속’은 바꾸어 말하면 신라 고유의 습속을 가리키는 것으로 볼 수 있다.

법흥왕 대에 처음으로 제정된 의복 제도는 648년(진덕왕 2) 당(唐)나라에 사신으로 다녀온 김춘추(金春秋, 604~661)가 당나라의 의복 제도를 도입하면서 일대 변화가 일어났다. 『삼국사기

』 색복조에서 “문무왕(文武王) 4년(664)에 또한 부인의 의복을 고쳤다.”고 한 것으로 보아, 진덕왕(眞德王, 재위 647~654) 대에는 관료의 의복이나 남성의 의복에만 한정하여 당나라의 양식으로 바꾸었고, 664년 여성의 의복까지 당나라의 양식으로 바꾼 것으로 생각된다. 또한 “이 이후로는 의관이 중국과 같게 되었다.”라고 한 것은 『삼국사기

』를 편찬한 이들이 판단하기에 오랑캐의 풍속과 다를 바 없었던 신라의 의복이 664년을 전후해 완전하게 당나라의 의복 제도로 바뀌었음을 뜻한다. 실제 1986년에 발굴된 경주

용강동 고분(사적 제328호)에서는 당나라의 의복과 유사한 복식을 한 토우가 출토된 바 있는데, 함께 수습된 토기 등으로 보아 이 고분은 7세기 말에서 8세기 초에 축조된 것으로 추정된다. 또한 통일 이후 신라의 왕릉급 고분에 있는 석인상(石人像)의 복식에서도 당나라 복식의 요소가 확인된다. 이는 7세기 중반을 전후해 양식이 바뀐 신라 의복 제도의 한 단면을 고스란히 보여 준다고 할 수 있다.

그런데 당나라의 제도를 수용해 신라의 의복 제도를 바꾸면서 신라 사회에는 외래 문화를 동경하는 풍조가 생겨났던 것으로 보인다. 경덕왕(景德王, 재위 742~765)이 757년 무렵 중앙의 관부와 관직의 명칭, 나아가 지명 등을 중국식으로 개명한 것도 크게 보면 외래 문화에 대한 동경에서 비롯되었다고 할 수 있다. 그러면서 외래 문화를 숭상하는 대신 신라 고유의 문화를 경시하는 풍조가 만연하게 되는데, 834년 흥덕왕(興德王, 재위 826~836)이 내린 교지[下敎]에서 “풍속이 점차 경박해지고 백성들이 호사스러움을 다투게 되어, 단지 외래 문물의 진기함을 숭상하고 도리어 토산품의 촌스러움을 혐오하니, 예절이 자기 분수를 넘는 폐단에 자주 빠졌다”고 한 구절에는 외래 문화를 동경하고 호화스러움을 지향하였던 당대의 상황이 그대로 담겨 있다.

더욱이 경제적 부를 축적한 진골 귀족은 더욱 호화스러운 생활을 영위하였던 것으로 보인다. 또한 진골 귀족이 아니더라도 경제력을 가진 이들은 외래 문물로 자신들을 치장하였던 것으로 짐작된다. 흥덕왕의 하교에서 “예절이 자기 분수를 넘는 폐단에 자주 빠졌다”고 한 것은 이를 가리키는 것으로 생각된다. 즉 원래는 신분이나 지위 고하에 따라 복식에 차이가 있었는데, 무분별한 외래 문물의 수입 등으로 인해 적어도 흥덕왕 대인 9세기 전반에 와서는 이러한 전통이 붕괴되었던 것이다. 이에 흥덕왕은 “감히 옛 제도에 따라 밝은 명령을 펴겠다”고 선언하였다.

이렇듯 『삼국사기

』 권33의 색복조에는 법흥왕 대 신라 의관 제도의 제정을 비롯해 진덕왕 대 김춘추에 의한 당나라 복식 제도의 도입, 문무왕 대 부인 의복의 당나라 양식으로의 개편, 그리고 흥덕왕 대 사치 금지 조항의 제정에 이르기까지 신라 복식의 변천상이 일목요연하게 요약되어 있다. 특히 흥덕왕의 하교를 통해서는 외래 문화에 대한 무분별한 동경과 사치스러움을 추구하였던 9세기 전반기의 상황을 대략적으로나마 엿볼 수 있다는 점에서, 『삼국사기

』 권33에 수록된 색복조의 사료적 가치는 상당하다고 평가할 수 있다.

이 글의 내용은 집필자의 개인적 견해이며, 국사편찬위원회의 공식적 견해와 다를 수 있습니다.

참고문헌

논문

「신라 왕경인의 의생활」,『신라문화제학술논문집』28,고부자,경주시⋅신라문화선양회⋅경주문화원⋅동국대 국사학과,2007.
「경주 용강동출토 토용복식고」,『고고역사학지』16,고부자,동아대학교 박물관,2000.
「통일신라기 능묘석상에 나타난 복식연구」,『복식』30,권준희⋅이순원,한국복식학회,1996.
「삼국사기 색복조의 신연구」,『신라문화제학술발표회논문집』2,김동욱,신라문화선양회,1980.
「신라의 의생활과 직물 생산」,『한국고대사연구』64,박남수,한국고대사학회,2011.

저서

『한국복식사연구』, 유희경, 이화여자대학교 출판부, 1975.

편저

「의식주 생활」, 이종철⋅최은수, 국사편찬위원회, 1998.

관련사이트

[http://db.history.go.kr/id/sg_033_0020] 국사편찬위원회 한국사데이터베이스",,,,https://contents.history.go.kr/front/hm/view.do?levelId=hm_036_0040,사료로 본 한국사\items\hm_age_30_통일 신라와 발해\hm_ty_030_사회\hm_036_0040_신라 귀족의 복식 문화.md
217,hm_age_30,통일 신라와 발해,hm_ty_030,사회,hm_036_0050,안압지 출토 14면체 주사위,통일 신라와 발해 > 사회 > 진골 귀족의 호화로운 생활상 > 안압지 출토 14면체 주사위,"노래 없이 춤추기

여러 사람이 코 때리기

술잔 비우고 크게 웃기

술 3잔을 한 번에 마시기

덤벼드는 사람이 있어도 참고 가만히 있기

스스로 노래 부르고 마시기

팔을 구부려 다 마시기

얼굴을 간지럽혀도 참기

마음대로 노래 청하기

월경(月鏡) 노래 한 곡 부르기

시 한 수 읊기

두 잔이 있으면 즉시 비우기

더러운 것 버리지 않기

스스로 괴래만(怪來晩)을 부르기

안압지 출토 주사위

禁聲作舞

衆人打鼻

飮盡大笑

三盞一去

有犯空過

自唱自飮

曲臂則盡

弄面孔過

任意請歌

月鏡一曲

空詠詩過

兩盞則放

醜物莫放

自唱怪來晩

雁鴨池 出土 骰子

이 사료는 경주

안압지(雁鴨池)에서 발굴된 14면체 주사위에 새겨져 있는 명문이다. 누군가 약정된 주령(酒令)을 위반했을 경우에 적용하는 벌칙이 새겨져 있다. 그 내용은 ‘三盞一去(삼잔일거)’라 하여 ‘술잔 세 잔을 한 번에 마시라’고 하는가 하면, ‘自唱自飮(자창자음)’, 즉 ‘스스로 노래하고 스스로 마셔라’라고 적어 놓기도 했다. 모두 14가지 벌칙을 마련하여 주사위를 던져 나오는 대로 행동하게 한 것이다. 이 안압지 출토 14면체 주사위를 통해 신라 귀족의 놀이 문화의 일면을 이해할 수 있다.

경주

에 있는 안압지는 신라 시대에 조성된 인공 못이다. 1971년 마련된 경주관광개발계획에 따라 발굴 조사와 함께 1만 5000여 점에 달하는 유물이 수습되어 통일신라 시대의 생활상을 엿볼 수 있게 되었다. 이 유물 가운데 최초로 출토된 신라 시대 놀이 용구가 바로 위의 참나무로 만든 14면체 주사위로, 사각형면 6면, 삼각형면 8면 등 전체 14면으로 된 특이한 형태이다. 일반적으로 주사위는 6면의 각 면에 한 점에서 최고 여섯 점의 표시가 되어 있지만, 이 14면체는 각 한 면마다 한자(漢字) 네 글자를 새겨 넣었다.

그런데 ‘주령구(酒令具)’라는 주사위는 유감스럽게도 유물을 보존 처리하는 과정에서 불에 타 버렸다. 당시 습기를 빼내는 작업 과정에서 전기 과부하로 인해 잿더미로 변한 것이다. 다행히 작업에 앞서 사진 촬영과 정밀 실측을 해 둔 덕분에 복제품을 만들어 국립경주박물관에 전시하고 있다.

이 글의 내용은 집필자의 개인적 견해이며, 국사편찬위원회의 공식적 견해와 다를 수 있습니다.

참고문헌

논문

「주사위와 쌍육」,『생활문물연구』11,김영진,국립민속박물관,2003.
「14면 주사위를 통해 본 신라 귀족의 놀이문화」,『신라문화』35,김정숙,동국대학교 신라문화연구소,2010.
「안압지 출토 목제 주사위 명문의 체계와 의미」,『정신문화연구』104,김태환,한국학중앙연구원,2006.
「안압지 조영과 신라왕가의 풍속」,『한국조경학회지』69,박경자⋅양병이,한국조경학회,1998.
「신라의 유희」,『신라문화제학술발표회논문집』4,윤경렬,동국대학교 신라문화연구소,1983.
「신라 상고의 전쟁과 유희-‘풍류’의 원료를 찾아서-」,『소헌남도영박사화갑기념 사학논총』,이기동,간행위원회 편,1983.
「안압지에서 출토된 신라목간에 대하여」,『경북사학』1,이기동,경북사학회,1979.

저서

『신라사회사연구』, 이기동, 일조각, 1997.

관련사이트

[http://db.history.go.kr/id/gskh_005_0120_0020] 국사편찬위원회 한국사데이터베이스",,,,https://contents.history.go.kr/front/hm/view.do?levelId=hm_036_0050,사료로 본 한국사\items\hm_age_30_통일 신라와 발해\hm_ty_030_사회\hm_036_0050_안압지 출토 14면체 주사위.md
218,hm_age_30,통일 신라와 발해,hm_ty_030,사회,hm_037_0010,효녀 지은 이야기,통일 신라와 발해 > 사회 > 백성들의 삶과 윤리 > 효녀 지은 이야기,"효녀(孝女) 지은(知恩)은 한기부(韓歧部)의 백성 연권(連權)의 딸이다. 성품이 지극히 효성스러웠는데, 어려서 아버지를 여의고 홀로 어머니를 봉양하였다. 나이 32세가 되도록 시집을 가지 않고 아침저녁으로 문안을 드리며, 곁을 떠나지 않았다. 봉양할 것이 없으면 때로는 품팔이도 하고 또는 돌아다니며 밥을 빌어다가 봉양하였다. 그러한 날이 오래되어 고달픔을 이기지 못하여 부잣집에 가서 몸을 팔아 종이 되기로 하고 쌀 10여 섬을 마련하였다. 온종일 그 주인집에 가서 일을 해 주고 저녁에는 밥을 지어 가지고 와서 봉양하였다. 이와 같이 하기를 3～4일이 지나자 그 어머니가 딸에게 말하기를 “지난날의 식사는 거칠었으나 밥맛이 달았는데, 지금의 식사는 좋으나 맛이 예전 같지 않으며, 간장을 칼날로 찌르는 것 같으니 어쩐 일이냐?”라고 하였다. 이에 딸이 사실대로 아뢰니 어머니가 말하기를 “나 때문에 너를 남의 종으로 만들었구나! 차라리 빨리 죽는 것이 낫겠다.”하고 소리를 내어 크게 우니, 딸도 울어 그 슬픔이 길가는 사람을 감동시켰다. 그때 효종랑(孝宗郞)이 놀러 나갔다가 이를 보고 집에 돌아와 부모에게 청하여 집의 곡식 100섬과 옷가지를 실어다 주었다. 또 종으로 산 주인에게 보상하고 양인(良人)으로 만들어 주니, 그의 낭도(郎徒) 수천 명이 각각 곡식 한 섬씩을 내어 도와주었다. 대왕이 이 소식을 듣고 조(租) 500섬, 집 한 채를 내려주고 잡역(雜役)을 면제시켜 주었다. 집에 곡식이 많았으므로 빼앗거나 훔쳐 가는 자가 있을 것을 염려하여 담당 관청에 명하여 군대를 보내서 교대로 지키게 하였고, 그 마을을 표하여 ‘효양방(孝養坊)’이라고 하였다. 이어서 표를 올려 그 아름다움을 당나라 황실에 아뢰었다.

『삼국사기

』권48, 「열전」8 효녀지은

孝女知恩, 韓歧部百姓連權女子也. 性至孝, 少喪父, 獨養其母. 年三十二, 猶不從人, 定省不離左右, 而無以爲養. 或傭作或行乞, 得食以飼之. 日久不勝困憊, 就富家請賣身爲婢, 得米十餘石. 窮日行役於其家, 暮則作食歸養之. 如是三四日, 其母謂女子曰, 向食麤而甘, 今則食雖好, 味不如昔, 而肝心若以刀刃刺之者, 是何意耶. 女子以實告之, 母曰, 以我故使爾爲婢, 不如死之速也, 乃放聲大哭, 女子亦哭, 哀感行路. 時孝宗郞出遊, 見之, 歸請父母, 輸家粟百石及衣物予之. 又償買主以從良, 郞徒幾千人, 各出粟一石爲贈. 大王聞之, 亦賜租五百石, 家一區, 復除征役. 以粟多恐有剽竊者, 命所司差兵番守, 標榜其里曰孝養坊. 仍奉表, 歸美於唐室.

『三國史記』卷48, 「列傳」8 孝女知恩

이 사료는 『삼국사기(三國史記)

』권48에 실려 있는 효녀 지은(知恩) 이야기로, 이와 비슷한 이야기가 『삼국유사(三國遺事)

』권5 효선(孝善) ‘빈녀양모(貧女養母)’ 편에도 수록되어 있다. 이 사료는 신라 하대 하층민의 상황과 이들의 윤리관을 확인할 수 있는 자료로 주목받아 왔다.

삼국 통일 이후 국내외가 안정된 결과 신라는 전성기를 맞게 되었다. 일반 농민들은 이러한 신라 중대의 번영을 떠받치는 사실상의 주역이었지만 그들의 생활상은 나아지지 않았다. 오히려 당제(唐制)를 모방한 율령

정치(律令政治)가 강화됨에 따라서 조세와 과역(課役)이 더욱 무거워져 이들의 생활은 계속 피폐해져 갔다.

그 결과 생활고가 심해지면서 농민들이 전답을 팔고 농토에서 이탈하면서 상대적으로 진골 귀족들은 손쉽게 토지를 겸병하게 되었다. 이들의 농장(農莊) 경영이 전개되는 가운데 자립적인 소농층(小農層)이 광범위하게 몰락한 것은 필연적인 추세였다. 더구나 농민의 궁핍에 기생하는 고리대 자본이 발달하고 장기간에 걸쳐 자연 재해가 빈번해지면서 농민층은 광범위하게 무너져 갔다.

이 같은 쇠락의 현상은 진성여왕(眞聖女王, 재위 887~897) 대에 들어 극에 달했다. 진성여왕은 즉위 이후 1년간 세금을 감면하는 등 하층민의 삶을 안정시키려고 노력했지만, 골품제(骨品制)

의 한계와 수취 체제의 모순을 극복하지 못하였다. 이미 중대 말기인 757년(경덕왕 16년) 녹읍(祿邑)

이 부활한 이래로 국가 역량은 크게 축소되어 귀족과 지방 호족 세력은 통제가 불가능한 상황이었다. 이들은 행정⋅징세권을 장악하고 농민을 수탈하였으며, 조세와 과역을 담당하던 농민의 몰락은 곧 정부 재정의 악화로 이어졌다.

토지를 잃고 빈곤에 봉착한 농민이 택할 수 있는 생계 수단은 품삯을 받는 고용 노동자가 되거나, 양인의 신분을 버리고 대토지 소유자의 노비가 되거나, 자식을 둔 부모일 경우 자식을 노비로 파는 것 등이었다. 이때 4두품 아래의 양인으로서 평인(平人)은 자기 재산과 토지를 소유할 권리를 가졌다는 점에서 노비와는 분명히 구별되는 신분이었다. 이에 반해 노비는 조(租)⋅용(庸)⋅조(調)의 의무를 지지 않는 대신 우마(牛馬)나 기타 재물과 같이 매매⋅증여⋅교환⋅재산 분할의 대상이었다. 따라서 효녀 지은이 가난 때문에 노비를 자원했다는 것은 신분상의 권리를 스스로 포기할 만큼 빈부 격차가 극심해진 하대의 상황을 잘 보여 준다. 한편 이러한 신분의 강등은 신라 하대 노비 발생의 한 원인을 보여 주는 내용이기도 하다. 삼국 통일 전후는 주로 포로나 반란이 노비의 주된 발생 원인이었지만, 하대에 들어와서는 이른바 부채 등에 따른 경제 문제가 노비 발생의 주된 요인이었다.

또한 곡식을 빼앗거나 훔쳐 가는 자들을 염려하여 군대를 보내 지키게 하였다는 대목은 당시 농민 봉기 등으로 인하여 치안이 극히 불안하였음을 알게 해 주는 내용이다. 극한 상황에 내몰린 농민들이 마지막으로 선택하는 길은 초적(草賊) 등으로 기록된 농민 반란군이 되는 것이었다. 이들은 당시 왕경(王京)까지 위협할 정도로 강력한 세력으로 성장하는데, 견훤(甄萱, 867~936)

과 궁예(弓裔, ?~918)

등이 그 대표적 세력이다.

지은의 효행에 대한 포상은 전제 왕권의 기반으로서 유교 윤리의 강조라는 측면에서 이루어졌다. 유교가 도입된 이래 왕은 대민 교화를 지향하는 덕치를 표방하였다. 그 구체적 실천으로서 빈민의 구휼과 피지배층의 효행에 대한 국가의 보상이 중요하게 간주되었는데, 이는 계속된 민심 이반을 억제하려는 시도이기도 했다. 진성여왕이 마을을 표하고 이름을 ‘효양방(孝養坊)’이라 한 행위는 이후 고려⋅조선 시대에 확립된 정려(旌閭)

미풍양속을 선양하기 위해 효자⋅충신⋅열녀 등이 거주하는 마을에 문을 세워 표시하는 일

제도의 가장 오래된 사례 중 하나로 볼 수 있다. 당시에 지은의 자기희생과 그녀를 도와준 효종랑(孝宗郞)의 미담은 효를 선양할 수 있는 귀감으로 적극 활용되었다고 할 수 있다. 곧 표창은 효의 선양을 통해 결과적으로 국왕에 대한 충(忠)을 이끌어 내고, 이를 통해 사회에 대한 왕실의 지배력을 회복하려는 의도에서 비롯되었다고 하겠다.

한편 『삼국유사

』의 ‘빈녀양모’ 이야기에는 효녀의 이름과 출신, 나이 등에 대해서는 언급하지 않는 대신 모녀가 나라에서 상으로 받은 집을 양존사(兩尊寺)라는 절로 바꾸었다는 내용이 추가되어 있다. 이는 불교가 초기 귀족 위주의 신앙으로부터 서민층의 신앙으로 변모⋅확산되었음을 잘 보여 준다. 신라 하대에는 하층민과 여성도 출가하여 수도하거나 재산을 기부하는 불사(佛事)를 행함으로써 공덕을 쌓고 자기완성을 이룰 수 있다는 관념이 일반화되었음을 나타내기 때문이다.

또한 이 사료에서는 당시 유⋅불교의 관계도 엿볼 수 있다. 유교는 국가 체제 발달과정에 따라 그 필요성이 확대되었다. 그 결과 국학(國學)

이나 독서삼품과(讀書三品科)

와 같은 교육 제도가 발달하고, 한문학과 유학을 전문으로 하는 6두품 지식인층이 형성되어 왕권의 전제화가 뒷받침될 수 있었다. 그러나 유학의 성장과 독자적인 영역의 구축에도 근본적으로 유교와 불교는 크게 충돌하는 일이 없었다. 신라 불교 자체가 효의 실천과 완성을 불교적 입장에서 이해하고 정리하려고 하였으며, 세속오계(世俗五戒)

의 예처럼 유교의 덕목을 수용했기 때문이다. 또한 유교 내부에서 불교의 내세적 측면에 대한 비판이 없었던 것은 아니지만, 최치원(崔致遠, 857~?)과 같은 유학자들 사이에서도 토착 문화에 대한 이해를 바탕으로 불교와 유교를 이해하고 융합하려는 노력이 있었다. 따라서 전제 왕권 하에서도 불교와 유교는 왕권의 초월성과 정당성을 위해 공존하였으며, 하층민의 윤리에서도 두 축으로서 조화를 유지하였다고 볼 수 있다.

이 글의 내용은 집필자의 개인적 견해이며, 국사편찬위원회의 공식적 견해와 다를 수 있습니다.

참고문헌

논문

「『삼국유사』효선편의 이해」,『신라문화제학술논문집』30,김영하,경주시⋅신라문화선양회⋅동국대 신라문화연구소,2009.
「삼국유사에 나타난 효선사상」,『인문과학』3⋅4,민병하,성균관대학교 인문과학연구소,1974.
「『삼국유사』「효선」편 분석 연구」,『한자한문교육』21,엄선용,한국한자한문교육학회,2008.
「신라 불교에서의 효관념-『삼국유사』효선편을 중심으로-」,『동아연구』2,이기백,서강대학교 동아연구소,1983.
「신라하대의 골품제와 왕경인의 주거」,『신라문화』7,이종욱,동국대학교 신라문화연구소,1990.
「신라 하대의 화랑세력」,『신라문화』10⋅11,전기웅,동국대학교 신라문화연구소,1994.
「진성여왕대의 화랑 효종과 효녀지은 설화」,『한국민족문화』25,전기웅,부산대학교 한국민족문화연구소,2005.
「『삼국유사』‘빈녀양모’조에 나타난 지은의 효성」,『신라문화제학술논문집』30,조범환,경주시⋅신라문화선양회⋅동국대 신라문화연구소,2009.
「신라말 화랑세력과 왕위계승」,『사학연구』57,조범환,한국사학회,1999.
「‘효녀지은’전과 ‘빈녀양모’담 일고-사실의 ‘사전’과 ‘사담’적 인식과 서사적 성격-」,『한국언어문학』28,황인덕,한국언어문학회,1990.

저서

『신라하대 정치사 연구』, 권영오, 혜안, 2011.
『신라 하대 왕위계승 연구』, 김창겸, 경인문화사, 2003.
『신라의 멸망과 경문왕가』, 전기웅, 혜안, 2010.

관련사이트

[http://db.history.go.kr/id/sg_048r_0110_0010] 국사편찬위원회 한국사데이터베이스",,,,https://contents.history.go.kr/front/hm/view.do?levelId=hm_037_0010,사료로 본 한국사\items\hm_age_30_통일 신라와 발해\hm_ty_030_사회\hm_037_0010_효녀 지은 이야기.md
219,hm_age_30,통일 신라와 발해,hm_ty_030,사회,hm_037_0020,손순이 아이를 묻은 이야기,통일 신라와 발해 > 사회 > 백성들의 삶과 윤리 > 손순이 아이를 묻은 이야기,"손순(孫順)
【고본(古本)에는 손순(孫舜)이라 하였다.】
은 모량리(牟梁里) 사람으로 아버지는 학산(鶴山)이다. 아버지가 죽자 처와 함께 남의 집에 고용되어 일을 하여 쌀을 받아 늙은 어머니를 봉양하였다. 어머니의 이름은 운오(運烏)이다. 손순에게는 어린아이가 있었는데, 매번 어머니 음식을 빼앗아 먹었다. 손순은 이를 곤란하게 여겨 그의 처에게 “아이는 [다시] 얻을 수 있지만 어머니는 다시 구할 수 없는데, 그 음식을 빼앗아 먹으니 어머니의 배고픔이 얼마나 심하겠소? 우선 이 아이를 묻어 버리고 어머니의 배를 채워 드립시다.”라고 하였다. 그러고는 아이를 등에 업고 취산(醉山)
【산은 모량리 서북쪽에 있다.】
북쪽 들판으로 가서 땅을 파다가 문득 돌로 만들어진 종을 얻었는데, 매우 기이하였다. 부부가 놀라고 괴이하게 여겨 잠깐 나무 위에 걸어 놓고 시험 삼아 그것을 쳤더니 [그 소리가] 은은하여 사랑스러웠다. 처가 말하기를, “이상한 물건을 얻은 것은 아마도 이 아이의 복인 듯하니 묻지 맙시다.”라고 하였다. 남편도 그렇게 여겨 아이와 종을 업고 집으로 돌아와 종을 들보에 매달고 두드리니 소리가 궁궐까지 들렸다. 흥덕왕(興德王)이 이를 듣고 좌우에게 말하기를, “서쪽 교외에서 이상한 종소리가 들리는데, 맑으면서 멀리 들리니 비할 데가 없소. 빨리 조사하시오”라고 하였다. 왕의 사자(使者)가 그 집에 가서 조사하고 사실을 구체적으로 왕에게 아뢰었다. 왕이 말하기를, “옛날 곽거(郭巨)가 아들을 묻으니 하늘이 금솥을 내렸고, 지금 손순이 아이를 묻으려고 하니 땅에서 돌종이 솟구쳤다. 전세의 효와 후세의 효는 천지(天地)에 같은 귀감이다.”라 하고 집 한 채를 내리고, 해마다 메벼 50섬을 주어 지극한 효를 숭상하게 하였다. 손순은 옛집을 내어 절을 만들었는데, 홍효사(弘孝寺)라고 부르고 돌종을 안치하였다. 진성왕(眞聖王) 대에 [후]백제의 도적떼가 그 마을에 들어가서 종은 없어지고 절만 남았다. 그 종을 얻은 땅을 완호평(完乎坪)이라고 불렀는데, 지금은 잘못 전해져서 지량평(枝良坪)이라고 한다.

『삼국유사

』권5, 「효선」9 손순매아

孫順者〈古本作孫舜〉, 牟梁里人, 父鶴山. 父沒, 與妻同傭作人家, 得米穀養老孃. 孃名運烏. 順有小兒, 每奪孃食. 順難之, 謂其妻曰, 兒可得, 母難再求, 而奪其食, 母飢何甚. 且埋此兒, 以圖母腹之盈. 乃負兒歸醉山〈山在牟梁西北〉北郊, 堀地忽得石鐘甚奇. 夫婦驚怪, 乍懸林木上, 試擊之, 舂容可愛. 妻曰, 得異物, 殆兒之福, 不可埋也. 夫亦以爲然, 乃負兒與鐘而還家, 懸鐘於梁扣之, 聲聞于闕. 興德王聞之, 謂左右曰, 西郊有異鐘聲, 淸遠下類, 速檢之. 王人來檢其家, 具事奏王. 王曰, 昔郭巨瘞子, 天賜金釜, 今孫順埋兒, 地湧石鐘. 前孝後孝, 覆載同鑑. 乃賜屋一區, 歲給粳五十碩, 以尙純孝焉. 順捨舊居爲寺, 號弘孝寺, 安置石鐘. 眞聖王代, 百濟橫賊入其里, 鐘亡寺存. 其得鎭之地, 名完乎坪, 今訛云枝良坪.

『三國遺事』卷5, 「孝善」9 孫順埋兒

이 사료는 『삼국유사(三國遺事)

』의 ‘손순매아(孫順埋兒)’편으로, 신라 흥덕왕(興德王, 재위 826~836) 대 하층민의 생활상과 윤리 의식을 잘 보여 준다.

골품제(骨品制)

하의 신라 사회에서 평민은 양인과 노비로 나뉘었는데, 4두품 아래 양인은 평인(平人)이라 하였다. 이들은 신라 사회에서 다수를 차지한 신분으로서 직업상으로는 대부분 농민이었다. 골품제

에 따라 이들 평인 농민은 피지배층으로 고정되었으며, 그 신분은 세습되었다. 다만 이들은 토지나 재물을 소유할 수 있는 권리를 가짐으로써 노비와 구별되었다.

신라에서는 국가의 모든 토지가 왕토(王土)라는 인식이 있었으나, 실제 개별 토지에 대한 소유권은 개인에게 있었던 것으로 보인다. 「신라촌락문서(新羅村落文書)

」에 보이는 연수유전답(烟受有田畓)이라는 명칭은 ‘왕토 사상’이 어디까지나 상징적인 것일 뿐, 신라의 토지제도가 사실상 ‘사유제(私有制)’였음을 입증한다고 할 수 있다. 그런데 이는 실제로 국가가 토지를 평민에게 분급하였다는 의미는 아니었다. 722년(성덕왕 21년) 처음으로 백성들에게 정전(丁田)

을 지급하였다는 기록이 있지만, 이는 실제 토지 분급이라기보다는 평인 농민층을 뜻하는 연(烟)에게 토지를 지급하는 형식적 절차를 거침으로써 국가가 농민의 토지 소유를 확인하는 과정이었다. 이를 통해 국가는 평인을 농토에 묶어 두고, 조(租)⋅용(庸)⋅조(調)와 군역(軍役)의 의무를 부과함으로써 국가의 재정적⋅군사적 기초를 마련하고자 하였던 것이다.

이처럼 토지 분급이 형식적이었던 까닭에, 정전제

실시가 토지 소유에 실질적인 변화를 가져온 것은 아니었다. 토지 소유는 균등하지 않았으며, 모든 농민이 자영 농민인 것은 아니었다. 농민들은 같은 평인 내에서도 상대적으로 많은 땅을 소유한 촌주(村主)

부터 자기 소유 토지가 없는 소작인이나 날품팔이꾼까지 다양한 층을 이루었다. 또한 시비법 등의 농사 기술이 발달하지 못해 농업 생산력이 낮았던 탓에 한 해의 작황은 가뭄⋅홍수⋅바람⋅서리⋅우박 등의 자연재해에 크게 영향을 받았다. 다수의 농민은 경제적 자립도가 취약하였으므로, 흉년이나 과도한 수탈의 결과 전답을 팔고 농토에서 이탈하는 이가 많았다. 반면 경제적으로 우월한 위치에 있던 중앙의 귀족이나 지방 호족은 손쉽게 토지를 집적하여 대토지를 소유하고 농장을 경영하는 이들이 점점 늘어났다.

이에 따라 기존의 빈부 격차는 신라 하대로 갈수록 더욱 심해졌고, 특히 왕경인(王京人)의 생활수준은 신분에 따라 편차가 극심해져 갔다. 당시 왕경

에는 신라의 모든 부가 집중되었다. 특히 진골 귀족들은 대단한 사치를 부렸는데, 그 단적인 예가 건물에 금박(金箔)을 입힌 이른바 ‘금입택(金入宅)

’이라는 호화 주택이었다. 이 금입택

은 왕경

안에만 39채나 되었다. 806년(애장왕 7년)에 왕명을 내려 금은으로써 물품을 만드는 것을 금지하고, 834년(흥덕왕 9년)에는 귀족들 사이에서 만연한 사치 풍조를 단속하기 위해 광범위한 부문에 걸쳐 생활 간소화 법령을 공포하는 등의 제재가 이어졌으나 제대로 이행되지는 못했다.

반면 굶주림에 처한 농민들은 노비가 되거나 자식을 내다 파는 등 극단적인 선택의 기로에 처하는 일이 빈번하였다. 전자에 해당하는 이야기로서 자신을 희생하는 효행 설화의 대표 유형이 노비가 되어 홀어머니를 봉양한 효녀 지은(知恩)의 설화라면, 손순(孫順)의 이야기는 자식을 희생하는 효행 설화의 대표적 유형이라 할 수 있다.

신라 중대로 들어서 유교적 정치 이념이 도입되면서 효도는 사회의 가장 기초적인 규범으로 인식되어 갔다. 최치원(崔致遠, 857~?)이 난랑비(鸞郞碑)의 서문에서 “나라에 현묘한 도가 있으니 ……(중략)…… 그 핵심은 유불선 3교를 포함하고 중생을 교화하려는 것”이라고 한 내용을 볼 때, 사실상 신라 사회는 유교가 들어오기 전에 이미 부모 자식 간의 개별적 관계에 대한 윤리 규범이 기초적인 형태로 존재하였을 것으로 보인다. 따라서 가난이라는 비극적 현실에서 가족 구성원 모두를 살릴 만한 자원이 없을 때 자식을 희생하는 일은 부모 봉양이라는 기본적 덕목을 지키기 위하여 불가피한 수단으로서 용인될 수 있었다. 손순에게 어머니는 다시 구할 수 없는 절대적인 존재이며 아이는 다시 얻을 수 있는 상대적인 존재였던 것이다. 이는 우리나라 문헌상 유교적 가치관이 투영된 착한 사람은 좋은 결과를 얻는다는 선인선과(善人善果) 이야기의 전형이자 가장 오래된 예라고 하겠다.

동시에 손순의 일화는 불교적 인과응보 이야기의 성격을 갖고 있다. 당시 신라 사상계에서 주도적인 위치를 점했던 불교는 유교 윤리의 확산에 대응하여 현세적 유교 윤리와 내세의 구원이라는 불교의 가치관을 조화시켜야만 하는 과제를 안고 있었다. 유교에서 물질적 봉양은 효도의 중요한 내용이지만, 그것은 효의 전부가 아니며, 맹자(孟子)가 지적한 바와 같이 ‘어버이의 뜻’을 받드는 양지(養志)가 효의 핵심이자 완성으로 제시되었다. 그런데 손순의 이야기에서 손자에 대한 손순 어머니의 입장은 드러나지 않는다. 이는 유교적 입장에서 볼 때, 사실상 손순의 행위가 육신의 봉양이라는 목적에 한정되어 있고, 어머니의 뜻을 헤아린 것인지 여부는 불확실하며 오류일 수 있음을 암시한다. 그러나 이러한 모순은 석종(石鐘)의 발견이라는 기적을 통해 해소된다. 이로써 손순의 매아(埋兒), 곧 아이를 땅에 묻으려고 한 시도는 유교적 규범의 실천에 그치지 않고 동시에 불교적인 사건으로도 제시된다. 석종의 발견에서 얻은 깨달음으로 손순은 잘못 이해된 효로 빚어질 뻔한 또 다른 불효를 시정하고 빈곤에서 벗어날 수 있게 되었다. 또한 손순의 옛집에 석종을 안치하는 것은 세속적 공간인 집을 신성하게 만드는 행위이며, 이로써 효는 유교의 규범일 뿐만 아니라 최종적으로는 불교적 실천으로 승화되는 것이다. 이는 효도가 불교와 배치되는 것이 아니며 이를 실천하는 것이 구원의 방편임을 의미하는 것으로, 지극한 효에 대한 보상을 결과적으로 불교적 입장에서 정리한 것이다.

이러한 효행 설화는 이후에도 조금씩 변이되며 재생산되지만, 중심이 되는 자식 희생 모티프는 큰 변화가 없었다. 다만 숭유억불(崇儒抑佛)을 이념으로 한 조선 시대 이후의 사서는 ‘손순매아’의 효행을 유교적 입장에서 정리하여 기록하였기에, 옛집을 절로 삼았다는 등의 『삼국유사

』가 전하는 불교적인 내용은 삭제되는 변화를 확인할 수 있다.

아울러 흥덕왕이 손순을 집과 곡식으로 포상하였다는 부분은 하대의 왕실이 신라 사회에 대한 지배력을 강화하고 하층민들을 위무하려 시도하였음을 보여 준다. 유교에서 효는 제한된 인간관계 내에서만 적용되는 규범이 아닌, 일종의 자연법적 기초를 내포한 국가 차원의 통치 원리로 확대된 것이었다. 『효경(孝敬)』에서는 “군자가 어버이를 섬기는데 효도하는 까닭으로 충성을 임금께 옮길 수 있다[君子之事親孝, 故忠可移於君]”라고 하여 효를 충(忠)의 출발점으로 제시하고 있다. 한편 효는 통치자에게도 예외 없이 적용되는 덕목으로서, 효를 실천한다는 것은 그가 백성을 다스릴 수 있는 정당한 근거가 되는 것으로 설명된다. 이 같이 국왕 자신까지 규제하는 유교적인 규범과 도덕률은 진골 귀족의 횡포에 대항하기 위한 왕권의 전제화와 귀족 억압의 논리적 타당성을 위해 지속적으로 고양되었다고 할 수 있다.

이러한 논리에 따라 백성을 다스리고 교화하는 효과적인 방법으로는 국왕 자신이 모범이 되는 일 외에도, 귀감이 될 수 있는 사례를 찾아 이를 널리 알리는 일이 중요하게 고려되었을 것이다. 따라서 효행의 결과로서 국왕으로부터 포상과 윤택한 생활이 따른다는 내용은 효의 실천을 국왕에 대한 충(忠)을 실행케 하는 계기로 삼고자 하는 의도가 드러나는 부분이라 하겠다. 따라서 ‘손순매아’ 이야기는 당시 평민의 삶과 윤리에서 유교의 충효 사상과 불교적 가치관이 공존하였음을 보여 주며, 신라 하대 왕권의 강화 논리로서의 ‘유교’ 확산과 이에 대한 불교계의 대응을 확인할 수 있는 자료라 할 수 있다.

이 글의 내용은 집필자의 개인적 견해이며, 국사편찬위원회의 공식적 견해와 다를 수 있습니다.

참고문헌

논문

「삼국유사 효선편 설화연구 Ⅰ-‘손순매아’의 의미-」,『국어국문학』93,강진옥,국어국문학회,1985.
「신라 흥덕왕대 손순의 효를 통해 본 ‘표창’의 의미」,『한국중세사회의 제문제』,김기섭,한국중세사학회,2001.
「『삼국유사』효선편의 이해」,『신라문화제학술논문집』30,김영하,경주시⋅신라문화선양회⋅동국대 신라문화연구소,2009.
「삼국유사에 나타난 효선사상」,『인문과학』3⋅4,민병하,성균관대학교 인문과학연구소,1974.
「신라효자 손순의 형적」,『경주문화』6,손혁,경주문화원,2000.
「『삼국유사「효선」편 분석 연구」,『한자한문교육』21,엄선용,한국한자한문교육학회,2008.
「신라 불교에서의 효관념-『삼국유사』효선편을 중심으로-」,『동아연구』2,이기백,서강대학교 동아연구소,1983.
「손순매아 설화의 전승현장과 전승상황」,『신라문화제학술발표회논문집』11,임재해,경주시⋅동국대 신라문화연구소,1990.
「삼국유사 ‘손순매아’조로 본 신라인의 효심」,『신라문화제학술논문집』30,정운용,경주시⋅신라문화선양회⋅동국대 신라문화연구소,2009.

저서

『한국설화문학과 여성』, 김대숙, 월인, 2002.

관련사이트

[http://db.history.go.kr/id/sy_005r_0040_0040_0010] 국사편찬위원회 한국사데이터베이스",,,,https://contents.history.go.kr/front/hm/view.do?levelId=hm_037_0020,사료로 본 한국사\items\hm_age_30_통일 신라와 발해\hm_ty_030_사회\hm_037_0020_손순이 아이를 묻은 이야기.md
220,hm_age_30,통일 신라와 발해,hm_ty_030,사회,hm_037_0030,향덕의 효도 이야기,통일 신라와 발해 > 사회 > 백성들의 삶과 윤리 > 향덕의 효도 이야기,"향덕(向德)은 웅천주(熊川州) 판적향(板積鄕) 사람이다. 아버지 이름은 선(善)이고 자(字)는 반길(潘吉)인데, 천성이 온후하고 착하여 마을에서 그 행실을 칭찬하였다. 어머니는 이름이 전하지 않는다. 향덕 역시 효성스럽고 순하기로 당시에 소문이 났다. 천보(天寶) 14년(755년 경덕왕 14년) 을미(乙未)에 흉년이 들어 백성이 굶주리고 더구나 전염병이 돌았다. 부모가 굶주리고 병이 났으며, 어머니는 또한 종기가 나서 모두 거의 죽게 되었다. 향덕이 밤낮으로 옷을 벗지 않고 정성을 다하여 편안히 위로하였으나 봉양할 것이 없어 이에 자신의 넓적다리 살을 떼어 내어 먹게 하고, 또 어머니의 종기를 입으로 빨아 모두 완쾌시켰다. 향사(鄕司)가 주(州)에 보고하니, 주에서 왕에게 보고하였다. 왕은 명을 내려 벼 300섬과 집 한 채, 구분전(口分田)

약간을 내려주고, 담당 관청에 명하여 비석을 세워서 일을 기록하고 드러내도록 하였는데, 지금까지 사람들은 그곳을 ‘효가(孝家)’라고 부른다.

『삼국사기

』권48, 「열전」8 향덕

向德態川州板積鄕人也. 父名善, 字潘吉, 天資溫良, 鄕里推其行. 母則失其名. 向德亦以孝順, 爲時所稱. 天寶十四年乙未, 年荒民饑, 加之以疫癘. 父母飢且病, 母又發㿈, 皆濱於死. 向德日夜不解衣, 盡誠安慰, 而無以爲養, 乃刲髀肉以食之, 又吮母㿈, 皆致之平安. 鄕司報之州, 州報於王. 王下敎, 賜租三百斛宅一區口分田若干, 命有司立石紀事, 以標之. 至今人號其地云孝家.

『三國史記』卷48, 「列傳」8 向德

이 사료는 신라 경덕왕(景德王, 재위 742~765) 대에 살았던 효자 향덕(向德)에 관한 내용이다. 향덕 이야기는 『삼국유사(三國遺事)

』권5, 효선(孝善) ‘향득사지할고공친(向得舍知割股供親)’조와 『삼국사기

』권9, 경덕왕 14년(755)조에도 전하는 데, 『삼국사기

』 열전의 내용이 가장 자세하다. 한편 『삼국유사

』에는 향덕의 이름이 ‘향득(向得)’으로 되어 있다.

향덕은 웅천주(熊川州, 충청남도 공주) 판적향(板積鄕) 사람이다. 755년(경덕왕 14년) 나라에 큰 흉년이 들어 많은 백성이 굶주리고 전염병까지 돌았는데, 향덕의 부모도 병이 들어 위독하게 되었다. 이에 향덕은 자신의 넓적다리 살을 떼어 내어 부모에게 먹이고, 어머니의 종기를 입으로 빨아내어 낫게 하였다. 지방 관청에서 그의 효행을 왕에게 보고하니, 왕이 큰 상을 내렸다고 한다.

이 기록으로 볼 때, 755년 봄 신라에는 심각한 기근이 전국을 휩쓸었고 설상가상으로 전염병까지 돌기 시작했음을 알 수 있다. 사실 신라 경덕왕 대에는 유난히 자주 흉년과 기근이 발생했다. 『삼국사기

』 신라본기에 기록된 것만 보아도 745년(경덕왕 4년) 5월, 746년(경덕왕 5년) 가을과 겨울, 754년(경덕왕 13년) 8월에 가뭄과 전염병 등이 발생하였다. 특히 13년 8월에 있었던 가뭄과 병충해는 이듬해인 755년(경덕왕 14년) 봄의 전국적인 기근으로 이어진 것으로 보인다. 이와 같은 재해는 국가적으로도 크게 문제되어 756년(경덕왕 15년) 2월에는 상대등(上大等)

김사인(金思仁)이 해마다 갖가지 재난이 발생하는 일을 가지고 왕에게 여러 차례 상소를 올려 당시 정치의 득실을 논하기도 하였다.

이와 같이 해마다 가뭄이 발생하고 전국적으로 기근이 만연하자 향덕은 부모 공양의 길이 막연해지게 되었다. 『삼국유사

』에는 ‘향덕’이 ‘향득사지(向得舍知)’로 기록되어 있는데, 사지(舍知)는 신라 17관등

중 13위에 해당하는 것으로, 대체로 4두품에 해당하는 관등이다. 따라서 향덕이 원래 4두품에 해당하는 신분이었다고 추측할 수도 있지만, 그가 사지라는 관등에 오른 것이 포상 후일 가능성도 있으므로 단정적으로 말하기는 어렵다. 하지만 향덕이 4두품의 신분을 가지고 있었다고 해도 그의 실제 생활은 극히 빈곤해서 일반 백성과 별 차이가 없었던 것으로 보인다. 따라서 기근에 역병까지 겹쳐 부모가 모두 거의 죽게 되자 향덕은 자신의 넓적다리 살을 떼어 내어 부모에게 먹이는 ‘할고(割股)’와, 어머니의 종기를 입으로 빨아내는 극단적인 방법을 써서 부모의 병을 낫게 하였다.

향덕의 효행에 대해 주(州)의 보고를 통해서 알게 된 경덕왕은 향덕에게 포상하였다. 즉, 곡식과 집⋅토지를 내리고 거기에 더하여 비석을 세워 향덕의 효행을 기록하고 드러내도록 한 것이다. 이와 같은 할고 효행과 그 효행에 대한 국가의 표창은 모두 우리 역사상 처음 보이는 사례이다. 특히 비석, 즉 정려비(旌閭碑)를 세우도록 한 조치가 가지는 의미는 매우 크다.

사실 당시 당(唐)나라의 경우는 효자⋅효녀나 열녀 등에 대하여 그 가문과 고을을 정표(旌表)

나라에서 정려비, 정려문 등을 세워 선행을 한 인물을 칭찬하고 널리 알리는 행위

하는 것이 상당히 일반화되어 있었다. 그러나 우리나라의 경우는 경덕왕 대에 이르러 향덕에 대한 것이 처음이다. 따라서 경덕왕이 취한 향덕의 효행에 대한 조치는 대민 교화를 목적으로 한 일종의 교화 정책으로서, 우리나라 정표 정책의 시작이라 할 수 있다.

경덕왕은 재위 기간 동안 왕권을 강화하기 위한 수단으로서 한화정책(漢化改策)을 꾸준히 추진하였다. 또한 당나라와의 밀접한 교류를 통하여 한문화(漢文化)를 적극적으로 수용하였다. 향덕의 효행에 대한 국가의 적극적인 포상은 바로 당시 중국에서 보편화한 유교적 윤리, 또는 일종의 효치주의(孝治主義)의 구현과 짝하는 것이라 할 만하다. 동시에 당시 민심의 동요가 우려되는 어려운 상황 속에서 덕치(德治)의 규범을 보이고 대민 교화를 지향함으로써 계속되는 재해로 인한 민심 이반을 막아 보고자 한 의도도 엿볼 수 있다.

향덕의 이야기는 기록상으로 나타나는 우리나라 최초의 효행 포상 사례이자 포상의 첫 사례로서, 유교적 윤리의 수용과 그 시행의 초기적 모습을 보여 준다는 데 큰 의미가 있다. 향덕의 이야기가 『삼국사기

』 신라본기에도 기록된 것은 이러한 이유 때문일 것이다.

이 글의 내용은 집필자의 개인적 견해이며, 국사편찬위원회의 공식적 견해와 다를 수 있습니다.

참고문헌

논문

「삼국사기와 삼국유사에 나타난 효자 ‘향덕’⋅‘향득’에 대하여」,『백제문화』18⋅19,강헌규,공주대학교 백제문화연구소,1989.
「삼국유사 효선편 검토」,『동양학』3,김상현,단국대학교 동양학연구소,2000.
「『삼국유사』‘향득사지’조로 본 신라인의 효행」,『신라문화제학술논문집』30,김수태,동국대학교 신라문화연구소,2009.
「『삼국유사』효선편의 이해」,『신라문화제학술논문집』30,김영하,동국대학교 신라문화연구소,2009.
「신라시대 『효경』의 수용과 그 사회적 의의」,『이기백선생고희기념한국사학논총』(상),노용필,일조각,1994.
「삼국유사에 나타난 효선사상」,『인문과학』3⋅4,민병하,성균관대학교 인문과학연구소,1974.
「『삼국유사「효선」편 분석 연구」,『한자한문교육』21,엄선용,한국한자한문교육학회,2008.
「신라 효자 향덕과 그 유적」,『백제문화』11,윤용혁,공주대학교 백제문화연구소,1978.
「신라 불교에서의 효관념-『삼국유사』효선편을 중심으로-」,『동아연구』2,이기백,서강대학교 동아연구소,1983.

저서

『신라화엄사상사연구』, 김두진, 서울대학교 출판부, 2002.
『신라사상사연구』, 이기백, 일조각, 1986.

관련사이트

[http://db.history.go.kr/id/sg_048r_0020_0010] 국사편찬위원회 한국사데이터베이스",,,,https://contents.history.go.kr/front/hm/view.do?levelId=hm_037_0030,사료로 본 한국사\items\hm_age_30_통일 신라와 발해\hm_ty_030_사회\hm_037_0030_향덕의 효도 이야기.md
221,hm_age_30,통일 신라와 발해,hm_ty_030,사회,hm_037_0040,진정법사 이야기,통일 신라와 발해 > 사회 > 백성들의 삶과 윤리 > 진정법사 이야기,"진정법사(眞定法師)는 신라 사람이다. 승려가 되기 전에는 군졸이었는데, 집이 가난해서 장가를 들지 못하였다. 부역을 하면서도 품을 팔아 곡식을 얻어 홀어머니를 봉양하였다. 집안에 재산이라고는 단지 다리 부러진 솥 하나가 있을 뿐이었다. ……(중략)…… 일찍이 군대에 있을 때 남들이 의상법사(義湘法師)가 태백산(太伯山)에서 불법(佛法)을 설하고 사람들을 이롭게 한다는 말을 듣고 바로 사모하는 마음이 생겨 어머니에게 “효도를 다한 후에는 의상법사에게 가서 머리를 깎고 불도를 배우겠습니다.”라고 하였다. 어머니가 말하기를, “불법이란 만나기 어렵고 인생은 너무도 빠르니 효도를 다 마친 후라고 말한다면 또한 늦지 않겠느냐? 어찌 [네가] 가서 내가 죽기 전에 도를 깨달았다는 소식을 들려주는 것만 같겠느냐? 부디 주저하지 말고 빨리 가는 것이 좋겠다.”라고 하였다. 진정이 말하기를, “어머님의 만년에 오직 제가 곁에 있을 뿐인데, 어찌 차마 [어머님을] 버리고 출가를 할 수 있겠습니까?”라고 하였다. 어머니가 말하기를, “답답하구나! 나 때문에 출가를 못한다면 나를 바로 지옥에 떨어뜨리는 것이니, 비록 살아서 풍성한 음식으로 봉양한들 어찌 효도가 되겠는가! 내가 남의 집 문간에서 옷과 먹을 것을 비럭질하더라도 또한 타고난 수명대로 살 것이니, 꼭 나에게 효도를 하려거든 그런 말을 하지 마라”라고 하니, 진정이 오랫동안 깊이 생각하였다. ……(중략)…… 진정이 그 뜻을 어기기가 어려워 길을 떠나 밤낮으로 3일 만에 태백산(太白山)에 이르렀다. 의상에게 의탁하여 머리를 깎고 제자가 되어 이름을 진정(眞定)이라고 하였다.

[여기서] 산 지 3년 만에 어머니의 부고가 이르렀다. 진정은 가부좌를 하고 선정[禪定]에 들어가 7일 만에 일어났다. [이를] 설명하는 자가 말하기를, “추모와 슬픔이 지극하여 아마도 견딜 수 없었으므로 입정하여 정화수로써 슬픔을 씻은 것이다.”라 하고, 어떤 이는 말하기를 “선정에 들어 어머니가 환생한 곳을 관찰하려고 하였다.”라 하고, 또 어떤 이는 말하기를 “이와 같이 해서 어머니의 명복을 빈 것이다.”라고 하였다. 선정에서 나온 후 이 사실을 의상에게 고하였다. 의상이 문도들을 거느리고 소백산(小伯山)의 추동(錐洞)에 가서 풀을 엮어 막사를 짓고 무리 3000명을 모아 약 90일 동안 『화엄대전(華嚴大典)』을 강하였다. [의상의] 문인 지통(智通)이 강의하는 대로 그 요지를 뽑아 두 권의 책을 만들고, 이름을 『추동기(錐洞記)』라고 하여 세상에 유통하였다. 강의를 마치자 그 어머니가 꿈에 나타나서 말하기를 “나는 이미 하늘에 환생하였다”라고 하였다.

『삼국유사

』권5, 「효선」9 진정사효선쌍미

法師眞定, 羅人也. 白衣時, 隷名卒伍, 而家貧不娶. 部役之餘, 傭作受粟以養孀母. 家中計産唯折脚一鐺而已. ……(中略)……嘗在行伍間, 聞人說義湘法師在太伯山說法利人, 卽有嚮慕之志, 告於母曰, 畢孝之後, 當投於湘法師, 落髮學道矣. 母曰, 佛法難遇, 人生大速. 乃曰畢孝, 不亦晩乎. 曷若趂予不死, 以聞道聞. 愼勿因循, 速斯可矣. 定曰, 萱堂晩景, 唯我在側, 弃而出家, 豈敢忍乎. 母曰, 噫. 爲我防出家, 令我便墮泥黎也. 雖生養以三牢七鼎, 豈可爲孝. 予其衣食於人之門, 亦可守其天年, 必欲孝我, 莫作爾言. 定沈思久之. ……(中略)…… 定重違其志, 進途宵征, 三日達于太伯山. 投湘公剃染爲弟子, 名曰眞定.

居三年, 母之訃音至. 定跏趺入定, 七日乃起. 說者曰, 追傷哀毁之至, 殆不能堪, 故以定水滌之爾, 或曰, 以定觀察母之所生處也, 或曰, 斯乃如實理薦冥福也. 旣出定, 以後事告於湘. 湘率門徒歸于小伯山之錐洞, 結草爲廬, 會徒三千, 約九十日, 講華嚴大典. 門人智通隨講, 撮其樞要, 成兩卷, 名錐洞記, 流通於世. 講畢, 其母現於夢曰, 我已生天矣.

『三國遺事』卷5, 「孝善」9 眞定師孝善雙美

이 사료는 『삼국유사(三國遺事)

』에 실린 ‘진정사효선쌍미(眞定師孝善雙美)’로, 신라 중대의 국가 통치와 서민들의 생활상을 살펴볼 수 있는 중요한 자료이다.

신라 중대에 이르러 유교가 합리적인 정치 윤리로서의 역할을 하게 되자 불교는 비판에 직면하는데, 그것은 주로 부모에 대한 봉양과 효도의 실천이라는 인륜에 대한 문제 제기로 나타났다. 이 문제는 당시 신라인들의 큰 고민거리의 하나였던 것이다.

유교의 확산은 신라 중대 전제 왕권의 성립과 떼어 놓을 수 없는 관계를 갖는다. 신라 중대 왕실은 왕권을 강화하기 위해 진골 귀족을 억압하는 한편 그들과 이해를 달리한 6두품 지식인을 측근 세력으로 키워 나갔다. 유교는 이들 6두품을 중심으로 수용되었기에, 이들은 자연히 진골 귀족과 불교에 대해서 비판적 입장을 취하게 되었다. 진골 출신으로서 『고승전(高僧傳)』 등을 지은 저술가 김대문(金大問, ?~?)이 전통적인 귀족의 입장을 대변하며 유교의 논리를 비판적으로 보는 입장이었다면, 설총(薛聰, 655~?)

과 같이 새롭게 등장한 유학자들은 불교 논리에 대해 비판적이었다.

불교에 대한 비판적 문제 제기는 특히 강수(强首, ?~692)에게서 더욱 분명하게 나타났다. 강수는 불교를 ‛세외교(世外敎: 세속에 초연한 가르침)’라 비판하며, 그 때문에 자신이 유교를 배우려 한다고 밝혔다. 이는 곧 속세와 거리를 두는 불교의 수행을 지목한 것이다. 유교를 정확히 ‘세내교’라고 언급한 것은 아니지만, 불교와 유교의 논리가 가장 차이를 보이면서 서로 대조적으로 비교된 지점이 세외교와 세내교의 차이였음이 분명하다. 유교적 입장에서는 세속을 떠나 입산(入山) 수도하는 수행을 택할 경우 기존의 모든 사회적 관계를 버리게 된다는 점을 간과할 수 없었다. 모든 사회적 관계와 그 규범 중에서도 효도는 자기 수양과 가족 윤리의 출발점으로서 각별히 중요시되었으므로, 이것은 불교의 출가와 양립할 수 없는 문제였다.

따라서 출가와 효도에 대한 상반된 윤리는 심각한 사회문제로 대두할 수밖에 없었으며, 종래 신라의 정신세계를 주도해 온 불교계에서는 이에 대한 해결이 불가피하였다. 그 해결책으로 등장한 것이 당시 의상(義湘, 625~702)계 화엄종(華嚴宗)의 효선쌍미(孝善雙美) 신앙이었다. 효선쌍미 신앙의 핵심은 자식의 부모에 대한 진정한 효도는 단순한 물질적 봉양이 아니라, 불교의 수행을 택함으로써 공덕을 쌓고 내세에서 부모를 구원하는 것이라는 논리였다. 이는 자식으로서 출가와 부모에 대한 효도의 상반되는 윤리를 불교적 입장에서 조절하려는 것이다.

그러나 그 실천은 사회 계층에 따라 다르게 나타났다. 대체로 귀족들인 재가(在家) 신자들은 재산을 기부하거나 절을 짓는 등 불사(佛事)를 일으키는 방법으로 공덕을 쌓고 효를 실천하였다. 반면 진정(眞定)과 같이 서민으로 출가한 승려는 그 출가 자체가 효를 수행하는 것이라 보았는데, 이는 그의 수행으로 부모가 극락으로 왕생할 수 있다는 믿음에 바탕을 두었다. 만약 어머니 때문에 아들이 출가하지 않고 선(善)을 이루지 못한다면, 오히려 그 어머니가 악업(惡業)에 빠짐으로써 지옥에 떨어진다. 속세에서 고량진미(膏粱珍味: 기름진 고기와 좋은 곡식)로 옆에서 봉양하는 것이 효도가 아니며, 비록 아들이 출가하여 구걸로 살아간다 하여도 부모를 내세에서 구원하도록 불교에 귀의함이 진정한 효도라는 것이다. 불교는 이처럼 현세의 영화보다는 내세의 종교적 구원을 우위에 두는 입장에서 효도의 내용을 바꿈으로써 상반된 윤리를 조화시키고자 하였다.

따라서 효선쌍미 신앙은 유교적 이념을 추구하는 6두품 세력의 불교에 대한 비판을 흡수하는 대응책인 동시에, 서민 대중에 대해서도 불교의 영향력을 유지하려는 시도였다. 신분제 사회에서 발생하는 현실의 차등적 지위와 달리, 종교를 통해 한계를 극복하고 자기완성을 이루는 행위는 누구에게나 열려 있는 것으로 여겨졌던 상황에서 빈곤층이 가질 수 있는 심리적 저항을 해소하는 일은 정치적으로도 반드시 필요한 것이었다.

실제로 최치원(崔致遠, 857~?)은 「숭복사비문(崇福寺碑文)」에서 “성정(性情)이 중국풍을 답습하고 몸소 불교의 교리에 젖으시니, 조상을 높이 받드는 의리를 행했고, 부처님께 귀의하는 정성을 격발(激發)시켰다.”라고 하여 헌강왕(憲康王, 재위 875~886)이 불교와 유교 윤리를 모두 중요시하고 몸소 실천하였음을 칭송하였다. 국왕이 몸소 효도와 불도의 실천을 행하고, 이 점이 당대 지식인에 의해 칭송되었음은, 신라 하대에 유교와 불교 윤리를 아울러 실천함이 사회 윤리로서 확산되어 갔음을 보여 준다.

이 글의 내용은 집필자의 개인적 견해이며, 국사편찬위원회의 공식적 견해와 다를 수 있습니다.

참고문헌

논문

「신라 의상계 화엄종의 ‘효선쌍미’ 신앙」,『한국학논총』15,김두진,국민대학교 한국학연구소,1992.
「『삼국유사』‘진정사 효선쌍미’조와 일연과 김부식의 효 인식」,『신라문화제학술논문집』30,김복순,경주시⋅신라문화선양회⋅동국대 신라문화연구소,2009.
「『삼국유사』효선편의 이해」,『신라문화제학술논문집』30,김영하,경주시⋅신라문화선양회⋅동국대 신라문화연구소,2009.
「통일신라시대의 효사상과 효문화 전개양상-유교의 효사상과 불교의 효문화를 중심으로-」,『한국사상과 문화』39,김익수,한국사상문화학회,2007.
「삼국유사에 나타난 효선사상」,『인문과학』3⋅4,민병하,성균관대학교 인문과학연구소,1974.
「『삼국유사』「효선」편 분석 연구」,『한자한문교육』21,엄선용,한국한자한문교육학회,2008.
「신라 불교에서의 효관념-『삼국유사』효선편을 중심으로-」,『동아연구』2,이기백,서강대학교 동아연구소,1983.

저서

『신라화엄사상사연구』, 김두진, 서울대학교 출판부, 2002.
『신라사상사연구』, 이기백, 일조각, 1986.

관련사이트

[http://db.history.go.kr/id/sy_005r_0040_0010_0030] 국사편찬위원회 한국사데이터베이스",,,,https://contents.history.go.kr/front/hm/view.do?levelId=hm_037_0040,사료로 본 한국사\items\hm_age_30_통일 신라와 발해\hm_ty_030_사회\hm_037_0040_진정법사 이야기.md
222,hm_age_30,통일 신라와 발해,hm_ty_030,사회,hm_038_0010,초적의 발생,통일 신라와 발해 > 사회 > 신라 말 농민들의 봉기 > 초적의 발생,"[원성왕 4년(788)] 가을에 나라 서쪽에 가뭄과 누리가 있고 도적이 많이 일어났으므로, 왕이 사신을 보내어 위로하고 안정시켰다.

『삼국사기

』권10, 「신라본기」10 원성왕 4년 추

[헌덕왕 11년(819)] 3월에 초적(草賊)이 사방에서 일어났으므로, 여러 주(州)와 군(郡)의 도독(都督)과 태수에게 명하여 붙잡게 하였다.

『삼국사기

』권10, 「신라본기」10 헌덕왕 11년 3월

秋, 國西, 旱蝗, 多盜賊, 王發使安撫之

『三國史記』卷10, 「新羅本紀」10 元聖王 4年 秋

三月, 草賊遍起, 命諸州郡都督太守, 捕捉之

『三國史記』卷10, 「新羅本紀」10 憲德王 11年 3月

이 사료는 신라 하대로 들어와 계속되는 중앙 정치의 불안과 자연재해 등으로 민심이 동요하면서 초적(草賊)이 발생하게 된 상황을 전한다. ‘초적’이라는 말은 『삼국사기

』 헌덕왕(憲德王) 11년(819) 3월조 기사에 처음 등장한다.

신라 중대 말에 이르면 중앙 귀족들의 권력 다툼으로 인한 정치 세력의 분열과 지배층의 사치와 방탕으로 재정이 고갈되면서 국가 전반에 걸쳐 위기가 계속됐다. 더구나 하대에 들어서면서 잦은 왕위 쟁탈전과 이와 관련한 반란으로 신라의 왕경뿐만 아니라 전국이 혼란과 위험 상황으로 빠져들었다. 그리고 싸움에서 실패한 정치 세력이 지방으로 물러나 거주하는 사례도 늘어 갔다.

여기에 가뭄과 홍수 등 계속된 자연재해로 기근이 자주 발생하고 전염병까지 유행하면서 백성들의 생활은 더욱 어렵게 되어 갔지만 조정은 속수무책이었다. 농업 생산량은 극도로 감소되었지만 향락과 사치에 빠진 중앙 정부와 지배층은 조세를 더욱 독촉하였다. 그 결과 이를 견디지 못하고 조세를 거부하거나 다른 지역으로 유망하는 백성이 늘어 갔다. 그리고 이들은 점차 소극적인 유망민에서 벗어나 적극적인 농민 반란군, 즉 초적으로 변해 난을 일으켰다.

유망민은 대부분 농민으로서, 초기에 그들은 원래 살던 곳에서 도망하여 먹고 살기 위해서 이곳저곳을 떠돌아 다녔다. 그러나 생활은 계속 악화되어 가족이 뿔뿔이 흩어지거나 굶어죽는 자가 속출하였고, 경제적인 곤궁을 이기지 못하고 승려나 상인으로 직업을 바꾸어 생계를 꾸려 나가거나, 재력을 가진 자에게 몸을 팔아 노비가 되는 경우도 발생하였다.

또한 산 속이나 섬으로 들어간 유망민도 있었는데, 이들은 도적⋅초적이 되어 공동 집단생활을 하면서 점차 규모를 키워 나갔다. 이들은 무장을 하고 마치 중국의 황건적(黃巾賊)처럼 복장을 특이하게 하는 방법 등으로 스스로를 다른 무리와 구분하며 세력을 확대해 나갔다. 예컨대 진성여왕(眞聖女王, 재위 887~897) 대에 ‘붉은 바지를 입은 무리’라는 의미의 ‘적고적(赤袴賊)’이 있었는데, 이들은 동쪽으로 진격하여 신라의 수도인 경주

서남 방면까지 진격할 정도로 기세를 보였다. 이들 초적이 된 유망민은 다른 농민 반란군에 흡수되거나, 보다 크고 강력한 집단에 편입되어 그 집단의 군사적 세력 기반이 되어 갔다.

이 글의 내용은 집필자의 개인적 견해이며, 국사편찬위원회의 공식적 견해와 다를 수 있습니다.

참고문헌

논문

「고려 건국기 유이민의 양상」,『한국중세사논총-이수건교수정년기념-』,김창겸,간행위원회 편,2000.
「9세기 신라사 이해의 기본과제-왜 신라는 농민반란의 일격으로 쓰러졌는가?-」,『신라문화』26,이기동,동국대학교 신라문화연구소,2005.
「신라말 농민반란의 배경에 대한 일시론」,『한국고대사연구』7,조인성,한국고대사학회,1994.
「나말 선사들과 사회제세력과의 관계-진덕여왕대의 농민반란에 주목하여-」,『사총』30,추만호,고려대학교 사학회,1986.

저서

『태봉의 궁예정권 연구』, 조인성, 푸른역사, 2007.
『고려시대의 국가와 지방사회』, 채웅석, 서울대학교출판부, 2000.
『통일신라시대의 지방세력연구』, 최근영, 신서원, 1990.

편저

「신라 하대사회의 동요」, 최병헌, 국사편찬위원회 편, 1976.

관련사이트

[http://db.history.go.kr/id/sg_010r_0020_0220] 국사편찬위원회 한국사데이터베이스

[https://www.history.go.kr/contents/contentsPage.do?groupId=000000000571&menuId=000000000574&pageId=000000000213]
저작권 정책

[https://www.history.go.kr/contents/contentsPage.do?groupId=000000000931&menuId=000000000992&pageId=000000000541]
데이터 개방

[https://www.history.go.kr/contents/contentsPage.do?groupId=000000000571&menuId=000000000572&pageId=000000000211]
개인정보처리방침

13809 경기도 과천시 교육원로 86 국사편찬위원회

COPYRIGHT © NATIONAL INSTITUTE OF KOREAN HISTORY ALL RIGHT RESERVED.",,,,https://contents.history.go.kr/front/hm/view.do?levelId=hm_038_0010,사료로 본 한국사\items\hm_age_30_통일 신라와 발해\hm_ty_030_사회\hm_038_0010_초적의 발생.md
223,hm_age_30,통일 신라와 발해,hm_ty_030,사회,hm_038_0020,원종과 애노의 봉기,통일 신라와 발해 > 사회 > 신라 말 농민들의 봉기 > 원종과 애노의 봉기,"[진성왕] 3년(889) 나라 안의 여러 주(州)⋅군(郡)에서 공물과 조세를 보내지 않아 나라의 창고가 텅 비어 나라의 씀씀이가 궁핍하게 되었으므로 왕이 사자를 보내 독촉하였다. 이로 말미암아 도적들이 곳곳에서 벌떼처럼 일어났다. 이에 원종(元宗)과 애노(哀奴) 등이 사벌주(沙伐州)를 근거지로 반란을 일으키자 왕이 나마(奈麻) 영기(令奇)에게 명하여 (이들을) 붙잡아 오도록 하였다. 영기가 적의 보루를 멀리서 바라보고는 두려워 앞으로 나아가지 못하였으나 촌주(村主)

우련(祐連)은 힘껏 싸우다가 죽었다. 왕이 칙명을 내려 영기의 목을 베고 나이 10여 세 된 우련의 아들에게 촌주

의 직을 잇게 하였다.

『삼국사기

』권11, 「신라본기」11 진성왕 3년

[眞聖王] 三年, 國內諸州郡不輸貢賦, 府庫虛竭, 國用窮乏, 王發使督促. 由是所在盜賊蜂起. 於是元宗⋅哀奴等㩀沙伐州叛, 王命奈麻令竒捕捉. 令竒望賊壘, 畏不能進, 村主祐連力戰死之. 王下勑斬令竒, 祐連子年十餘歲, 嗣爲村主.

『三國史記』卷11, 「新羅本紀」11 眞聖王 3年

이 사료는 889년(진성여왕 3년) 신라의 사벌주(沙伐州, 경상북도 상주)에서 일어난 원종(元宗)과 애노(哀奴)의 난에 대한 기록이다. 원종과 애노의 난은 신라의 멸망을 예고하는 농민 봉기라고 할 수 있는데, 이를 계기로 각지에서 반란이 계속되어 결국 신라가 해체되면서 후삼국으로 분열되었다.

중대의 전성기를 지나 하대로 접어들면서 신라는 왕위 계승을 둘러싼 진골 귀족 간의 잦은 분쟁으로 중앙 정부의 지방 통제력이 점차 약화되어 갔다. 여기에 귀족 및 사원의 토지 겸병 확대로 일반 농민은 점차 토지로부터 유리되어 갔으며, 잦은 기근으로 말미암아 유망하거나 초적(草賊)이 되는 백성의 수도 늘어 갔다. 결과적으로 국가 경제의 기반인 농민층이 분해된 반면, 사치와 향락 풍조로 중앙 정부의 재정 수요는 계속 늘어 갔다. 이와 같은 정치⋅사회적 모순은 진성여왕 대에 극도에 달하여, 중앙 정부에 저항하는 농민들의 봉기가 연이어 일어나게 되었다. 그 시작이 된 것이 바로 원종과 애노의 반란이다.

원종과 애노의 반란은 889년(진성여왕 3년)에 있었던 조세의 독촉이 직접적인 발단이 되었다. 국고가 비고 재정이 궁핍하게 되자 중앙 정부는 관리를 파견해 조세를 독촉하였다. 이러한 조세 부담은 피지배층인 일반 농민에게 그대로 전가되었다. 그러나 이미 지배층의 수탈과 기근 등으로 생활이 피폐해질 대로 피폐해진 농민은 더 이상 참지 못하고 중앙 정부에 대항하여 일어났다.

원종과 애노의 난이 일어난 상주 지역은 삼국 시대부터 신라의 영역이었던 곳으로, 토지가 기름지고 수리 시설도 잘 구비되어 물산이 풍부한 곳이었다. 그럼에도 이 지역에서 농민들의 불만이 팽배하여 최초의 농민 반란이 일어났다는 사실은, 경주

와 가까운 이 지역에 대한 신라 정부와 귀족들의 침탈이 극심하였음을 반영하는 것이다. 또한 이곳은 김헌창(金憲昌, ?~822)이 난을 일으켰을 때

에도 동조한 것으로 보아, 지배층의 수탈로 인해 중앙 정부에 대한 반감이 오래 전부터 발생했었음을 알 수 있다.

반란이 일어나자 중앙 정부는 난을 진압하고자 나마(奈麻) 영기(令奇, ?~889)를 파견하였다. 그러나 영기는 두려워 앞으로 나가지도 못하였고, 도리어 촌주(村主)

인 우련(祐連, ?~889)이 힘껏 싸우다가 전사하였다. 이와 같이 중앙에서 군대를 파견하였음에도 제압하지 못하고 촌주

가 전사하기까지 한 것으로 보아 당시 반란 세력이 상당한 규모였음을 짐작할 수 있다.

원종과 애노의 반란이 성공하였는지, 중앙군에 의해서 진압되었는지는 기록에 나타나지 않아 알 수 없다. 그러나 이들의 봉기에 자극을 받은 지방 세력들이 각지에서 연이어 반란을 일으키면서 전국은 전장으로 변해 갔다. 북원(北原, 강원도 원주)의 양길(梁吉), 양길의 부하가 된 궁예(弓裔, ?~918)

, 죽주(竹州, 경기도 안성시 죽산)의 기훤(箕萱), 완산(完山, 전라남도 전주)의 견훤(甄萱, 867~936)

세력 등이 대표적인 예이다. 결국 중앙 정부의 조세 징수에 저항하며 일어난 최초의 농민 봉기인 원종과 애노의 난은 지방 호족 세력의 형성에 커다란 영향을 미쳤으며, 신라가 쇠퇴하고 후삼국 시대가 열리는 단초가 되었다.

이 글의 내용은 집필자의 개인적 견해이며, 국사편찬위원회의 공식적 견해와 다를 수 있습니다.

참고문헌

논문

「신라⋅고려의 왕조교체와 군현제의 변화」,『신라말 고려초의 정치사회변동』,김갑동,한국고대사연구회 편, 신서원,1994.
「후삼국시기의 지배세력의 성격에 대하여」,『이상백박사회갑기념논총』,김철준,간행위원회 편, 을유문화사,1964.
「9세기 신라사 이해의 기본과제-왜 신라는 농민반란의 일격으로 쓰러졌는가?-」,『신라문화』26,이기동,동국대학교 신라문화연구소,2005.
「나말여초 사회변동과 후삼국」,『한국중세사연구』29,이인재,한국중세사학회,2010.
「신라하대 농민들의 특징」,『International Journal of Korean History』1,이정신,고려대학교 민족문화연구원,2000.
「신라말 농민반란의 배경에 대한 일시론」,『한국고대사연구』7,조인성,한국고대사학회,1994.

저서

『신라하대 정치사 연구』, 권영오, 혜안, 2011.
『신라의 멸망과 경문왕가』, 전기웅, 혜안, 2010.
『태봉의 궁예정권』, 조인성, 푸른역사, 2007.

편저

「신라 하대의 농민항쟁」, 전덕재, 한길사, 1994.

관련사이트

[http://db.history.go.kr/id/sg_011r_0070_0130] 국사편찬위원회 한국사데이터베이스",,,,https://contents.history.go.kr/front/hm/view.do?levelId=hm_038_0020,사료로 본 한국사\items\hm_age_30_통일 신라와 발해\hm_ty_030_사회\hm_038_0020_원종과 애노의 봉기.md
224,hm_age_30,통일 신라와 발해,hm_ty_030,사회,hm_038_0030,진성여왕대의 혼란과 전란,통일 신라와 발해 > 사회 > 신라 말 농민들의 봉기 > 진성여왕대의 혼란과 전란,"해인사묘길상탑기(海印寺妙吉祥塔記) 최치원(崔致遠) 지음

당나라 19대 황제

소종(昭宗, 재위 888~904)

가 중흥(中興)을 이루었을 때 전쟁과 흉년의 두 재앙이 서쪽에서 멈추어 동쪽에 와서, 나쁜 중에 더욱 나쁜 것이 없는 곳이 없고 굶어 죽고 싸우다 죽은 시체가 들판에 즐비하였다. 해인사의 별대덕(別大德)인 승훈(僧訓)이 이를 애통해 하더니 이에 도사(導師)의 힘을 베풀어 미혹한 무리의 마음을 이끌어 각자 벼 한 줌을 내게 하여 함께 옥돌로 삼층을 쌓았다. 그 발원 법륜의 계도(戒道)는 크게 보아 호국을 으뜸으로 삼으니, 이중에서 특별히 억울하게 죽어 고해(苦海)에 빠진 영혼을 구해 올려 제사를 지내서 복을 받음이 영원히 그치지 않고 이에 있도록 함이다.

때는 건녕(乾寧) 2년(895, 진성여왕 9년) 7월 16일에 적는다.

대장(大匠)은 승려 난교(蘭交)이다.

(음기(陰記))

건녕(乾寧) 2년 을묘년(乙卯年) 7월의 운양대(雲陽臺) 길상탑기(吉祥塔記)

석탑은 3층으로 전체 높이가 1장 3척이다. 전체 비용은 황금 3푼, 수은 11푼, 구리 5정, 철 260칭, 숯 80섬이다. 만든 비용이 모두 조(租) 120섬이다.

장사(匠士)는 승려 난교와 승려 청유(淸裕)이고, 부장사(副匠士)는 거불(居弗)과 견상(堅相)과 구조(具祖)이다.

담당 유나(維那)

절에서 재(齋)의 의식을 지휘하는 소임. 또는 그 담당자

는 승려 성유(性幽)와 승려 인정(忍淨)과 걸사(乞士)

비구(比丘

석의(釋宜)이다.

해인사 묘길상탑기

海印寺妙吉祥塔記. 崔致遠撰.

唐十九帝 中興之際 兵凶二災 西

歇東來 惡中惡者 無處無也. 餓殍

戰骸 原野星排 粵有海印寺別大

德僧訓 衋傷痛于是 乃用施導師

之力 誘狂衆之心 各捨芧實一科

共成珉甃三級 其願輪之戒道也

大較以護國爲先 就是中 特用拯

拔 寃橫沈淪之魂識 禴祭受福 不

朽在玆 時乾寧二年申月旣望記

大匠 僧蘭交

(陰)

寧二卯年相月 雲陽臺 吉祥塔記

石塔三層 都高一丈三尺

都費 黃金三分 水銀十一分 銅五鋌

鐵二百六十秤 炭八十石 作造料幷租百廿石

匠士 僧蘭交

僧淸裕

副 居弗 堅相

具祖

勾當維那

僧性幽

僧忍淨

乞士釋宜

海印寺 妙吉祥塔記

이 사료는 최치원(崔致遠, 857~?)이 신라 진성여왕(眞聖女王, 재위 887~897) 9년(895) 7월 전란에서 사망한 원혼의 명복을 빌기 위해 삼층석탑을 세운다는 내용이 새겨진 비문이다. 모두 4개의 전판(塼板)으로 이루어졌는데 895년에 조성되어 해인사 부근의 석탑에서 나온 일괄 유물이기 때문에 일반적으로 「해인사묘길상탑기(海印寺妙吉祥塔記)」로 불린다. 그 각각은 「해인사묘길상탑기」, 「운양대길상탑기(雲陽臺吉祥塔記)」, 「백성산사길상탑중납법침기(百城山寺吉祥塔中納法賝記)」, 「오대산사길상탑사(五臺山寺吉祥塔詞)」, 「곡치군(哭緇軍)」, 「해인사호국삼보전망치소옥자(海印寺護國三寶戰亡緇素玉字)」 등이다. 해인사 탑지의 찬자는 최치원이고, 오대산사 탑지의 찬자는 승훈(僧訓)이다.

이 탑지들은 신라 말기 지방 세력의 동향을 추정하게 하고, 또한 사찰을 중심으로 한 승군(僧軍)의 활약을 확인하는 자료이기도 하다. 그리고 신라 말기에 성행하던 조탑(造塔) 신앙과 조탑과 관련한 경전도 확인할 수 있다. 해인사 탑지 가운데 제1판은 길상탑을 건립하는 원문과 건립 자원(資源) 및 건립 집단에 대한 내용이 담겨 있고, 제2판은 전망자(戰亡者) 명단이 나열되어 있다. 오대산사 탑지에는 ‘곡치군’이라는 제목으로 서문과 탑사가 실려 있고, 백성산사 탑지에는 탑에 봉안한 법침(法賝)의 목록이 적혀 있다.

진성여왕 때에 해인사 부근에서 치열한 전란이 있었고, 이 전란에서 사망한 승군(僧軍)들의 넋을 위로하고자 탑을 만들었는데, 이것이 운양대에 세운 탑에 쓴 탑지이다. 이밖에 따로 승군의 이름을 적어 넣은 전판이 있어 해인사 묘길상탑의 이름을 딴 자료는 모두 2매이다. 그런데 오대산사와 백성산사에도 길상탑을 세우고자 했으나 현실적 사정으로 여의치 못하여 이 2매의 탑지도 해인사 길상탑에 안치하였던 듯하다. 그리하여 이들 4매 모두 해인사 탑에 봉안된 것이다. 그리고 오대산사 탑지를 지은 승훈은 해인사 탑지를 조성한 인물로 나오므로, 이 오대산사는 강원도 오대산이 아닌 해인사 근처의 오대산사(혹은 청량사(淸凉寺))로 생각된다. 백성산사도 마찬가지로 해인사 부근의 절이었을 것이다.

이 자료들은 신라 말의 구체적인 사회상을 생생하게 전해 준다. “나쁜 중에 나쁜 것이 없는 곳이 없고 굶어 죽고 싸우다 죽은 시체가 들판에 즐비하였다.” 혹은 “사람들이 향배를 잊고 행동하는 것이 난폭한 맹수와 같다.” 등의 표현은 당시 신라의 참혹한 상황을 구체적으로 말해 준다.

이렇듯 신라 사회가 전란에 빠져든 것은 889년(진성여왕 3년) 무렵으로 곳곳에서 초적(草賊)이 난무하였다. 불교 사원 또한 초적의 약탈과 전란을 피하지 못하였다. 탑지에서 보이는 “맹수들이 10년간 승려를 괴롭혔다.”라던가 “불법(佛法)이 다시 멈추었다.”라는 표현들은 사원과 승려들이 겪은 피해의 면면을 잘 보여 준다. 해인사는 승려와 속인을 포함하는 자체 무장력을 갖추고 초적들의 약탈을 막아 내고자 하였다. 그리고 사원을 지키다 희생된 이들의 원혼을 달래기 위해 895년 길상탑을 세우고 탑기를 작성하였던 것이다. 「해인사호국삼보전망치소옥자」에는 56명에 달하는 사망자의 명단이 열거되어 있다. 한편으로 이는 신라 말에 이미 승군이라는 조직이 존재했음을 말해 주는 것이기도 하다. 초적의 활동은 890년대 중반부터 토착 유력자들이 자위 조직을 갖추고 그 지역에 대한 통제력을 강화해 가면서 수그러들기 시작하였다.

이 글의 내용은 집필자의 개인적 견해이며, 국사편찬위원회의 공식적 견해와 다를 수 있습니다.

참고문헌

논문

「9세기 후반의 해인사와 신라 왕실의 후원」,『신라문화』28,김상현,동국대학교 신라문화연구소,2006.
「최고운의 환국시기⋅귀로와 길상탑기에 대하여」,『어문학』31,서수생,한국어문학회,1974.
「최치원의 화엄승전 찬술과 해인사의 화엄사상」,『신라사학보』창간호,장일규,신라사학회,2004.
「신라하대 해인사와 화엄종」,『한국사연구』49,최원식,한국사연구회,1985.
「해인사전권과 묘길상탑기」,『역사와 현실』24,하일식,한국역사연구회,1997.

저서

『가야산 해인사지』, 이지관, 가산문고, 1992.
『한국고대사의 연구』, 이홍직, 신구문화사, 1971.

편저

『사료로 본 한국문화사-고대편』, 김철준⋅최병헌 공편, 일지사, 1986.
『해인사』, 이재창 외, 대원사, 2006.

관련사이트

[http://contents.history.go.kr/id/ki_030_05200] 국사편찬위원회 우리역사넷 한국사 이미지 자료

[http://db.history.go.kr/id/gskh_005_0060_0110_0010] 국사편찬위원회 한국사데이터베이스",,,,https://contents.history.go.kr/front/hm/view.do?levelId=hm_038_0030,사료로 본 한국사\items\hm_age_30_통일 신라와 발해\hm_ty_030_사회\hm_038_0030_진성여왕대의 혼란과 전란.md
