이름,링크
e뮤지엄(국립경주박물관),https://contents.history.go.kr/front/ki/viewAjax.do?levelId=ki_020_13600&whereStr=
e뮤지엄(국립국악원),https://contents.history.go.kr/front/ki/viewAjax.do?levelId=ki_050_08500&whereStr=
e뮤지엄(국립부여박물관),https://contents.history.go.kr/front/ki/viewAjax.do?levelId=ki_020_08800&whereStr=
e뮤지엄(국립전주박물관),https://contents.history.go.kr/front/ki/viewAjax.do?levelId=ki_050_07100&whereStr=
e뮤지엄(국립중앙박물관),https://contents.history.go.kr/front/ki/viewAjax.do?levelId=ki_040_01100&whereStr=
e뮤지엄(국립청주박물관),https://contents.history.go.kr/front/ki/viewAjax.do?levelId=ki_010_00600&whereStr=
e뮤지엄(국립춘천박물관),https://contents.history.go.kr/front/ki/viewAjax.do?levelId=ki_060_15450&whereStr=
국가기록원,https://contents.history.go.kr/front/ki/viewAjax.do?levelId=ki_060_25500&whereStr=
국가유산청 궁능유적본부,https://contents.history.go.kr/front/ki/viewAjax.do?levelId=ki_060_12410&whereStr=
국립경주박물관,https://contents.history.go.kr/front/ki/viewAjax.do?levelId=ki_020_11450&whereStr=
국립고궁박물관,https://contents.history.go.kr/front/ki/viewAjax.do?levelId=ki_040_17600&whereStr=
국립공주박물관,https://contents.history.go.kr/front/ki/viewAjax.do?levelId=ki_020_04300&whereStr=
국립민속박물관,https://contents.history.go.kr/front/ki/viewAjax.do?levelId=ki_040_17500&whereStr=
국립중앙도서관,https://contents.history.go.kr/front/ki/viewAjax.do?levelId=ki_050_09800&whereStr=
국립중앙도서관 신문아카이브,https://contents.history.go.kr/front/ki/viewAjax.do?levelId=ki_070_07900&whereStr=
국립청주박물관,https://contents.history.go.kr/front/ki/viewAjax.do?levelId=ki_010_03850&whereStr=
국립한글박물관,https://contents.history.go.kr/front/ki/viewAjax.do?levelId=ki_060_16100&whereStr=
문화재청,https://contents.history.go.kr/front/ki/viewAjax.do?levelId=ki_020_16300&whereStr=
문화재청 국가문화유산포털,https://contents.history.go.kr/front/ki/viewAjax.do?levelId=ki_010_00200&whereStr=
문화재청 국립문화유산포털,https://contents.history.go.kr/front/ki/viewAjax.do?levelId=ki_050_09400&whereStr=
문화재청 덕수궁관리소,https://contents.history.go.kr/front/ki/viewAjax.do?levelId=ki_060_12400&whereStr=
미국국립문서기록관리청,https://contents.history.go.kr/front/ki/viewAjax.do?levelId=ki_070_51800&whereStr=
