review_status,suggested_label,review_note,ml_sequence_index,round_no,question_no,problem_id,actual_label,predicted_label,era,original_topic,topic_train,question_type,question_subtype,core_concept,text_preview,is_correct
,,,10,47,10,cj_v41_0009,사건,정치,삼국 시대,사건,사건,역사 자료의 분석 및 해석,자료 기반 시대·대상 추론,가 후백제,"우리 박물관에서는 전주 동고산성 발굴 특별 전시회를 개최합니다. 동고산성에서는 '전주성' 명문 수막새 등 견훤이 세운 (가)와 관련된 유물이 출토되었다. 이번 전시회를 통해 후당, 오월과 교류한 (가)의 모습을 살펴볼 수 있을 것이다. - 기간: 2020년 ○○월 ○○일 ~ ○○월 ○○일 - 장소: △△ 박물관 특별 전시실 (가) 국가에 대한 설명으로 옳은 것은? [키워드] 견훤 [Core Concept] 가 후백제",False
,,,12,47,12,cj_v41_0011,제도,정치,남북국 시대,제도,제도,연대기의 파악,전후 시기 판단,고려 시대,"벽란정은 예성항 연안에 있으며, 개경에서 30리 떨어져 있다. 사신(使臣)의 배가 연안에 닿으면 군사들이 금고(金鼓)를 울리며 조서(詔書)를 맞아 인도하여 벽란정에 들어간다. 벽란정은 두 채로 되어 있는데, 서쪽의 것은 우벽란정이라 부르며 조서를 봉안하고, 동쪽의 것은 좌벽란정이라 부르며 정사·부사를 접대한다. …… 사신이 개경으로 들어가면 그들이 타고 온 배들은 예성항 내에 정박하게 되므로 뱃사람은 순서를 정해 이곳에서 배를 지킨다. 다음 자료의 상황이 ...",False
,,,20,47,20,cj_v41_0018,제도,문화,고려,제도,제도,역사 탐구의 설계 및 수행,자료 수집·검색 방법,향교,"역사 통합 검색 백과사전 검색 결과 조선 시대에 유학 교육을 위해 지방에 설립된 교육 기관이다. 대부분 관아 가까운 곳에 있었으며, 대성전 중심의 제사 공간과 명륜당 중심의 강학 공간으로 이루어졌다. 입학 정원은 고을의 위상과 크기에 따라 달랐으며, 학생들은 소학과 사서오경을 주로 배웠다. 다음 검색창에 들어갈 교육 기관에 대한 설명으로 옳은 것은? [키워드] 조선 교육 [Core Concept] 향교",False
,,,25,47,25,cj_v41_0023,정치,문화,고려,사회,정치,연대기의 파악,전후 시기 판단,조선 후기,"경상도 향촌의 오래되고 유력한 가문은 구향이라 불렸고, 새롭게 성장한 세력은 신향이라 불렸다. 이들은 향교와 서원 운영, 향촌 지배권을 둘러싸고 자주 대립하였다. 다음 상황이 나타난 시기에 볼 수 있는 모습으로 적절한 것을 ＜보기＞에서 고른 것은? [키워드] 향교 서원 향촌 [Core Concept] 조선 후기",False
,,,31,47,31,cj_v41_0028,사건,정치,조선,사건,사건,역사 지식의 이해,기본 사실·개념 확인,황쭌쉔,"현재 조선에 가장 시급한 외교 사안이 무엇이라고 생각하십니까? 러시아를 막는 것이다. 이를 위해서는 중국을 가까이하고, 일본과 관계를 공고히 하며, 미국과 연계하여 자강을 도모해야 합니다. - 황준헌, 조선책략 - 다음 가상 대화 이후 전개된 사실로 옳은 것을 ＜보기＞에서 고른 것은? [키워드] 조선책략 황준헌 조선 외교 [Core Concept] 황쭌쉔",False
,,,52,48,2,cj_v41_0048,정치,문화,삼국 시대,정치,정치,역사 자료의 분석 및 해석,자료 기반 시대·대상 추론,이 나라'가 고구려,"이 나라에는 상가, 대로, 패자, 고추가, 주부, 우태, 승, 사자, 조의, 선인 등의 관등이 있었다. 제가들이 회의를 열어 중대한 일을 결정하였고, 범죄자는 즉시 처벌하였다. - 삼국지 동이전 - ‘이 나라’에 대한 설명으로 옳은 것은? [키워드] 이 나라'가 고구려 [Core Concept] 이 나라'가 고구려",False
,,,72,48,22,cj_v41_0067,인물,사건,조선,인물,인물,역사 자료의 분석 및 해석,자료 기반 시대·대상 추론,이 전쟁'이 병자호란(1636,소현 세자께서 돌아가셨다네. 그런데 시신이 검은빛이었고 이목구비에서 모두 피가 출러 나왔다는군. 이 전쟁에 패하여 청에 인질로 갔다가 8년 만에 돌아오실 때도 건강하셨던 세자께서 어찌 두 달 만에 그리되셨는가? ‘이 전쟁’ 중에 있었던 사실로 옳은 것은? [키워드] 전쟁 [Core Concept] 이 전쟁'이 병자호란(1636,False
,,,83,48,33,cj_v41_0078,사건,제도,조선,사건,사건,연대기의 파악,사건·자료 순서 배열,갑오개혁,(가) 1. 지금부터는 국내외의 공사(公私) 문서에 개국기년(開國紀年)을 쓴다. 1. 과부가 재혼하는 것은 귀천을 막론하고 자신의 의사대로 하게 한다. 1. 공노비와 사노비에 관한 법을 일체 혁파하고 사람을 사고파는 일을 금지한다. (나) 이번 단발은 위생에 이익이 되고 일을 할 때 편하기 위하여 우리 성상 폐하께서 정치 개혁과 국가의 부강함을 도모하고자 솔선하여 표준을 보이심이라. 무릇 우리 대조선국 인민은 이와 같은 성의를 본받되 의관 제도는 다음과 같...,False
,,,121,49,21,cj_v41_0116,정치,사건,조선,군사,정치,연대기의 파악,사건·자료 순서 배열,임진왜란,주제: 임진왜란 때 수군의 활약 욕포에서 26칙의 적선은 걱파하는 전과루 올렉어 견내량에 머로민 왜군을 한산도 앞바다로 유인하여 학익진 전술을 펼쳐 물리워어 10여 척의 배로 명량에서 대승은 거두없어 (가) (나) (다) (가)~(다) 학생이 발표한 내용을 일어난 순서대로 옳게 나열한 것은? [키워드] 임진왜란 한산도 [Core Concept] 임진왜란,False
,,,200,50,50,cj_v41_img_50_50,사건,정치,현대,사건,사건,역사 자료의 분석 및 해석,자료 기반 시대·대상 추론,광주 대단지 사건,"신문 기사: 광주 대단지 주민 5만여 명, 대규모 시위 다음 기사의 사건이 일어난 정부 시기의 통일 정책으로 옳은 것은? [키워드] 통일 사건 [Core Concept] 광주 대단지 사건",False
,,,208,51,8,cj_v41_0199,제도,인물,남북국 시대,제도,제도,역사 자료의 분석 및 해석,자료 기반 시대·대상 추론,해동성국이라,해외 소재 우리 문화유산 일본 편 함화 4년명 불비상 사진은 해동성국이라 불렸던 (개 의 함화 4년명 불비상(佛碑像)이다. 아미타불을 중심으로 좌우에 보살상 등이 새겨져 있고 그 아래에는 비문이 있다. 비문은 함화 4년에 허왕부(許王府) 관리인 조문휴의 어머니가 불비상을 조성했다는 내용을 담고 있다. 이를 통해 독자적인 연호를 사용했던 (개 의 국왕이 '허왕' 등의 제후므 거느린 황제와 같은 위상을 가졌음을 알 수 있다 (가) 국가에 대한 설명으로 옳은 것...,False
,,,238,51,38,cj_v41_0227,사건,문화,일제 강점기,사건,사건,역사 자료의 분석 및 해석,자료 기반 시대·대상 추론,중명전,- 주소: 서울특별시중구정동길41-1 1 - 개방 시간: 09:30~17:30 (가)에 대한 설명으로 옳은 것은? [키워드] 중명전 [Core Concept] 중명전,False
,,,249,51,49,cj_v41_0238,사건,인물,현대,사건,사건,역사 자료의 분석 및 해석,자료 기반 시대·대상 추론,민주화 운동,노래로 읽는 한국사 임을위한행진곡 사랑도 명예도 이름도 남김없이 한평생 나가자던 뜨거운 행세 동지는 간에 없고 깃발만 나부껴 새날이 올 때가지 흔들리지 말자 세월은 흘러가도 산천은 안다 깨어나서 외치는 뜨거운 함성 앞서서 나가니 산 자여 따르라 [해설] 이 당시 계엄군에 맞서 시민군으로 활동하다 희생된 고(故) 윤상원과 광주에서 야학을 운영하다 사망한 고 박기순의 영혼 결혼식에 헌정된 노래이다. 1997년 (개 기념일이 정부 기념일로 지정된 이후 기념식에서...,False
,,,259,52,9,cj_v41_0246,정치,제도,삼국 시대,군사,정치,역사 자료의 분석 및 해석,자료 기반 시대·대상 추론,발해,"대무예가 대장 장문휴를 보내 수군을 거느리고 등주를 공격하였다. 당 현종은 급히 대문예에게 유주의 군사를 거느리고 반격하게 하고, 태복경 김사란을 보내 신라군으로 하여금 (가)의 남쪽을 치게 하였다. 날씨가 매우 추운 데다 눈이 한 길이나 쌓여서 군사들이 태반이나 얼어 죽으니, 공을 거두지 못하고 돌아왔다. (가) 국가에 대한 설명으로 옳은 것은? [키워드] 대무예 신라 현종 군사 [Core Concept] 발해",False
,,,274,52,24,cj_v41_0260,인물,문화,조선,인물,인물,연대기의 파악,전후 시기 판단,실학자,"우리나라 은화는 연경과의 무역에 모두 써버린다. 하늘이 낸 이 보화를 가지고 비단, 그릇, 사치품 따위를 멀리서 사들여 와 하루도 못 가서 소비해 버린다. 나라에서 생산하는 은이 부족한 까닭에 일본 은을 들여다가 간신히 채우려고 하지만 나라의 은이 모두 바닥이 난다. - 성호사설 - 다음 주장이 제기된 시기에 볼 수 있는 모습으로 적절한 것은? [키워드] 성호사설 무역 [Core Concept] 실학자",False
,,,280,52,30,cj_v41_0266,제도,정치,개항기,제도,제도,역사 자료의 분석 및 해석,자료 기반 시대·대상 추론,영선사,이달의 오전 1050 58% 음청사는 (가) 로 청에 파견된 김윤식이 쓴 일기이다. 당시 청의 정치 - 경제 - 외교 - 문화 실상은 물론 이홍장과 나눈 대담 등이 기록되어 있어 근대사 음청사 연구에 도움이 되고 있다 (가) 사절단에 대한 설명으로 옳은 것은? [키워드] 경제 외교 [Core Concept] 영선사,False
,,,283,52,33,cj_v41_0269,문화,인물,삼국 시대,문화,문화,역사 탐구의 설계 및 수행,탐구 주제·활동 선정,위치한,"답사 자료집 우리 고장 탐방 [동고산성] 견훤이 세운 후백제와의 관련성을 짐작하게 해 주는 수막새 등이 출토되었다. [경기전] 태조 이성계의 어진을 모셨던 곳이며, 그 옆에는 실록을 보관하던 사고가 있었다. 다음 답사 지역에 대한 탐구 활동으로 가장 적절한 것은? [키워드] 후백제 이성계 백제 견훤 태조 활동 [Core Concept] 위치한",False
,,,292,52,42,cj_v41_0278,정치,제도,조선,정치,정치,연대기의 파악,전후 시기 판단,민족 말살 통치,"이 문서에는 국가 총동원법을 위반했다는 죄목으로 벌금이 부과된 사실이 기록되어 있다. 일제는 중일 전쟁 이후 침략 전쟁을 확대하던 시기에 이 법을 근거로 전쟁에 필요한 인적- 물적 자원을 ! 수달하고, 국민의 일상생활까지 통제하였다. 국가 총동원법 위반 벌금 1%엔 ‘시기’에 볼 수 있는 모습으로 적절한 것은? [키워드] 국가총동원법 일제 전쟁 [Core Concept] 민족 말살 통치",False
,,,302,53,2,cj_v41_0288,정치,문화,초기 국가,정치,정치,역사 자료의 분석 및 해석,자료 기반 시대·대상 추론,소도,이 나라에는 제사장인 천군과 신성 지역인 소도가 존재했어. 5월과 10월에 하늘에 제사 지내는 풍습도 있었다. ‘이 나라’에 대한 설명으로 옳은 것은? [키워드] 소도 천군 [Core Concept] 소도,False
,,,311,53,11,cj_v41_0296,인물,제도,고려,인물,인물,역사 자료의 분석 및 해석,자료 기반 시대·대상 추론,고려의 어사대,"시정(時政)을 논박하고 풍속을 교정하며 규찰과 탄핵 업무를 담당하였다. 국초에는 사헌대(司憲臺)라 불렸다. 성종 14년에 (가) (의로 고쳤으며 [관원으로] 대부, 중승, 시어사, 전중(殿中)시어사, 감찰어사가 있었다. - 고려사 (가) 기구에 대한 설명으로 옳은 것은? [키워드] 고려 성종 풍속 [Core Concept] 고려의 어사대",False
,,,312,53,12,cj_v41_0297,제도,인물,고려,제도,제도,역사 자료의 분석 및 해석,자료 기반 시대·대상 추론,고려 공민왕,이곳에는 끄과 그의 왕비인 노국 대장 공주의 영정이 봉안되어 있습 니다. 조선의 종묘에 고려 왕의 신당이 조성되었다는 점이 특이합니다. 이 왕은 기철 등 친원 세력을 숙청하고 정동행성 이문소를 폐지하였다. ‘이 왕’의 정책으로 옳은 것은? [키워드] 고려 조선 기철 [Core Concept] 고려 공민왕,False
,,,313,53,13,cj_v41_0298,사건,정치,고려,사건,사건,역사 자료의 분석 및 해석,자료 기반 시대·대상 추론,거란,"(가) 임금이 강조를 토벌한다는 구실로 친히 군사를 거느리고 와서 홍화진을 포위하였다. 양규는 도순검사가 되어 성문을 닫고 굳게 지켰다. (가) 이/가 강조의 편지를 위조하여 홍화진에 보내어 항복하라고 설득하였다. 양규가 말하기를, “나는 왕명을 받고 온 것이지 강조의 명령을 받은 것이 아니다. ”라고 하면서 항복하지 않았다 (가) 국가에 대한 고려의 대응으로 옳은 것은? [키워드] 고려 군사 [Core Concept] 거란",False
,,,324,53,24,cj_v41_0307,사건,문화,조선,사건,사건,연대기의 파악,전후 시기 판단,패설 소설,"가만히 살펴보니, 최근 여자들이 서로 다투어 즐겨하는 것이 오직 패설(稗說)*을 숭상하는 일이다. 패설은 날로 달로 증가하여 그 종류가 이미 엄청나게 되었다. 세책가에서는 패설을 깨끗이 필사하여, 빌려 보는 자가 있으면 그 값을 받아서 이익으로 삼는다. 부녀들은 …… [패설을] 서로 다투어 빌려다가 온종일 허비하니 음식이나 술을 어떻게 만드는지, 베를 어떻게 짜는지에 대해서도 모르게 되었다. - 연암집 - *패설(稗說): 민간에서 떠도는 이야기를 주제로 한...",False
,,,361,54,11,cj_v41_0342,제도,인물,고려,제도,제도,역사 자료의 분석 및 해석,자료 기반 시대·대상 추론,고려 성종,"왕이 “중앙의 5품 이상 관리들은 각자 봉사를 올려 시정( 拗의 잘잘못을 논하라.”라고 명령하였다. 최승로가 상소하였는데 대략 다음과 같은 내용이었다. “ 이제 앞선 5대 조정의 정치와 교회에 대해서 잘되고 잘못된 행적들을 기록하고, 거울로 삼거나 경계할 만한 것들을 삼가 조목별로 아뢰겠습니다. ------ 신이 또 시무(時務) 28조를 기록하여 장계와 함께 따로 봉하여 올립니다. ” 고려사절요 - ‘왕’의 업적으로 옳은 것은? [키워드] 고려 업적 [Co...",False
,,,367,54,17,cj_v41_0348,제도,정치,고려,제도,제도,연대기의 파악,전후 시기 판단,세우,"(가) 다루가치가 왕을 비난하면서 말하기를, “선지(宣旨)라 칭하고, 짐(朕)이라 칭하고, 사(赦)라 칭하니 어찌 이렇게 참람 합니까?”라고 하였다. ------ 이에 선지를 왕지(王旨)로, 짐을 (나) 왕이 시해딩하자 태후가 종실에서 [후사를] 골라 세우고자 하니, 시중 이인임이 백관을 거느리고 우왕을 세웠다. - 고려사 - (가), (나) 사이의 시기에 있었던 사실로 옳은 것은? [키워드] 세우 고려 [Core Concept] 세우",False
,,,424,55,24,cj_v41_0400,제도,인물,조선,제도,제도,역사 자료의 분석 및 해석,자료 기반 시대·대상 추론,왕'은 영조,이것은 이 왕이 농경을 장려하기 위해 세손과 더불어 경잠기이다. 그는 균역법을 제정하여 백성의 군역 부담을 줄여주는 등 민생 안정에 많은 노력을 기울였다. '이 왕'에 대한 설명으로 옳은 것은? [키워드] 균역법 백성 [Core Concept] 왕'은 영조,False
,,,437,55,37,cj_v41_0413,정치,사건,조선,외교,정치,역사 지식의 이해,기본 사실·개념 확인,상소,"일본이 러시아에 선전 포고한 이후 우리의 독립과 영토를 보전한다고 몇 번이나 말하였지만, 그것은 우리나라의 이익을 빼앗아 자지하려는 것이었습니다. ------ 지금 저들이 황실을 보전하겠다는 말을 폐하께서는 과연 믿으십니까? 지금까지 군주의 지위가 아직 바뀌지 않았고 백성도- 아직 죽지 않았으며 각국 공사도 아직 돌아가지 않았습니다. 그리고 조약서가 다행히 폐하의 인준과 참정의 인가를 받은 것이 아니니, 저들이 가지고 있는 것은 역적들이 억지로 만든 헛된 ...",False
,,,442,55,42,cj_v41_0418,정치,문화,조선,정치,정치,역사 자료의 분석 및 해석,자료 기반 시대·대상 추론,조선어학회,이것은 (가) 이/가 1933년에 만든 한글 맞춤법 통일안의 총론이다. 기관지 한글을 간행하고 외래어 표기법 통일안을 마련하는 등 (가) 단체에 대한 설명으로 옳은 것은? [키워드] 한글맞춤법통일안 통일 [Core Concept] 조선어학회,False
,,,471,56,21,cj_v41_0446,사건,정치,조선,사건,사건,연대기의 파악,연표·흐름 빈칸,현량과 실시,"0 중앙에서는 홍문관 육경 - 대간, 지방에서는 감사와 수령이 천거한 사람들을 한 곳에 모아 시험을 치르면 많은 인재를 얻을 수 있을 것이다. 이는 한(漢)에서 시행한 현량과의 뜻을 이은 것이다. 0 정국공신은 이미 10년이 지난 일이지만 허위가 많았습니다. 공신 기록을 유지-평이 홀로 맡아서 이렇게까지 외람되었다. 지금 파지 않으면 개정할 수 없을 것이다. 1494 1504 (가) 1545 을사 사화 1567 선조 즉위 1623 인조 반정 1659 연산군...",False
,,,488,56,38,cj_v41_0461,정치,사건,개항기,정치,정치,역사 자료의 분석 및 해석,자료 기반 시대·대상 추론,신민회,"이것은 평양에 있던 대성 학교의 교직원과 학생들을 촬영한 사진이다. 이 학교는 안창호, 양기탁 등이 조직한 (가)이/가 설립하였다. 〈보기〉 ㄱ. 태극 서관을 운영하였다. ㄴ. 105인 사건으로 와해되었다. ㄷ. 이륭양행에 교통국을 설치하였다. ㄹ. 입헌 군주제 수립을 목표로 하였다. (가) 단체에 대한 설명으로 옳은 것을 ＜보기＞에서 고른 것은? [키워드] 안창호 과학 사건 [Core Concept] 신민회",False
,,,494,56,44,cj_v41_0467,정치,사건,현대,정치,정치,역사 자료의 분석 및 해석,자료 기반 시대·대상 추론,광복군 정부,저는 지금 전로 한족회 중앙 총회가 개최된 건물 앞에 나와 있다. 이 단체는 이 지역에 거주한 한인들의 대표자 회의였다. 이 지역에서 전개된 민족 운동에 대해 올려 주세요. - 대한 국민 의회를 결성하였다요. - 대한 광복군 정부를 세웠어요. (가)에 들어갈 내용으로 옳은 것은? [키워드] 광복군 정부 광복 운동 [Core Concept] 광복군 정부,False
,,,502,57,2,cj_v41_0475,사건,문화,고조선,사건,사건,역사 자료의 분석 및 해석,자료 기반 시대·대상 추론,단군왕검,한국사 묻고 답하기 질문: 개천절에 대해 알려 주세요. 답변 - 단군왕검이 우리 역사상 최초의 국가인 이 나라를 건국한 것을 기리는 뜻으로 제정된 국경일이다. - 1909년에 대종교에서 개천일로 이름 짓고 기념한 것에서 유래되었다. - 매년 10월 3일에는 마니산 참성단에서 이 나라의 건국을 기념하는 행사가 거행됩니다. '이 나라'에 대한 설명으로 옳은 것은? [키워드] 단군왕검 대종교 단군 사상 종교 [Core Concept] 단군왕검,False
,,,532,57,32,cj_v41_0502,사건,인물,조선,사건,사건,역사 자료의 분석 및 해석,시각 자료 해석,역사적,"견- 탐구 활동 계획서 0학년 0반 이를 000 1. 주제: (가) 지역을 중심으로 본 조선의 대외 관계 2. 탐구 방법: 문헌 조사, 인터넷 검색 등 3. 탐구 내용 가. 대일 무역의 거점, 초량 왜관 나. 개항 이후 설정된 조계의 기능 다. 관세 문제로 일어난 두모포 수세 사건 원산 (가)에 해당하는 지역을 지도에서 옳게 찾은 것은? [키워드] 조선 개항 무역 지도 활동 사건 의거 [Core Concept] 역사적",False
,,,538,57,38,cj_v41_0508,사건,문화,개항기,사건,사건,연대기의 파악,전후 시기 판단,전차,"이 자료는 ㉠우리나라 최초의 전차가 개통된 해에 한성 전기 회사가 신문에 낸 안전 주의 사항이다. 낯선 교통수단인 전차의 운행으로 사고가 날 것을 우려하여 이러한 안내를 하였지만, 전차에 어린이가 치이는 등의 사고가 일어나 사회 문제가 되기도 하였다. *뎐거: 전차 ㉠ 시기에 볼 수 있는 모습으로 가장 적절한 것은? [키워드] 전차 한성전기회사 사회 [Core Concept] 전차",False
,,,545,57,45,cj_v41_0515,사건,정치,고조선,사건,사건,연대기의 파악,전후 시기 판단,38선,"(가) 본관(本官)은 본관에게 부여된1 태평양 미국 육군 최고 지휘관의 권한을 가지고 조선 북위 38도 이남의 지역과 주민에 대하여 군정을 설립함. 띠라서 점령에 관한 조건을 니음과 같이 포고다 제1조 조선 북위 38도 이남의 지역과 동 주민에 대한 모든 행정권은 당분간 본관의 권한하에서 시행한. (나) 대한민국 임시 정부는 28일 김구와 김규식의 명의로 '이국 원수에게 보내는 결의문을 채택하고, 각계 대표 70여 명으로 신탁 동치 만대 국민 총동원 위원회...",False
,,,550,57,50,cj_v41_img_57_50,제도,인물,현대,제도,제도,역사 자료의 분석 및 해석,자료 기반 시대·대상 추론,남북 관계와 통일 정책,수행 과제 안내문 과제: (가) 정부의 통일 노력 소개하기 안내: 제2차 남북 정상 회담을 개최한 (가) 정부의 통일 노력을 카드 뉴스로 제작해 봅시다. 주의 사항: 사진 자료는 공신력 있는 기관에서 수집할 것 예시: 남북 간의 교류와 협력을 위해 경의선 철도를 시험 운행하였다. (가) 정부의 통일 노력으로 옳은 것은? [키워드] 남북정상회담 남북 통일 [Core Concept] 남북 관계와 통일 정책,False
,,,553,58,3,cj_v41_0522,제도,사건,삼국 시대,제도,제도,역사 지식의 이해,기본 사실·개념 확인,나제 동맹,자네 들었는가? 백제의 동성왕이 사신을 보내 혼인을 청하셨다더군. 들었네. 우리 마립간께서 이벌찬 비지의 딸을 보내신다고 하네. 다음 상황이 전개된 배경으로 옳은 것은? [키워드] 마립간 백제 성왕 혼인 사신 [Core Concept] 나제 동맹,False
,,,560,58,10,cj_v41_0529,사건,문화,남북국 시대,사건,사건,연대기의 파악,전후 시기 판단,유행한,여기는 범일대사가 창건한 꿀산사가 있던 곳이야. 거대한 당간 지주는 이 절의 규모와 위상을 잘 보여주자 굴산사는 가지산문 개창 이후 선종 불교가 유행하던 이 시기에 창건되었다. '이 시기'에 있었던 사실로 옳은 것은? [키워드] 선종 불교 [Core Concept] 유행한,False
,,,572,58,22,cj_v41_0540,인물,사건,조선,인물,인물,연대기의 파악,전후 시기 판단,병자호란(1636,"(가) 왕에게 이괄 부자가 역적의 우두머리라고 고발한 자가 있었다. 왕은 반역은 아닐 것이라고 하면서도 이괄의 아들 이전을 잡아오라고 명하였다. 이에 이괄은 군영에 있던 장수들을 위협하여 난을 일으켰다. (나) 최명길을 보내 후금에 강화를 청하면서 그들의 진격을 늦추도록 하였다. 왕은 남한산성으로 향했고, 성안 백성의 통곡 소리가 하늘을 뒤흔들었다. (가), (나) 사이의 시기에 있었던 사실로 옳은 것은? [키워드] 백성 강화 [Core Concept] 병...",False
,,,574,58,24,cj_v41_0542,제도,인물,조선,제도,제도,역사 자료의 분석 및 해석,자료 기반 시대·대상 추론,영조,이것은 정인교의 서사시 「군정탄」이다. 이 작품에는 어린아이에게 군포를 부과하는 황구첨정 등의 폐단이 나타나 있다. 이러한 폐단을 해결하고자 이 왕은 균역청을 설치하고 양역 제도를 개선하였다. 남편은 세상을 떠났으나 뱃속에 아기가 있었지요. 그 아이가 장정으로 군적에 올라 군포를 바치라고 독촉하니 '이 왕'의 업적으로 옳은 것은? [키워드] 업적 제도 [Core Concept] 영조,False
,,,578,58,28,cj_v41_0546,사건,문화,개항기,사건,사건,연대기의 파악,전후 시기 판단,만동묘,창녕의 관산 서원 터에서 매주 시설이 발견되었다. 이 시설은 서원에 모셔져 있던 신주를 옹기에 넣고 기와로 둘러싼 뒤 묻은 것이다. 이번 발굴로 만동묘 철거 이후 서원을 철폐하던 시기에 신주를 어떻게 처리했는지 알 수 있게 되었다. '시기'에 있었던 사실로 옳은 것은? [키워드] 만동묘 서원 [Core Concept] 만동묘,False
,,,579,58,29,cj_v41_0547,인물,사건,개항기,인물,인물,역사 자료의 분석 및 해석,자료 기반 시대·대상 추론,동학 농민 운동,"에피소드 公 100% - *처 최신회부터 첫회부터 1 894, 녹두꽃 피고 지다 낡은 체제와 외세의 압박에 맞섰던 농민들, 그들이 이끈 변혁의 과정을 시간의 흐름에 따라 재구성해 본다 (가)에 들어갈 내용으로 가장 적절한 것은? [키워드] 이이 농민 [Core Concept] 동학 농민 운동",False
,,,586,58,36,cj_v41_0554,정치,사건,조선,정치,정치,역사 자료의 분석 및 해석,자료 기반 시대·대상 추론,단체가 의열단,검사: 폭탄을 구해 숨겨 놓은 이유가 무엇인가? 곽재기: 재작년 3월 이후로 조선 독립을 평화적으로 요청 했지만 아무 소용없었다. 그래서 우리는 상하이로 가서 육혈포와 폭탄을 구해 피로써 독립을 이루려고 하였다. 이성우: 폭탄으로 고위 관리를 죽이고 중요 건물을 파괴하여 독립을 쟁취하려고 하였다. 이것이 중국 지린성에서 김원봉과함께 (가) 을/를조직한 이유이다. - 1921년 6월 7일 밀양 폭탄 사건 공판 기록 - (가) 단체에 대한 설명으로 옳은 것은?...,False
,,,589,58,39,cj_v41_0557,정치,사건,남북국 시대,외교,정치,역사 자료의 분석 및 해석,자료 기반 시대·대상 추론,김규식,"우리는 조국 흥망의 관두(曰에서 이 위기를 극복하기 위해 오직 민족 자결 원칙에 의하여 조국의 남뿌통일과 민주 독립을 촉진해야 겠다. 우리 민족자주연맹 중앙집행위원회는 김구 선생과 김규식 박사의가인에 의하여 실현되는 남북 정치 협상을 전적으로 지지 하며, 아울러 그 성공을 위하여 적극적으로 협력할 것을 결의한다 관두: 가장 중요한 지점 다음 자료의 상황이 나타나게 된 배경으로 적절한 것은? [키워드] 김규식 의상 남북 통일 김구 협상 [Core Concep...",False
,,,598,58,48,cj_v41_0566,인물,문화,현대,인물,인물,역사 탐구의 설계 및 수행,탐구 주제·활동 선정,세시,"계절의 세시 풍속 푸른 새잎을 밟는 날, 답청절 강남 갔던 제비가 돌아온다는 봄의 시작을 알리는 날이다. 이날에는 들에 나가 푸른 새잎을 밟는 풍습이 있어 답청절이라고 부른다. - 날짜: 음력 3월 3일 - 음식: 화전, 쑥떡 - 풍속: 노랑나비 날리기, 활쏘기 다음 세시 풍속에 대한 탐구 활동으로 가장 적절한 것은? [키워드] 세시 풍속 활동 [Core Concept] 세시",False
,,,602,59,2,cj_v41_0570,인물,정치,고조선,인물,인물,역사 자료의 분석 및 해석,자료 기반 시대·대상 추론,고조선,"모시는 글 - 일시: 2022년 00월 00일 오후 3시 / 오후 7시 - 장소.- △△아트홀 우리 역사상 최초의 국가인 (가) 을/를 건국한 단군 왕검의 이야기가 뮤지컬로 탄생 하였다. -순서- 1막 횐웅이 신단수에 내려오다 2막 웅녀, 끔과 혼인하다 3막 단군왕검이 나라를 세우다 (가) 나라에 대한 설명으로 옳은 것은? [키워드] 단군왕검 단군 혼인 사상 [Core Concept] 고조선",False
,,,609,59,9,cj_v41_0576,제도,정치,삼국 시대,제도,제도,역사 자료의 분석 및 해석,자료 기반 시대·대상 추론,해동성국이라,이곳은 해동성국이라 불렸던 (가) 의 온돌 유적으로 함경남도 신포시 오매리에서 발견되었다. 이 유적에서는 열기가 지나가는 통로인 고래의 숫자를 늘려서 난방의 효율을 높였다는 사실을 확인할 수 있다. 이는 (가) 이/가 고구려의 온돌 양식을 계승하여 발전 시켰다는 사실을 잘 보여줍니다 (가) 국가에 대한 설명으로 옳은 것은? [키워드] 해동성국이라 해동성국 고구려 [Core Concept] 해동성국이라,False
,,,611,59,11,cj_v41_0578,인물,정치,고려,인물,인물,역사 지식의 이해,제도·기관·정책 기능 이해,숙종,신이 씨위因 진 이유는 적들은 기병인데 우리는 보병이라 대적할 수가 없었기 때문이다. 새로운 부대의 청실이 필요합니다. 그렇다면 그대의 의견대로 별무반을 상실하여 여진과 맞서도록 하라. 4 心 다음 대화에 등장하는 왕이 추진한 정책으로 옳은 것은? [키워드] 별무반 진한 여진 [Core Concept] 숙종,False
,,,637,59,37,cj_v41_0603,사건,정치,개항기,사건,사건,연대기의 파악,전후 시기 판단,즉위하여,별빛 석조전 야행 황제로 즉위한 고종이 부국강병을 위해 개혁을 추진하던 이 시기에 황궁의 정전으로 만들어 사용하고자 하였던 석조전에 초대합니다. 별빛이 내려앉은 석조전에서 색다른 정취를 느껴 보시기 바랍니다. 2022.○○.○○.~○○.○○. '이 시기'에 볼 수 있는 모습으로 적절한 것은? [키워드] 고종 즉위 개혁 [Core Concept] 즉위하여,False
,,,642,59,42,cj_v41_0608,사건,인물,일제 강점기,사건,사건,역사 탐구의 설계 및 수행,탐구 주제·활동 선정,가) 지역이 제주도,"역사를 품은 섬, (가) 다크 투어를 떠나볼까요? 답사 경로: 항파두리 항몽 유적 - 알뜨르 비행장 비행기 격납고 - 송악산 해안 동굴 진지 - 셋알 오름 일제 고사포 진지 일시: 매월 첫째 주 토요일 10시 출발 장소: 관덕정 앞 광장 유의 사항: 마스크, 도시락 지참 필수 ※ 다크 투어: 전쟁이나 테러, 인종 말살, 재난처럼 비극적인 역사의 현장을 방문하여 반성과 교훈을 얻는 여행. 역사 교훈 여행이라고 함. (가) 지역에 대한 탐구 활동으로 가장 적절...",False
,,,653,60,3,cj_v41_0619,문화,정치,선사 시대,문화,문화,역사 자료의 분석 및 해석,자료 기반 시대·대상 추론,수로왕,"국가문화유산포털 문화유산 검색: 김해 양동리 고분군 수로왕이 건국했다고 전해지는 (가)의 유적이다. 발굴 조사 결과 널무덤, 독무덤 등 600여 기의 유구와 토기, 청동기, 철기 등 5,200여 점에 이르는 유물이 출토되었다. (가) 나라에 대한 설명으로 옳은 것은? [키워드] 수로왕 청동기 널무덤 독무덤 철기 [Core Concept] 수로왕",False
,,,686,60,36,cj_v41_0651,사건,정치,개항기,사건,사건,역사 지식의 이해,기본 사실·개념 확인,전차,"제△△호 역사 신문 0000년 00월 00일 전차 운행 중 사망 사고 발생 오늘 종로 거리를 달리던 전차에 다섯 살 난 아이가 치여 죽는 사고가 발생하였다. 이를 목격한 사람들이 격노하여 전차를 부수 있고, 이어 달려오던 전차까지 전복시켜 파괴하고 기름을 뿌려 불태웠다. 동대문에서 성대한 개통식을 열고 전치를 운행한 지 한 달도 되지 않아 참혹한 사건이 발생한 것이다. 다음 기사가 보도된 이후의 사실로 옳은 것은? [키워드] 전차 사신 사건 [Core Co...",False
,,,694,60,44,cj_v41_0659,사건,제도,초기 국가,사건,사건,역사 자료의 분석 및 해석,자료 기반 시대·대상 추론,현행,오늘의 헌법은 그 개정의 발의권이 사실상 대통령에게만 속해 있는 것이다. 이에 우리 국민은 이와 같이 헌법 개정 발의권으로부터의 소외를 극복하고 우리들의 천부의 권리를 제시하는 방법으로 대통령에게 현행 헌법의 개정을 요구하는 100만인 청원 운들을 전개하는 비이다. 장준하 '현행 헌법'에 대한 설명으로 옳은 것은? [키워드] 현행 [Core Concept] 현행,False
,,,700,60,50,cj_v41_0665,정치,문화,조선,사회,정치,역사 자료의 분석 및 해석,자료 기반 시대·대상 추론,칠석,이곳은 남원 광한루원의 오작교이다. 조선 시대 남원 부사 장의국이 헤어져 있던 견우와 직녀가 오작교에서 만난다는 전설을 형상화하여 만들었습니다. 음력 7월 7일인 이날에는 여인들이 별을 보며 바느질 솜씨가 좋아지기를 비는 풍속이 있었다. '이날'에 해당하는 세시풍속으로 옳은 것은? [키워드] 조선 풍속 [Core Concept] 칠석,False
,,,712,61,12,cj_v41_0677,인물,사건,고려,인물,인물,연대기의 파악,연표·흐름 빈칸,천도,"문학으로 만나는 한국사 비 개인 긴 언덕에는 풀빛이 푸른데 남포에서 님 보내며 슬픈 노래 부르네 대동강 물은 그 언제 다할 것인가 이별의 눈물 해마다 푸른 물결에 더하는 것을 이 시의 제목은 '송인'이고, 고려 시대의 문인 정지상이 서경을 배경으로 지은 작품이다. 서경 출신인 그는 묘청 등과 함께 수도를 서경으로 옮길 것을 주장하였다. '이 사건'이 일어난 시기를 연표에서 옳게 고른 것은? [키워드] 고려 사비 묘청 문학 사건 [Core Concept] 천도",False
,,,713,61,13,cj_v41_0678,정치,사건,고려,외교,정치,연대기의 파악,전후 시기 판단,최충헌,"(가) 최충헌 형제가 왕을 협박하여 창락궁에 유폐하고 태자 왕숙은 강화도로 유배 보냈다. (나) 유경이 최의를 죽인 뒤 왕에게 아뢰어 정방을 편전 옆에 두어 인사권을 장악하고, 국가의 주요 사무를 모두 결정하였다. (가), (나) 사이의 시기에 있었던 사실로 옳은 것은? [키워드] 최충헌 정방 강화 [Core Concept] 최충헌",False
,,,723,61,23,cj_v41_0686,사건,정치,조선,사건,사건,연대기의 파악,사건·자료 순서 배열,백성,"(가) 임금이 궐내에 있던 기름 먹인 장막을 허적이 벌써 가져갔음을 듣고 노하여 이르기를, ""궐내에서 쓰는 것을 마음대로 가져가는 것은 한명회도 못하던 짓이다.""라고 하였다. …… 임금이 허적의 당파가 많아 기세가 당당하다는 말을 듣고 그들을 제거하고자 결심하였다. (나) 비망기를 내려, ""국운이 안정되어 왕비가 복위하였으니, 백성에게 두 임금이 없는 것은 고금을 통한 의리이다. 장씨의 왕후 지위를 거두고 옛 작호인 희빈을 내려 주되, 세자가 조석으로 문안...",False
,,,761,62,11,cj_v41_0721,정치,제도,고려,정치,정치,역사 자료의 분석 및 해석,자료 기반 시대·대상 추론,여진족,"함길도 도절제사 김종서에게 전지하기를, “동북 지역의 경계는 공험진(公嶮鎭)으로 삼았다는 말이 전하여 온 지가 오래다. 그러나 정확하게 어느 곳에 있는지 알지 못한다. … 고려사에 이르기를, '윤관이 공험진에 비를 세워 경계를 삼았다.'고 하였다. 지금 듣건대 선춘점(先春岾)에 윤관이 세운 비가 있다 하는데, 공험진이 선춘점의 어느 쪽에 있는가. 그 비문을 사람을 시켜 찾아볼 수 있겠는가. 윤관이 (가) 을/를 쫓고 9성을 설치하였는데, 그 성이 지금 어느...",False
,,,805,63,5,cj_v41_0764,정치,문화,삼국 시대,사회,정치,역사 자료의 분석 및 해석,자료 기반 시대·대상 추론,가 통일신라,"촌락 문서 1 0 소장처: 일본 도다이사 쇼소인 0 소개 이 문서는 조세 수취와 노동력 동원에 활용할 목적으로 작성된 것이다. 여기에는 -의 5소경 중 하나인 서원경 부근 4개 ' 촌락의 인구 현황. 토지의 종류와 면적, 뽕나무와 잣나무 수. 소와 말의 수 등을 3년마다 조사한 내용이 상세히 기재되어 있다. 해외 소재 우리나라 문화유산 카드 (0 (가) 국가의 경제 상황으로 옳은 것은? [키워드] 서원 토지 수취 경제 조세 [Core Concept] 가 통일신라",False
,,,823,63,23,cj_v41_0780,사건,제도,조선,사건,사건,연대기의 파악,전후 시기 판단,이조전랑,"(가) 처음에 심의겸이 외척으로 권세를 부리니 당시 명망 있는 사람들이 섬겨 따랐다. 그런데 김효원이 전랑(銓郞)이 되어 그들을 배척하자 심의겸의 무리가 그를 미워하니, 점차 사림이 나뉘어 동인과 서인이라는 말이 나오게 되었다. (나) 기해년에 왕이 승하하자 재신 송시열이 사종(四種)의 설을 인용하여 ""대행 대왕은 왕대비에게 서자가 된다. 왕통을 이었으나 장자가 아닌 경우이니 기년복(朞年服)*을 입어야 마땅하다.""라고 하였다. 이에 대해 허목 등 신하들은 ...",False
,,,841,63,41,cj_v41_0798,인물,정치,현대,인물,인물,역사 자료의 분석 및 해석,자료 기반 시대·대상 추론,구성된 제헌국회에 대한 설명,이 우표는 우리나라 최초로 실시된 충선거를 기념하기 위해 발행되었다. 보동 직접 평등- 비일 선거 원칙에 따라 치른 이 선거를 통해 구성된 국회에서 활동한 의원의 임기는 2년이었습니다. '국회'에 대한 설명으로 옳지 않은 것은? [키워드] 활동 [Core Concept] 구성된 제헌국회에 대한 설명,False
,,,851,64,1,cj_v41_0806,사건,정치,선사 시대,사건,사건,역사 자료의 분석 및 해석,자료 기반 시대·대상 추론,현종,"화면 속 갈돌과 갈판, 빗살무늬 토기는 이 시대의 대표적인 유물로 알려져 있다. 농경과 정착 생활이 시작된 이 시대의 사람들은 토기릌 만들어 곡식을 저장하고 음식을 조리하기도 하였다. '이 시대'의 생활 모습으로 옳은 것은? [키워드] 빗살무늬토기 [Core Concept] 현종",False
,,,858,64,8,cj_v41_0812,정치,문화,삼국 시대,정치,정치,역사 자료의 분석 및 해석,자료 기반 시대·대상 추론,가 발해,"이 지도는 (가) 의 전성기 영역을 나타낸 것이다. 이 국가에서는 각지에서 말이 사육되었는데, 그중에서도 솔빈부의 말은 당에 수출될 정도로 유명하였다. 특히, 고구려 유민 출신으로 산둥 반도 지역을 장악하였던 이정기 세력에게 많은 말을 수출하였다. 0 (가) 1경^ 4 4 0 (가) 국가의 경제 상황으로 옳은 것은? [키워드] 고구려 경제 지도 [Core Concept] 가 발해",False
,,,873,64,23,cj_v41_0826,인물,정치,조선,인물,인물,역사 자료의 분석 및 해석,자료 기반 시대·대상 추론,중종,[역사 다큐멘터리 기획안] 回 기획 의도 00의 즉위와 집권 시기를 다큐멘터리로 제작하여 훈구와 사림의 대립 등 나라 안팎으로 혼란스러웠던 당시 상황을 살펴본다. 回 구성 내용 #1. 반정(反正)으로 연산군이 페위되고 00이/가 즉위하다 #2 삼포에서 왜인들이 난을 일으키다 (가) (가)에 들어갈 내용으로 가장 적절한 것은? [키워드] 연산군 즉위 [Core Concept] 중종,False
,,,884,64,34,cj_v41_0837,인물,사건,개항기,인물,인물,역사 자료의 분석 및 해석,시각 자료 해석,대한매일신보,경천사지 십층 석탑에 대한 일본인의 약탈 행위에 관해 보도한 (가) 기사를 읽어 보았는가? 내용을 접한 헐버트가 사건 현장을 방문하여 사진을 촬영하고 목격자 의견을 청취했다더군 (가) 신문에 대한 설명으로 옳은 것은? [키워드] 사건 [Core Concept] 대한매일신보,False
,,,892,64,42,cj_v41_0845,정치,사건,현대,정치,정치,연대기의 파악,전후 시기 판단,이승만,신문을 보니 며칠 전 정읍에서 이승만이 단독 정부 수립을 시사하는 발언을 했다네. 한국 독립당에서는 단독 정부 수립은 안 된다고 했다더군. 우리 미국은 신탁 통치에 반대하는 단체를 배제하자는 소련의 주장은 제1차 미소 공동 위원회 때와 같습니다. (가) 시기에 있었던 사실로 옳은 것은? [키워드] 이승만 한국 독립당 신탁통치 통치 [Core Concept] 이승만,False
,,,893,64,43,cj_v41_0846,사건,제도,남북국 시대,사건,사건,역사 자료의 분석 및 해석,자료 기반 시대·대상 추론,갑오개혁,"(가) 완산주를 다시 설치하고 용원을 총관으로 삼았다. 거열주를 빼서 청주(菁 州)를 두니 처음으로 9주가 되었다. 대아찬 복서를 총관으로 심았다. (나)현종견에 절도사를 폐지하고, 5도호와 75도 안무사를 두었으나, 얼마 후 안무시를 폐지하고, 4도호와 8목을 두었다. 그 이후로 5도-양계를 정하니, 양광 경상-전라-교주 서해 동계 북계가그것이다. (다각 도 각 고을의 이름을 고쳤다. --- 드디어 완산을 다시 '전주라고 칭하고, 계림을 다시 경주라고 칭...",False
,,,909,65,9,cj_v41_0861,인물,정치,남북국 시대,인물,인물,연대기의 파악,전후 시기 판단,말기,이 유물에는 민애왕을 추모6는 명문이 있다. 그는 혜공왕 피살 이후 왕위 쟁탈전이 치열했던 시기에 회강왕을 축출하고 왕이 되었으나. 다른 진골 세력에 의해 1년 만에 제거되었다. 전(傳) 대구 동화사 비로암 상충 석탑 납석사리호 '시기'에 볼 수 있는 모습으로 적절한 것은? [키워드] 혜공왕 사비 왕위 [Core Concept] 말기,False
,,,915,65,15,cj_v41_0867,제도,정치,고려,제도,제도,연대기의 파악,전후 시기 판단,시기가 고려 원 간섭기,기절의 친척 기삼만이 권세를 믿고 불법으로 남의 토지를 빼앗 았기에 정치도감에서 그를 잡아 장(것)을 치고 하옥하였는데 20여 일 만에 죽었다. ------ 그러자 정동행성 이문소에서 정치도감 관리들을 잡아 가두었다. 다음 상황이 나타난 시기에 볼 수 있는 모습으로 적절한 것은? [키워드] 토지 [Core Concept] 시기가 고려 원 간섭기,False
,,,921,65,21,cj_v41_0872,인물,사건,조선,인물,인물,역사 지식의 이해,기본 사실·개념 확인,단종의 폐위,"교지를 내려 이르기를, “전날 성삼문 등이 상왕(그)도 그 모의에 참여하였다고 인정하자, 백관들이 상왕도 종사(宗社)에 죄를 지었으니 편안히 도성에 거주하는 것은 미땅치 않다고 하였디. 상왕을 노산군(魯山君)으로 낮추고, 궁에서 내보내 영월에 거주 시 기도록 하라. ”라고 하였다. 다음 상황이 전개된 배경으로 옳은 것은? [키워드] 단종의 폐위 [Core Concept] 단종의 폐위",False
,,,928,65,28,cj_v41_0878,정치,문화,조선,사회,정치,연대기의 파악,전후 시기 판단,조선 후기의 사회적,범 나려온다수 범이 나려온다 송림 김은 골로 한김생이 내려온다 수 내가 준비한 것은 편소리 수궁가에서 호랑이가 내려오는 장면이야. 한글 소설과 함께 판소리는 이 시기에 유행했지. 판소리는 신재효에 의해서 체계적으로 정리되었다. '이 시기'에 볼 수 있는 모습으로 적절하지 않은 것은? [키워드] 조선 후기의 사회적 [Core Concept] 조선 후기의 사회적,False
,,,937,65,37,cj_v41_0887,정치,문화,개항기,정치,정치,역사 자료의 분석 및 해석,자료 기반 시대·대상 추론,중명전,답사 계획서 回 주제: 근대 역사의 현장을 찾아서 기간. 2023년 00월 00일1 10:00~16:00 경로. 기기창- 제중원 터 -박문국 터 -중명전 -수 원각사 터 (가) 기기창 경복궁 사직단 (마) 원각사 터 경회궁 덕수궁 (라》 중명전 숭례문 창경궁 (나) 저조 터 창덕궁 운현궁 종묘 청계천 (다) 박문국 터 (가)~(마)에 대한 설명으로 옳은 것은? [키워드] 중명전 경복궁 묘청 [Core Concept] 중명전,False
,,,939,65,39,cj_v41_0889,정치,제도,고려,정치,정치,역사 탐구의 설계 및 수행,탐구 주제·활동 선정,교육입국조서,"역사 돋보기 한국 교육의 역사 삼국 시대에는 ㉠국가가 운영하는 기관을 통해 제도적인 교육이 이루어졌다. 이때 교재는 유학 경전과 역사서가 중심이었다. 고려 시대에 와서 과거제가 실시되었다. 조상의 음덕을 입은 관직 진출도 있었지만, 과거에 합격하는 것을 영예롭게 여기기도 하였다. 이 과정에서 관학인 국자감 못지 않게 사학 역시 중요한 역할을 하였다. 조선 시대의 교육 기관은 ㉢관학으로 성균관·향교 등이 있었고, 사학으로 서원 등이 있었다. 국가는 교육을 통...",False
,,,949,65,49,cj_v41_0899,사건,문화,삼국 시대,사건,사건,역사 탐구의 설계 및 수행,탐구 주제·활동 선정,모두 전주 지역의 대표적인 유적지,"지도로 보는 우리 지역의 역사 1 '1즈心 ,띤 풍패지관 전라 감영 성황사 石0工 1872년에 제작된 우리 ,월 지역 지도의 일부이다. 조선 시대 전라도 일대를 총괄하는 전라 감영, 조선 왕실의 발상지라는 의미로 한(漢) 고조의 고사에서 ! - 이름을 딴 객사 풍패지관, 태조 이성계의 어진을 봉안하고 제사하는 경기전 후백제의 왕성으로 알려진 동고산성 안에 있는 성황사 “ 등이 표시되어 있다. 다음 지역에 대한 탐구 활동으로 적절한 것은? [키워드] 후백제 ...",False
,,,963,66,13,cj_v41_0912,인물,정치,고려,인물,인물,역사 자료의 분석 및 해석,자료 기반 시대·대상 추론,송문주,"강화중성은 (가)의 침략에 맞서 고려가 강화도로 천도한 이후 건립한 내성, 중성, 외성 중 하나이다. 강화중성은 당시 수도를 둘러싼 토성(土城)으로, 이번 발굴 조사에서 방어를 위해 성벽의 바깥에 돌출시킨 대규모 치성(雉城)이 확인되었다. 〈보기〉 ㄱ. 양규가 무로대에서 적군을 물리쳤다. ㄴ. 김윤후가 충주성 전투에서 활약하였다. ㄷ. 송문주가 죽주성에서 적군을 격퇴하였다. ㄹ. 윤관이 별무반을 이끌고 동북 9성을 쌓았다. (가)의 침입에 대한 고려의 대응...",False
,,,969,66,19,cj_v41_0917,제도,인물,조선,제도,제도,역사 자료의 분석 및 해석,자료 기반 시대·대상 추론,세종,"이전에 주조한 활자가 크고 고르지 않았다. 이에 왕께서 경자년에 다시 주조하셨다. 그리하여 그 모양이 작고 바르게 되었으니, 이것으로 인쇄하지 않은 책이 없었다. 이를 경자자라고 하였다. 갑인년에 다시 위선음쯛( ) 의 글자 모양을 본떠 갑인자를 주조하니, 경자자에 비하여 조금 크고 활자 모양이 매우 좋았다. '왕'의 업적으로 옳은 것은? [키워드] 업적 [Core Concept] 세종",False
,,,984,66,34,cj_v41_0931,사건,제도,개항기,사건,사건,역사 지식의 이해,기본 사실·개념 확인,광무개혁,"〈원수부 관제〉 대황제 폐하는 대원수로서 군기(軍機)를 총람하고 육해군을 통령하며, 황태자 전하는 원수로서 육해군을 일률적으로 통솔한다. 이에 원수부를 설치한다. 제1조 원수-부는 국방과 용병(用兵)과 군사에 관한 각 항의 명령을 관장하며 특별히 세운 권한을 가지고 군부와 다음 관제가 반포된 이후의 사실로 옳은 것은? [키워드] 원수부 군사 관제 [Core Concept] 광무개혁",False
,,,996,66,46,cj_v41_0943,문화,정치,현대,문화,문화,연대기의 파악,연표·흐름 빈칸,위기,정부는 최근 겪고 있는 금융·외환 시장의 어려움을 극복하기 위해 국제 통화 기금에 지원을 요청하기로 결정하였다. 유동성 부족 상태가 조속한 시일 안에 해결될 것으로 기대합니다. 정부는 국제 통화 기금과 참여국의 지원과 함께 원활한 외화 조달을 위한 다각적인 대책을 적극 추진해 나갈 계획이다. 다음 발표가 있었던 시기를 연표에서 옳게 고른 것은? [키워드] 위기 [Core Concept] 위기,False
,,,1008,67,8,cj_v41_0954,인물,사건,삼국 시대,인물,인물,역사 자료의 분석 및 해석,자료 기반 시대·대상 추론,(통일) 신라 하대의 왕위 쟁탈전,"이찬 김지정이 반역하여 무리를 모아 궁궐을 에워싸고 침범하였다. 여름 4월에 상대등 김양상이 이찬 경신과 함께 군사를 일으켜 김지정 등을 죽였으나, 왕과 왕비는 반란군에게 실해되었다. 양상 등이 왕의 시호를 혜공왕이라 하였다. - 삼국사기 다음 상황 이후에 전개된 사실로 옳은 것은? [키워드] 삼국사기 혜공왕 이이 반란 군사 [Core Concept] (통일) 신라 하대의 왕위 쟁탈전",False
,,,1029,67,29,cj_v41_0975,정치,사건,개항기,외교,정치,역사 자료의 분석 및 해석,자료 기반 시대·대상 추론,신미양요,이 척화비는 자연석에 비문을 새긴 것이 특징이다. 척화비는 제너럴 셔먼호 사건을 구실로 일어난 (가) 이후 전국 각지에 세워졌습니다. 이 를 통해 서양 세력과의 통상 수교를 거부한 역사의 한 장면을 엿볼 수 있다 (가) 사건에 대한 설명으로 옳은 것은? [키워드] 제너럴셔먼호 척화비 통상 수교 사건 [Core Concept] 신미양요,False
,,,1048,67,48,cj_v41_0994,정치,인물,조선,경제,정치,역사 자료의 분석 및 해석,보기 조합 판단,노비 해방사를 활용한 탐구 활동,〈보 기〉 기. (가) - 무신 집권기에 발생한 하층민의 봉기에 대해 알아본다. ㄴ. (나) - 호족의 경제적 기반을 약화시킨 제도를 살펴본다. ㄷ. (다) - 균역법이 시행되는 배경을 파악한다. 권. (라) - 삼정이정청이 설치된 계기를 조사한다. (가)~(라)를 활용한 탐구 활동으로 적절한 것을 ＜보기＞에 서 고른 것은? [키워드] 균역법 경제 봉기 활동 제도 [Core Concept] 노비 해방사를 활용한 탐구 활동,False
,,,1062,68,12,cj_v41_1008,정치,제도,고려,정치,정치,역사 자료의 분석 및 해석,자료 기반 시대·대상 추론,고려의 지방 통치 체제,"고지도와 항공 사진을 통해 본 혜음원지 개경으로 가 는 주요 길목인 혜음령에 세워졌던 혜음원에는 행인의 안전한 통행을 위한 숙소와 사원이 있었다 혜음원지를 통해 개경 외에 남경, 동경 등이 설치되었던 (가) 시대 원(院)*의 모습 을 유추할 수 있다 (가) 시대의 지방 통치 체제에 대한 설명으로 옳은 것은? [키워드] 통치 지도 [Core Concept] 고려의 지방 통치 체제",False
,,,1067,68,17,cj_v41_1013,정치,문화,고려,정치,정치,역사 자료의 분석 및 해석,자료 기반 시대·대상 추론,직지심체요절,2023년 프랑스 국립 도서관에서 열린 인쇄하다! 구텐베르크의 유럽전에서 (가)이/가 공개되었다 1973년 동양의 보물전 이후 50년 만에 대중에게 전시되었다는 점에서 의미가 있다 승려 백운이 편찬한 불서로 제자들이 1377년 청주 흥덕사에서 인쇄하였다. 현재 하권만 프랑스에 남아 있다 (가) 문화유산에 대한 설명으로 옳은 것은? [키워드] 직지심체요절 [Core Concept] 직지심체요절,False
,,,1072,68,22,cj_v41_1018,정치,인물,조선,정치,정치,역사 자료의 분석 및 해석,자료 기반 시대·대상 추론,조선 세종 대의 사실,"조선, 전국적인 규모의 여론 조사를 실시하다! 여론 조사를 통해 정책을 추진하려는 왕의 모습에서 민본의 의미를 생각해본다 #1. 왕은 관리와 백성을 대상으로 공법 시행에 대 한 전국적인 찬반 조사를 명하다 #2. 호조에서 찬성 98,657명, 반대 74,149명이라는 결과를 보고하다 #3. 여러 차례 보완을 거쳐 토지의 비옥도와 풍흉에 따라 조세를 차등 징수하는 내용의 공법을 확정하다 밑줄 그은 '왕'의 재위 기간에 있었던 사실로 옳은 것은? [키워드] 조...",False
,,,1076,68,26,cj_v41_1022,정치,인물,조선,정치,정치,연대기의 파악,연표·흐름 빈칸,기해예송(1차 예송),송준길이 아뢰었다. 적처(嫡妻) 소생이라도 둘째부 터는 서자이다. ······ 둘째 아들은 비록 왕통을 계승하였더라도 (그를 위해서는) 3년 복을 입어서는 안 됩니다 허목이 상소하였다. 장자를 위해 3년 복을 입는다는 것은 위로 쳐서 정체(正體)이기 때문이다. ······ 첫째 아들이 죽어서 적처 소생의 둘째를 세우는 것도 역시 장자라고 부릅니다 을 주장 한 것을 가리킨다 . 이를 통하여 주어진 자료는 인 조의 계비인 자의 대비(1624~ 의 복상 문제로 ...,False
,,,1090,68,40,cj_v41_1036,정치,사건,일제 강점기,군사,정치,역사 자료의 분석 및 해석,자료 기반 시대·대상 추론,북로 군정서군,(가) 훈련 교본 최해*가 직접 쓴 독립군 교본으로 강령·총칙·도수·집총 등의 내용이 실려 있다 최해는 1915년 신흥 강습소(신흥 무관 학교)를 졸업하였다. 그는 김좌 진이 지휘하는 (가)의 여단장이 되어 청산리 전투에 참가하였다 (가) 부대에 대한 설명으로 옳은 것은? [키워드] 신흥무관학교 청산리전투 독립군 김좌진 청산리 전투 [Core Concept] 북로 군정서군,False
,,,1094,68,44,cj_v41_1040,정치,사건,현대,정치,정치,역사 자료의 분석 및 해석,자료 기반 시대·대상 추론,4·19 혁명,이것은 1959년 이승만의 84세 생일을 기념하는 대통령 탄신 경축식 사진이다 이러한 행사는 1949년부터 진 행되었다. 이승만 대통령의 장기 독재는 3·15 부정 선거에 항거하며 일어난 (가)(으)로 결국 종말을 고했다 는 1960년 4월에 발생한 을 가리킴을 알 수 있다. 4·19 혁명은 이승만 정부를 몰락시키고 장면 내각*이 출범하는 배경이 되었다. *장면 내각: 허정 과도 정부의 주도하에 개정된 제3차 개헌에 따라 내각책임제 의 정부 형태로 출범한 ...,False
,,,1114,69,14,cj_v41_1059,정치,사건,고려,정치,정치,역사 자료의 분석 및 해석,자료 기반 시대·대상 추론,무신 집권기 하층민의 반란,남쪽에서 도적들이 봉기하였다. 가장 심한 자들은 운 문을 거점으로 한 김사미와 초전을 거점으로 한 효심이었다. 이들은 유랑민을 불러 모아 주현을 습격하여 노략질하였다 원율 사람인 이연년이 백적도원수라 자칭하며 많 은 사람을 불러 모아 여러 주군을 공격하여 노략질하니 최린이 지휘 사 김경손과 함께 그들을 격파하였다 백적(百賊)의 난 다음 자료를 활용한 탐구 활동으로 가장 적절한 것은? [키워드] 봉기 활동 [Core Concept] 무신 집권기 하층민의 반란,False
,,,1119,69,19,cj_v41_1064,정치,제도,조선,경제,정치,역사 자료의 분석 및 해석,자료 기반 시대·대상 추론,균역법,"양역의 편중이 실로 양민에게 큰 폐단이 되었다. 전하께서 이를 불쌍하게 여겨 2필의 역을 특별히 1필로 감하였으니, 이는 천지와 같은 큰 은덕이다. 그러나 이미 포를 감하였으니 마땅히 그 대신할 것을 보충해야 하나 나라의 재원은 한정되어 있다. 밑줄 그은 '대책'에 대한 탐구 활동으로 가장 적절한 것은? [키워드] 활동 [Core Concept] 균역법",False
,,,1150,69,50,cj_v41_1094,인물,정치,조선,인물,인물,역사 자료의 분석 및 해석,자료 기반 시대·대상 추론,김영삼 정부 시기의 사실,오늘 수방사령관과 특전사령관이 해임되었다 지난달 육군참모총장과 기무사령관이 교체된 이 후 불과 한 달여 만에 단행된 인사 조치이다. 군 내부의 사조 직을 해체하려는 문민정부의 의지가 반영된 것으로 보이다 를 숙청하기 시작 한 것은 김영삼 정부 출범 초인 1993년 3월의 일이다(김영삼 대 통령이 권영해 국방부 장관과 함께 숙청 주도). 이때 하나회 출 신인 김진영 육군참모총장과 서완수 기무사령관이 전격 보직 해 임되고 비하나회 출신이 임명되었다. 이후 4월...,False
,,,1153,70,3,cj_v41_1097,정치,사건,삼국 시대,외교,정치,역사 자료의 분석 및 해석,자료 기반 시대·대상 추론,나제 동맹 강화,"왕이 문주에게 일러 말하기를, “내가 어리석고 밝지 못하여 간사한 사람[도림]의 말을 믿어 이 지경이 되었다. …… 나는 마땅히 사직에서 죽겠지만, 네가 이곳에서 함께 죽는 것은 이로울 게 없다. 어찌 난을 피하여 나라의 계통을 잇지 않겠는가?”라고 하였다. …… 고구려의 대로 제우·재증걸루·고이만년 등이 북성을 공격하여 7일 만에 빼앗았다. 이동하여 남성을 공격하니 성 안 사람들이 두려워하였다. 왕이 성을 나와 도망하자, 고구려 장수 재증걸루 등이 왕을 ...",False
,,,1159,70,9,cj_v41_1103,인물,정치,삼국 시대,인물,인물,연대기의 파악,연표·흐름 빈칸,신라 원성왕 즉위,"각간 김경신이 해몽을 청하자 아찬 여삼은 “복두를 벗은 것은 위에 다른 사람이 없다는 뜻이요, 소립을 쓴 것은 면류관을 쓸 징조이며, 12현금(絃琴)을 든 것은 12대손까지 왕위를 전한다는 조짐이며, 천관사 우물로 들어간 것은 궁궐로 들어갈 상서로운 조짐이다.”라고 하였다. “위에 주원이 있는데 어찌 내가 왕위에 오를 수 있겠소?”라고 경신이 묻자, 아찬이 대답하기를 “청컨대 은밀히 북천신에게 제사 지내면 될 것이다.”라고 하여 이에 따랐다. 얼마 지나지 ...",False
,,,1160,70,10,cj_v41_1104,사건,정치,삼국 시대,사건,사건,역사 자료의 분석 및 해석,자료 기반 시대·대상 추론,고려의 후삼국 통일,"한국사 동영상 제작 계획안 다시 하나로, 민족의 재통일을 이루다 ◯ 학년 ◯ 반 ◯ 모둠 ▣ 제 작 의도 고려의 후삼국 통일 과정과 역사적 의의를 주요 인물과 관련된 사건의 발생 순서에 따라 살펴본다. ▣ 장면별 구성 내용 #1. 신숭겸, 공산 전투에서 전사하다 #2. 왕건, 고창 전투에서 후백제군을 물리치다 #3. 견훤, 금산사에서 탈출하여 고려에 귀순하다 #4. (가) #5. 왕건, 일리천에서 신검의 군대에 승리하다 (가)에 들어갈 내용으로 적절한 것은...",False
,,,1167,70,17,cj_v41_1111,정치,인물,조선,정치,정치,역사 자료의 분석 및 해석,자료 기반 시대·대상 추론,조선 태종(사건원 독립),"오늘 말씀해 주실 이 문서에는 두 차례에 걸친 왕자의 난으로 즉위한 삼공신회맹문에는 (가) 이/가 삼공신들과 함께 종묘사직 및 산천에 어떤 내용이 담겨 제를 올려 충의와 신의를 맹세한 내용이 기록되어 있나요? 있다. 삼공신은 개국공신, 제1차 왕자의 난에서 공을 세운 정사공신, 제2차 왕자의 난을 평정하는 데 도움을 준 좌명공신을 말합니다. 개국정사좌명삼공신회맹문 (가) 왕에 대한 설명으로 옳은 것은? [키워드] 즉위 [Core Concept] 조선 태종(...",False
,,,1169,70,19,cj_v41_1113,정치,인물,조선,정치,정치,역사 자료의 분석 및 해석,자료 기반 시대·대상 추론,조선 성종 대의 사실,며칠 전 전하께서 예문관에서 옛 집현전의 홍문관원들이 경연관을 직제를 분리하여 홍문관으로 이관하는 것을 겸 한 다 고 하 니 앞 으 로 명하셨다고 하네. 이제 홍문관이 옛 집현전의 경연이 더욱 활성화되겠군. 기능을 대신한다는 것이지. 밑줄 그은 ‘전하’의 재위 시기에 있었던 사실로 옳은 것은? [키워드] 집현전 홍문관 재위 서예 [Core Concept] 조선 성종 대의 사실,False
,,,1173,70,23,cj_v41_1117,정치,제도,조선,경제,정치,역사 자료의 분석 및 해석,보기 조합 판단,대동법,"이원익의 건의로 경기도에서 이번에 시행되는 제도는 지방의 특산물을 시행되는 수취 제도에 대해 징수하면서 나타난 방납의 폐단을 막아 설명해 주세요. 백성들의 부담을 줄여주기 위한 것이다. 공물을 현물 대신 토지의 결 수에 따라 쌀로 납부합니다. ㄱ. 선혜청에서 관련 업무를 담당하였다. ㄴ. 재정을 보충하기 위해 지주에게 결작을 부과하였다. ㄷ. 관청에 물품을 조달하는 공인이 등장하는 배경이 되었다. ㄹ. 어장세, 선박세 등이 국가 재정으로 귀속되는 결과를 가...",False
,,,1187,70,37,cj_v41_1130,사건,문화,고려,사건,사건,역사 자료의 분석 및 해석,자료 기반 시대·대상 추론,대종교,"지난 개천절을 기회로 하여 (가) 은/는 나철이 만주에서 독립운동을 계획했다는 이유로 단군 신앙을 기반으로 창시한 (가) 간부 7명이 동대문 종 교 인 데 , 민 족 의 식 을 고 취 할 경찰서에 체포되었다는 기사가 뿐만 아 니 라 독 립 운 동 도 전 개 실렸구나. 하고 있네요. (가) 종교에 대한 설명으로 옳은 것은? [키워드] 독립운동 단군 만주 종교 신앙 운동 [Core Concept] 대종교",False
,,,1192,70,42,cj_v41_1135,인물,사건,현대,인물,인물,연대기의 파악,연표·흐름 빈칸,"김구, 김규식의 통일 정부 수립 노력",친애하는 메논 박사 남북 지도자 회담에 관하여 귀하와 귀 위원단에게 우리의 의견과 각서를 이미 제출한 바이어니와 우리는 가급적 우리 양인의 명의로 남에서 이에 찬동하는 제 정당의 대표 회담을 소집하여 이미 제출한 바에 제1차 보조를 하겠습니다. 이 회의에서 남쪽이 대표를 선출하면 북쪽에 연락할 인원과 방법에 대한 것을 결정하겠습니다. 귀 위원단이 이에 대하여 원만하고 적극적인 협조를 직접 간접으로 하여 주시면 대단히 감사하겠으며 우리 양방의 노력으로 하여금...,False
,,,1218,71,18,cj_v41_1160,정치,문화,남북국 시대,사회,정치,역사 자료의 분석 및 해석,자료 기반 시대·대상 추론,경북 안동의 역사적 사실,"유네스코 세계유산을 품은 도시 (가) 에 여러분을 초대합니다. (가) 은/는 유네스코 세계유산, 무형문화유산, 세계기록유산 등을 보유한 유서 깊은 고장이다. 홍건적의 침입 당시 공민왕과 노국 공주가 피란했던 역사가 있는 곳이기도 합니다. 이곳에 오셔서 다양한 전통문화를 느껴 보시기 바랍니다. 추천 방문 장소 하회마을에서 하회별신굿탈놀이 도산서원 관람하기 봉정사 봉정사에서 우리나라에서 가장 오래된 목조 건물인 극락전 둘러보기 하회마을 도산서원에서 퇴계 이황의...",False
,,,1228,71,28,cj_v41_1170,인물,사건,조선,인물,인물,역사 자료의 분석 및 해석,자료 기반 시대·대상 추론,신미양요 이후의 사실,"3년 전 우리나라에서 전시한 맞아. 이 수자기는 그때 빼앗겼다가 어재연 장군의 수자기를 찍은 많은 노력 끝에 대여 형식으로 들어와 사진이야. 어재연 장군은 미군이 실물을 볼 수 있었지. 안타깝게도 지금은 강화도를 침략한 (가) 당시 미국으로 다시 돌아가 언제 돌아올 수 광성보에서 항전하였다. 있을지 모른다고 해. 오전 10:50 ◯◯◯님, 3년 전 올린 게시물에서 어떤 일이 있었는지 확인해 보세요. 3년 전 어재연 장군 수자기! 조선 군인의 결의가 느껴진다...",False
,,,1245,71,45,cj_v41_1187,인물,문화,선사 시대,인물,인물,역사 자료의 분석 및 해석,자료 기반 시대·대상 추론,충남 공주의 역사적 사실,"학생 여러분, 이번 시간에는 우리 고장의 유적과 기념물을 조사해서 발표하는 활동을 하겠습니다. 우리 고장은 금강 중류에 위치한 유서 깊은 도시이다. 남한에서 최초로 발굴된 구석기 유적이 있어 선사 시대부터 우리 고장에 사람이 살았던 것을 알 수 있다. 또한 삼국이 상호 경쟁하던 시기에는 백제의 수도로서 백제 중흥을 위한 노력이 전개되었던 곳으로 백제 고분을 통해 당시의 문화를 엿볼 수 있다. 고려 시대에는 최승로의 건의에 따라 설치된 12목 중의 하나였고,...",False
,,,1247,71,47,cj_v41_1189,정치,사건,현대,정치,정치,역사 자료의 분석 및 해석,자료 기반 시대·대상 추론,5·10 총선거,공보물로 본 우리나라 선거의 역사 밑줄 그은 ‘총선거’에 대한 설명으로 옳은 것은? [키워드] 5·10 총선거 [Core Concept] 5·10 총선거,False
,,,1252,72,2,cj_v41_1194,제도,인물,고조선,제도,제도,역사 자료의 분석 및 해석,자료 기반 시대·대상 추론,범금8조,"함께 성장하는 한국사 수업 한 무제의 침략에 맞서 싸운 이 나라에 대해 조사한 내용을 올려주세요. 정치 경제 사회 왕 아래에 상, 대부, 중국과 한반도 남부의 사회 질서를 유지하기 장군 등의 관직을 진국 사이에서 위한 범금 8조가 두었어요. 중계 무역을 하였다요. 있었다요. 밑줄 그은 ‘이 나라’에 대한 탐구 활동으로 가장 적절한 것은? [키워드] 범금8조 중계무역 한무제 무역 경제 사회 활동 장군 관직 [Core Concept] 범금8조",False
,,,1268,72,18,cj_v41_1210,정치,인물,조선,정치,정치,역사 자료의 분석 및 해석,자료 기반 시대·대상 추론,정도전,"자네 들었는가? 임금께서 민무구, 나도 들었네. 중전마마의 민무질에게 자결을 명하셨다더군. 몇 해 동생으로 임금께서 정도전을 전 어린 세자를 이용해 권세를 잡으려 숙청할 때 공을 세웠던 사람들 했다는 죄로 귀양을 보내셨었지. 이었지. 밑줄 그은 ‘임금’에 대한 설명으로 옳은 것은? [키워드] 정도전 [Core Concept] 정도전",False
,,,1269,72,19,cj_v41_1211,정치,문화,조선,정치,정치,역사 자료의 분석 및 해석,자료 기반 시대·대상 추론,훈민정음,"도로명으로 보는 역사 : 만리재로 이 도로명은 만리재에서 유래한 것이다. 만리재로 만리재는 조선의 문신 최만리가 살았다고 하여 Manrijae-ro 붙여진 지명이다. 세자의 스승이기도 하였던 최만리는 세종이 학문 연구, 편찬 사업 등을 수행하도록 설치한 (가) 의 부제학으로 활약하였다. 그러나 훈민정음 창제를 반대하는 상소를 올려 세종과 갈등을 빚기도 하였다. (가) 기구에 대한 설명으로 옳은 것은? [키워드] 훈민정음 조선 세종 여진 [Core Conce...",False
,,,1270,72,20,cj_v41_1212,정치,인물,조선,정치,정치,역사 자료의 분석 및 해석,자료 기반 시대·대상 추론,재위,"전하께서 성군을 이으셨으니, 예악(禮樂)으로 태평 시절을 일으키실 때가 바로 지금이다. 장악원 소장의 의궤와 악보가 오랜 세월이 지나서 끊어지고 문드러졌다. 다행히 보존된 것 역시 모두 엉성하고 오류가 있으며 빠진 것이 많다. 이에 성현 등에게 명하여 다시 교정하게 하였다. 책이 완성되자 악학궤범이라고 이름 지었다. 밑줄 그은 ‘전하’의 재위 기간에 있었던 사실로 옳은 것은? [키워드] 재위 [Core Concept] 재위",False
,,,1307,73,7,cj_v41_1246,정치,인물,남북국 시대,정치,정치,역사 자료의 분석 및 해석,자료 기반 시대·대상 추론,진성여왕,"이것은 보령 성주사지 대낭혜화상탑비로, 진성여왕의 명을 받아 최치원이 비문을 작성했다. 혜공왕 피살 이후 왕위 쟁탈전이 치열했던 시기에 당에서 수행하고 돌아와 9산 선문 중 하나인 성주산문을 개창한 낭혜화상의 행적이 기록되어 있다. 1 1 4 밑줄 그은 '시기'에 있었던 사실로 옳은 것은? [키워드] 진성여왕 혜공왕 왕위 [Core Concept] 진성여왕",False
,,,1312,73,12,cj_v41_1251,정치,제도,고려,경제,정치,역사 자료의 분석 및 해석,자료 기반 시대·대상 추론,경제,"무릇 장마• 가뭄• 병충해 • 서리 피해로 작황이 부실한 경작지를 촌전(村典)*이 수령에게 보고하면 수령이 직접 검사하여 호부에 신고 하고, 호부에서는 다시 삼사에 보낸다. 삼사에서는 넘겨받은 문서를 조사한 뒤에 다시 그 지역 안찰사로 하여금 따로 사람을 보내 자세히 살펴 조사하게 하여 재해로 피해를 입었다면 조세를 감면한다. *촌전: 촌의 대표 다음 상황이 나타난 국가의 경제 모습으로 옳은 것은? [키워드] 경제 조세 [Core Concept] 경제",False
,,,1313,73,13,cj_v41_1252,정치,인물,고려,정치,정치,역사 자료의 분석 및 해석,자료 기반 시대·대상 추론,삼국사기,원문 이미지 시기 2년 5년 7년 23년 내 용 이자겸의 셋째 딸을 왕비로 맞아들이다 척준경과 그 일당을 유배 보내다 금에 충성을 맹세하는 표문을 올리다 김부식이 삼국사기를 편친해 바치다 다음 검색창에 들어갈 왕의 재위 시기에 있었던 사실로 옳 은 것은? [키워드] 삼국사기 이자겸 재위 [Core Concept] 삼국사기,False
,,,1319,73,19,cj_v41_1257,정치,문화,고려,정치,정치,역사 자료의 분석 및 해석,자료 기반 시대·대상 추론,직지심체요절,X 국가유산 디지털 서비스 弓 기록 유산 유네스코 등재유산 한국의 세계 기록 유산 한국의 세계 기록 유산(18건) (가) 조선왕조실록 (나) 직지심체요절 (다) 조선왕조의궤 (라) 동의보감 (마) 일성록 (가)~(마)에 대한 설명으로 옳지 않은 것은? [키워드] 직지심체요절 동의보감 조선 [Core Concept] 직지심체요절,False
,,,1338,73,38,cj_v41_1274,정치,사건,조선,사회,정치,역사 자료의 분석 및 해석,자료 기반 시대·대상 추론,소년 운동,"한 나라 한 사회나 한 집안의 장래를 맡은 사람은 누구인가. 곧 그 집안이나 그 사회나 그 나라의 아들과 손자일 것이다. (가 은/는 어린이를 위한 부모의 도움이 두터워지기를 바라는 마음에서 5월 1일 오늘을 기회로 삼아 '어린이의 날'이라고 이름하고, 소년 회원이 거리마다 늘어서서 “항상 10년 후의 조선을 생각하십시오.”라고 쓴 인쇄물을 배포하며 취지를 선전했다. 이러한 일은 조선 소년 운동의 처음이며, 다른 사회에서도 많이 응원하여 노력하기를 바란다....",False
,,,1370,74,20,cj_v41_1306,정치,인물,조선,정치,정치,역사 자료의 분석 및 해석,자료 기반 시대·대상 추론,조선 세조 대의 사실,"이 그림은 무관 오자치를 그린 것으로, 현존하는 무관 초상화 중에 서 가장 이른 시기의 작품이다 오자치 는 (가)이/가 호패법을 재실시하는 등 지방 세력 통제를 강화하자, 이에 반발하며 함길도에서 이시애가 일으킨 난을 평정한 공으로 적 개공신에 책봉되었다 (가) 왕의 재위 시기에 있었던 사실로 옳은 것은? [키워드] 재위 그림 강화 책봉 [Core Concept] 조선 세조 대의 사실",False
,,,1388,74,38,cj_v41_1324,정치,인물,일제 강점기,정치,정치,역사 자료의 분석 및 해석,자료 기반 시대·대상 추론,의열단,라는 제목 아래 라 는 질문에 는 대답이 나와 있다. 이어 A. 김원봉이 조직한 이 단체의 일원으로 일제에 항거하기 위해 고서상으로 위장하여 부산 경찰서에 들어가 폭탄을 터뜨렸습니다 밑줄 그은 '이 단체'에 대한 설명으로 옳은 것은? [키워드] 김원봉 일제 [Core Concept] 의열단,False
,,,1392,74,42,cj_v41_1328,정치,인물,조선,정치,정치,역사 자료의 분석 및 해석,자료 기반 시대·대상 추론,한국 독립군,이름에 조국의 광복을 담다 오광선(1896~ / 경기도 용인특례시 처인구 원삼면 출생으로 본명은 성묵이다. 1915년 중국으로 망명한 후 조선의 광복이라는 뜻의 광선(光鮮) 으로 개명하였다 1920년 대한독립군 단 중대장으로 독립군을 지휘하였다. 만주 사변이 일어나자 (가) 의 총사령관 지청천 등과 함께 중국군과 연합하여 1933년 대전 자령에서 일본군을 상대로 대승을 거두는 데 중요한 역할을 하였다. 1962년 건국훈장 독립장을 받았다 (가) 부대에 대한...,False
,,,1396,74,46,cj_v41_1332,정치,사건,현대,정치,정치,역사 자료의 분석 및 해석,자료 기반 시대·대상 추론,4∙19 혁명,"이것은 2·28 민주 운동을 기념하는 탑이다. 이 운동은 이승만 독재 정권 이 선거를 앞두고 야당 부통령 후보 연설에 참석하는 것을 막기 위해 일요일 등교 조치를 내리자, 이에 반발한 대구 지역의 고등학생들이 시위에 나서며 시작되었다 (가)에 들어갈 민주화 운동에 대한 설명으로 옳은 것은? [키워드] 이승만 정권 운동 [Core Concept] 4∙19 혁명",False
,,,1402,75,2,cj_v41_1338,인물,사건,고조선,인물,인물,연대기의 파악,전후 시기 판단,위만 조선의 성립,"(가) 진승과 항우가 군사를 일으켜 천하가 혼란해지자, 연(燕)·제(齊)· 조(趙)의 백성이 괴로움을 견디다 못해 점차 준왕에게 망명해 왔다. 준왕은 이들을 서쪽 지역에 거주하게 하였다. (나) 좌장군이 패수상군을 격파하고 왕검성에 이르러 그 성의 서북 방면을 포위하였다. 누선장군도 좌장군과 합세하여 성의 남쪽에 주둔하였다. 우거왕이 끝까지 성을 굳게 지키니, 수개월이 지나도 함락시킬 수 없었다. (가), (나) 사이의 시기에 있었던 사실로 옳은 것은? [...",False
,,,1424,75,24,cj_v41_1360,정치,인물,조선,정치,정치,역사 자료의 분석 및 해석,자료 기반 시대·대상 추론,조선 영조(탕평비),"이 책은 이인좌의 난을 평정한 직후 (가) 의 명으로 송인명 등이 난의 진행 과정과 원인에 대해 여러 자료를 참고해서 편찬한 것이다. 어제(御製) 서문에는 이인좌의 난이 일어난 원인을 붕당에서 찾고 있으며, 이와 같은 변란의 재발을 막기 위하여 이 책을 편찬한다고 명시되어 있다. (가) 왕에 대한 설명으로 옳은 것은? [키워드] 이인좌의 난 붕당 [Core Concept] 조선 영조(탕평비)",False
,,,1427,75,27,cj_v41_1363,정치,인물,조선,정치,정치,역사 자료의 분석 및 해석,자료 기반 시대·대상 추론,조선 순조 대의 사실,이 그림은 세도 정치의 주요 인물이자 (가) 의 장인인 김조순의 별저 옥호정과 그 일대를 그린 옥호정도이다. 삼청동 북악산 백련봉 일대에 위치한 별저의 모습을 통해 당시 세도가였던 안동 김씨의 위세를 짐작할 수 있다. (가) 왕의 재위 시기에 있었던 사실로 옳은 것은? [키워드] 안동 김씨 세도정치 재위 그림 인물 [Core Concept] 조선 순조 대의 사실,False
,,,1445,75,45,cj_v41_1381,정치,사건,현대,정치,정치,역사 자료의 분석 및 해석,자료 기반 시대·대상 추론,‘삼천만 동포에게 읍고함’ 발표 이후의 사실,"지금 이때 나의 단일한 염원은 3천만 동포와 손을 잡고 통일된 조국, 독립된 조국의 달성을 위하여 공동 분투하는 것뿐이다. 이 육신을 조국이 요구한다면 당장에라도 제단에 바치겠다. 나는 통일된 조국을 건설하려다가 38선을 베고 쓰러질지언정 일신에 구차한 안일을 취하여 단독 정부를 세우는 데는 협력하지 아니 하겠다. 나는 내 생전에 38선 이북에 가고 싶다. 그쪽 동포들도 제 집을 찾아가는 것을 보고서 죽고 싶다. 궂은 날을 당할 때마다 38선을 싸고 도는 ...",False
,,,1446,75,46,cj_v41_1382,인물,정치,현대,인물,인물,역사 자료의 분석 및 해석,자료 기반 시대·대상 추론,이승만 정부 시기의 사실,이 사진은 6·25 전쟁 중 부산 임시 국회에서 개헌안을 표결하는 장면이다. 정부는 부산 일대에 계엄을 선포하고 야당 의원들이 탄 통근 버스를 강제로 연행하는 등 공포 분위기를 조성하였다. 개헌안은 군인과 경찰이 국회 의사당을 완전히 포위한 상태에서 토론 없이 기립 표결로 통과되었다. 밑줄 그은 ‘정부’ 시기에 있었던 사실로 옳은 것은? [키워드] 6·25전쟁 6·25 전쟁 [Core Concept] 이승만 정부 시기의 사실,False
,,,1458,76,8,cj_v41_1393,정치,문화,삼국 시대,정치,정치,역사 자료의 분석 및 해석,자료 기반 시대·대상 추론,신라,"#51. 서재 안 최치원이 책상 앞에 앉아 표문을 쓰고 있다. 화면이 표문을 비추며 최치원의 목소리로 내레이션이 흐른다. 내레이션: 지난날 (가) 의 왕자 대봉예가 자신들의 자리를 신라 위에 있게 해 달라고 청하였다. 황제 폐하께서 ‘나라의 순서는 원래 강약에 따라 정하는 것이 아니다.’라는 조칙을 내려 순서를 바로잡아 주셨습니다. 이에 오래된 신하가 소외 되는 근심은 덜었으나, 앞으로 같은 일이 생길까 우려됩니다. (가) 국가에 대한 설명으로 옳은 것은?...",False
,,,1464,76,14,cj_v41_1399,정치,사건,고려,정치,정치,연대기의 파악,사건·자료 순서 배열,이자겸,"(가) 이자겸과 척준경이 군사를 동원하여 궁궐을 침범하고 불태웠다. 왕을 위협하여 남궁(南宮)으로 거처를 옮기게 하고, 안보린· 최탁 등 17인을 죽였다. 이외에도 죽인 군사가 헤아릴 수 없을 정도였다. (나) 왕 규가 광주원군을 [왕으로] 세우고자 하였는데, 일찍이 밤에 왕이 깊이 잠든 것을 엿보고 자신의 일당을 침소에 잠입시켜 대역죄를 행하려고 하였다. 왕이 그것을 알아차리고 한주먹으로 쳐 죽인 후 좌우 시종들에게 끌어내게 하였다. (다) 강조의 군사들...",False
,,,1480,76,30,cj_v41_1413,사건,문화,남북국 시대,사건,사건,역사 자료의 분석 및 해석,자료 기반 시대·대상 추론,의상,이 장정이 맺어진 청 상인이 양화진과 조선의 상권을 이후 나타난 변화에 한성에 점포를 열 수 둘러싸고 청과 일본 대해 말해보자. 있게 되었다. 상인의 경쟁이 치열해졌지. 밑줄 그은 ‘이 장정’에 대한 설명으로 옳은 것은? [키워드] 의상 조선 [Core Concept] 의상,False
,,,1493,76,43,cj_v41_1426,정치,문화,일제 강점기,정치,정치,역사 자료의 분석 및 해석,자료 기반 시대·대상 추론,일제강점기,"일제 강점기, 새로운 문화와 일상 우리 도서관에서는 일제 강점기 새로운 문화의 유입과 일상생활의 변화를 주제로 강의를 준비하였다. 많은 관심과 참여 바랍니다. ● 일시: 2025. ◯ ◯. ◯ ◯. 13 : 00 ~ 17 : 00 ● 장소: △△ 도서관 다목적실 ◈ 강의 주제 ◈ [제1강] 백화점, 자본주의적 소비 문화의 공간 [제2강] 끽 다점, 도시 사교 문화의 확산 [제3강] (가) [제4강] 문 화 주택, 새로운 주택 양식의 수용 (가)에 들어갈 주...",False
,,,1498,76,48,cj_v41_1431,문화,정치,현대,문화,문화,역사 자료의 분석 및 해석,자료 기반 시대·대상 추론,경제,이것은 서울에 최초로 설정된 개발 제한 구역을 표시한 지도 이다. 경부 고속 국도를 준공하는 등 경제 발전에 힘쓰던 당시 정부는 도시의 무질서한 확산을 방지하고 도시 주변의 자연환경을 보전하기 위해 처음으로 개발 제한 구역을 설정하였다. 밑줄 그은 ‘정부’ 시기에 볼 수 있는 모습으로 가장 적절한 것은? [키워드] 경제 지도 [Core Concept] 경제,False
,,,1505,77,5,cj_v41_1437,정치,인물,삼국 시대,정치,정치,역사 자료의 분석 및 해석,자료 기반 시대·대상 추론,고구려,"내일 우리 모둠이 발표할 왕에 대해 조사한 내용을 말해줘. 백가의 난을 평정하고 왕권을 강화하였다. 중국 남조의 양에 고구려를 여러 차례 격파하고 다시 강국이 되었다는 내용의 국서를 보냈어. 1971년에 발굴된 이 왕의 무덤에서 왕과 왕비의 지석, 그리고 석수 등이 출토되었다. 다음 대화에 나타난 왕에 대한 설명으로 옳은 것은? [키워드] 고구려 왕권 강화 [Core Concept] 고구려",False
,,,1520,77,20,cj_v41_1451,정치,인물,조선,정치,정치,역사 자료의 분석 및 해석,자료 기반 시대·대상 추론,훈민정음,"이달의 책 대불정수능엄경(언해) 이 책은 중국 승려 계환(戒環)의 대불정수능엄경요해에 (가) 이/가 훈민정음으로 구결을 달고 한계희, 김수온 등이 번역하여 편찬한 것이다. 현재 활자본과 목판본이 전하는데, 그중 목판본은 (가) 이/가 만든 간경도감에서 간행한 최초의 불경 언해서이다. 이는 이후 만들어지는 언해서 편찬 체계의 본보기가 된다는 점에서 의미가 있다. (가) 왕의 재위 시기에 있었던 사실로 옳은 것은? [키워드] 훈민정음 재위 [Core Conce...",False
,,,1526,77,26,cj_v41_1457,제도,인물,조선,제도,제도,역사 자료의 분석 및 해석,자료 기반 시대·대상 추론,수원 화성,"□□ 신문 제△△호 2025년 ◯◯월 ◯◯일 북학의 친필 고본(稿本), 보물로 지정 수원 화성 박물관에 소장된 (가) 고본 북학의가 보물로 지정되었다. 북학의는 (가) 이/가 청의 연경에 다녀온 후 국가 제도와 정책 등 여러 분야에 대한 개혁의 필요성과 함께 실천 방안을 제시한 책이다. 이번에 보물로 지정된 북학의는 저자가 원고를 직접 쓰고 엮었다는 점, 박지원의 친필 서문이 함께 남아 있다는 점에서 그 가치를 인정받았다. (가) 인물에 대한 설명으로 옳은...",False
,,,1529,77,29,cj_v41_1460,문화,사건,일제 강점기,사상·종교,문화,역사 자료의 분석 및 해석,자료 기반 시대·대상 추론,일제,"적들이 성벽 아래에 당도하였다. 우리 군사들이 일제히 총을 쏘니, 그 소리가 천지를 진동하고 탄환이 빗발치듯 쏟아졌다. 적들은 우리의 매복을 전혀 예상치 못하다가, 갑자기 쏟아지는 탄환에 맞아 쓰러지는 자가 속출하였다. 적들은 더 이상 버티지 못하고 무너져 흩어졌다. 양헌수는 즉시 순무영에 승전보를 띄워 보냈다. “오늘 적병이 정족산성을 침범하였으나 우리 군사가 일제히 사격하여 물리쳤습니다. 적들은 사상자를 이끌고 도주하였다.” 다음 자료에 나타난 사건의 ...",False
,,,1531,77,31,cj_v41_1462,정치,사건,조선,외교,정치,역사 자료의 분석 및 해석,자료 기반 시대·대상 추론,조선,"이 사진은 퍼시벌 로웰이 찍은 묄렌도르프의 집이다. 본래 선혜청 당상 민겸호의 집이었으나, 그가 (가) 때 피살되자 고종이 묄렌도르프에게 하사한 것이다. (가) 을/를 진압한 청의 추천을 받아 조선의 외교 고문으로 부임한 묄렌도르프는 이 집을 서양식으로 개축하여 사용하였다. (가) 사건에 대한 설명으로 옳은 것은? [키워드] 조선 고종 외교 사건 [Core Concept] 조선",False
,,,1553,78,3,cj_v41_1484,정치,문화,초기 국가,정치,정치,역사 자료의 분석 및 해석,자료 기반 시대·대상 추론,영고,"(가) 해마다 5월이면 씨뿌리기를 마치고 귀신에게 제시를 지낸다. 떼를 지어 모여서 노래와 춤을 즐기며 술 마시고 노는 것을 밤낮으로 쉬지 않는다. … 귀신을 믿기 때문에 국음에 각각 한 사람씩을 세워서 천신에 대한 제시를 주관하니, 이를 천군이라 - 삼국지 위서 동이전 - (나)은력(殷曆) 정월에 하늘에 제사를 지내는 국중대회에서는 날마다 마시고 먹고 노래하고 춤추는데, 이를 영고라 한다. 이때에는 형옥(刑獄)을 중단하고 죄수를 풀어 준다. - 삼국지 위...",False
,,,1561,78,11,cj_v41_1491,정치,인물,고려,정치,정치,역사 자료의 분석 및 해석,자료 기반 시대·대상 추론,고려,"삼국 이전에는 아직 과거(科擧)의 법이 없었고, 고려의 태조L 먼저 학교를 세웠으나 과거로 인재를 뽑기에는 겨를이 없었다. ~이/가 쌍기의 의견을 받아들여 과거로써 관리를 선발하였다. 이로부터 문풍(文風)이 비로소 일어났다. 과거에는 제술• 명경 두 업(業)과 의업 •복업 •지리업 •율업 등의 잡업이 있었다. (가) 왕에 대한 설명으로 옳은 것은? 3 [키워드] 고려 태조 쌍기 [Core Concept] 고려",False
,,,1568,78,18,cj_v41_1497,정치,인물,고려,정치,정치,역사 자료의 분석 및 해석,자료 기반 시대·대상 추론,이의방,"주제: 인물로 본 문벌 사회의 동요 방법: 문헌 조사, 데이터베이스 활용 탐구 내용 인물명 인물 소개 인종과 중첩된 혼인 관계를 (가) 맺어 권력을 강화한 외척 풍수지리설을 내세워 천도를 (나) 주장한 승려 이의방을 제거하고 최고 入H入曰 o石丁 권력자에 등극한 무신 0학년 0반 이름: 학생 관련 사건 척준경과 함께 난을 일으尹 I고, 왕의 거처를 남궁으로 옮김. 서경에서 반란을 일으켜 연호를 천개로 하는 대위국을 선포함. 보현원에서 정변을 주도하고 왕을 ...",False
,,,1569,78,19,cj_v41_1498,정치,인물,초기 국가,정치,정치,역사 자료의 분석 및 해석,자료 기반 시대·대상 추론,진한,"이곳은 영주시 순흥면에 있는 금성대군 신단이다. 금성대군은 사육신과 함께 (가)의 복위를 추진한 혐의로 순흥에 유배되었고, 이듬해 다시 지역 유생과 (가)의 복위를 모의하다가 발각되어 죽임을 당하였다. (가) 왕의 재위 시기에 있었던 사실로 옳은 것은? [키워드] 진한 재위 [Core Concept] 진한",False
,,,1583,78,33,cj_v41_1511,정치,사건,개항기,군사,정치,역사 자료의 분석 및 해석,자료 기반 시대·대상 추론,병력,"이인영이 3진(陣)의 장수로서 전국에 격문을 띄워 의병을 모집하였다. … 허위와 이강년의 부대를 포함하여 총 48개 진, 약 1만 명에 달하는 병력을 갖추게 되었다. 이에 허위를 군사장 으로 삼고 … 서울에 들어가고자 하였다. 다음 상황의 배경으로 가장 적절한 것은? [키워드] 병력 군사 [Core Concept] 병력",False
,,,1598,78,48,cj_v41_1526,인물,제도,현대,인물,인물,역사 자료의 분석 및 해석,자료 기반 시대·대상 추론,공적,"대통령이 개헌은 불가능하다며 현행 헌법에 따라 정부를 이양 하겠다고 발표하였군. 평화적인 정부 이양과 서울 올림픽 대회의 성공적 개최를 명분으로 내세웠지만, 결국 시민들의 기대를 외면한 것 같네. 밑줄 그은 '현행 헌법과 대한 설명으로 옳은 것은? [키워드] 공적 [Core Concept] 공적",False
